date,incumbent,solver_status,solver_message,objective,best_bound,mip_gap,node_count,runtime_seconds,q_plan,cost_plan,emergency_energy,cost_em,cost_total,emergency_periods,emergency_segments,charge_total,discharge_total,curtail_plan_total,curtail_act_total,E_0,E_144,gates_all_pass
2025-02-01,True,0,Optimization terminated successfully. (HiGHS Status 7: Optimal),20623.88166965426,20623.881669654256,1.763964158330385e-16,1.0,0.14053919999787468,38221.338517078184,20623.881669654256,3963.5746610000033,18058.790759424683,38682.67242907894,34,2,18010.937867078188,14588.859672333332,256.08563899999626,4384.659049999999,6000.0,6000.0,True
2025-02-02,True,0,Optimization terminated successfully. (HiGHS Status 7: Optimal),52473.598915823146,52473.598915823146,0.0,1.0,0.06595709999965038,84399.82723045268,52473.598915823146,2576.368666666666,12421.47890728333,64895.077823106476,28,7,24217.18989711934,19615.923816666662,0.0,4018.6518666666675,6000.0,6000.0,True
2025-02-03,True,0,Optimization terminated successfully. (HiGHS Status 7: Optimal),55026.69350105999,55026.69350106,0.0,1.0,0.08775219999733963,88036.56763333332,55026.69350106,2007.264149999999,9403.640538941663,64430.33404000166,19,4,24833.333333333332,20115.0,0.0,5108.58195,6000.0,6000.0,True
2025-02-04,True,0,Optimization terminated successfully. (HiGHS Status 7: Optimal),56045.49893456833,56045.49893456833,0.0,1.0,0.03207739999925252,89295.94271666666,56045.49893456833,2510.8321833333325,11580.941265499996,67626.44020006832,26,5,25666.666666666664,20790.0,0.0,5735.244283333333,6000.0,6000.0,True
2025-02-05,True,0,Optimization terminated successfully. (HiGHS Status 7: Optimal),52740.988818328595,52740.988818328595,0.0,1.0,0.08711989999937941,84644.98419864608,52740.988818328595,4134.430716666668,17377.498426066668,70118.48724439526,39,2,24580.52350164609,19910.224036333333,0.0,3360.688466666667,6000.0,6000.0,True
2025-02-06,True,0,Optimization terminated successfully. (HiGHS Status 7: Optimal),56810.75382177823,56810.75382177823,0.0,1.0,0.092479099999764,90656.13744897119,56810.75382177823,2278.973383333333,10993.604933608332,67804.35875538657,23,5,25529.763415637863,20679.108366666667,0.0,7813.398566666666,6000.0,6000.0,True
2025-02-07,True,0,Optimization terminated successfully. (HiGHS Status 7: Optimal),21144.12139582062,21144.12139582062,0.0,1.0,0.09731409999949392,39553.82654218107,21144.12139582062,2613.041966666666,12311.30095943333,33455.42235525395,27,5,18341.371625514406,14856.511016666664,0.0,6876.328233333333,6000.0,6000.0,True
2025-02-08,True,0,Optimization terminated successfully. (HiGHS Status 7: Optimal),18787.698275624687,18787.698275624687,0.0,1.0,0.1780789000004006,35425.13346152263,18787.698275624687,2875.1766833333368,11159.856123183345,29947.55439880803,37,9,17157.240411522635,13897.364733333334,4212.634566666663,3463.271749999998,6000.0,6000.0,True
2025-02-09,True,0,Optimization terminated successfully. (HiGHS Status 7: Optimal),53829.00157651147,53829.00157651148,0.0,1.0,0.05789809999987483,85970.8027563786,53829.00157651147,1594.3492166666663,6664.394069333332,60493.39564584481,28,9,24549.9441563786,19885.454766666666,0.0,3345.2466166666663,6000.0,6000.0,True
2025-02-10,True,0,Optimization terminated successfully. (HiGHS Status 7: Optimal),50509.656432157215,50509.656432157215,0.0,1.0,0.08056949999809149,81685.42790679011,50509.65643215722,1878.1984000000002,8609.294238474999,59118.95067063222,19,5,24055.076790123454,19484.612199999996,0.0,4666.524133333332,6000.0,6000.0,True
2025-02-11,True,0,Optimization terminated successfully. (HiGHS Status 7: Optimal),51584.16103331915,51584.16103331915,0.0,1.0,0.0631299000015133,82770.11567773044,51584.16103331915,4084.752366666666,18224.444938774992,69808.60597209414,36,1,25072.09505823045,20308.396997166667,0.0,6870.572849999999,6000.0,6000.0,True
2025-02-12,True,0,Optimization terminated successfully. (HiGHS Status 7: Optimal),51594.48331079017,51594.48331079017,0.0,1.0,0.0556585999984236,82719.79079287447,51594.48331079017,1825.8661666666665,8624.711979666665,60219.19529045684,20,6,24707.775313374485,20013.29800383333,0.0,4584.443516666665,6000.0,6000.0,True
2025-02-13,True,0,Optimization terminated successfully. (HiGHS Status 7: Optimal),47298.60311036335,47298.60311036335,0.0,1.0,0.0663803999996162,77352.8109393004,47298.60311036335,2253.243933333333,10686.983196291667,57985.586306655016,24,8,22918.85485596707,18564.272433333328,0.0,3921.9934333333326,6000.0,6000.0,True
2025-02-14,True,0,Optimization terminated successfully. (HiGHS Status 7: Optimal),18580.44027698846,18580.44027698846,0.0,1.0,0.15481570000338252,35053.60619650205,18580.440276988455,2145.6427109053498,8506.124542111214,27086.56481909967,32,9,17188.58074074074,13922.750399999997,1621.4665057613142,4131.616749999997,6000.0,6000.0,True
2025-02-15,True,0,Optimization terminated successfully. (HiGHS Status 7: Optimal),19071.478976185514,19071.478976185514,0.0,1.0,0.12054120000175317,35272.93437139918,19071.478976185514,2883.532133333334,13341.472953008333,32412.95192919385,25,2,16066.773621399178,13014.086633333334,398.86053333333246,5823.688416666665,6000.0,6000.0,True
2025-02-16,True,0,Optimization terminated successfully. (HiGHS Status 7: Optimal),52194.90746154703,52194.90746154703,0.0,1.0,0.03366689999893424,83983.55094279835,52194.90746154703,2289.82855,10519.471401991665,62714.378863538695,27,5,24794.175576131685,20083.282216666666,0.0,6185.107033333333,6000.0,6000.0,True
2025-02-17,True,0,Optimization terminated successfully. (HiGHS Status 7: Optimal),51249.08094626354,51249.08094626354,0.0,1.0,0.03551270000025397,83470.8265627572,51249.08094626354,1544.423833333333,6826.742498516664,58075.8234447802,17,5,23781.134979423867,19262.71933333333,0.0,9312.971583333332,6000.0,6000.0,True
2025-02-18,True,0,Optimization terminated successfully. (HiGHS Status 7: Optimal),45992.52930863216,45992.52930863216,0.0,1.0,0.0662229000008665,74806.81433583333,45992.52930863216,4040.0406499999985,15708.496726691661,61701.02603532383,45,4,22570.87475,18282.408547500003,0.0,2467.0009999999993,6000.0,6000.0,True
2025-02-19,True,0,Optimization terminated successfully. (HiGHS Status 7: Optimal),46682.39997350102,46682.39997350102,0.0,1.0,0.0833478999993531,75753.29759418723,46682.39997350102,4170.682766666667,17830.660013583332,64513.05998708436,42,7,24000.519881687236,19440.421104166664,0.0,2484.5541999999996,6000.0,6000.0,True
2025-02-20,True,0,Optimization terminated successfully. (HiGHS Status 7: Optimal),47685.15891770666,47685.15891770666,0.0,1.0,0.07682959999874583,77965.56229933332,47685.15891770666,2190.7479166666662,10294.756191908331,57979.915109614994,20,7,23200.6514,18792.527634,0.0,4755.052716666665,6000.0,6000.0,True
2025-02-21,True,0,Optimization terminated successfully. (HiGHS Status 7: Optimal),17725.62564696613,17725.62564696613,0.0,1.0,0.18444330000056652,33663.921533744855,17725.625646966128,1877.9554666666659,7836.416896908331,25562.042543874457,27,8,16249.283744855962,13161.919833333333,3784.538788888891,6894.251055555559,6000.0,6000.0,True
2025-02-22,True,0,Optimization terminated successfully. (HiGHS Status 7: Optimal),18058.29903873642,18058.29903873642,0.0,1.0,0.11254489999919315,33820.62886831275,18058.29903873642,1931.443566666666,8052.879911374996,26111.178950111414,24,6,16071.037201646091,13017.540133333334,2284.08903333333,4853.8124833333295,6000.0,6000.0,True
2025-02-23,True,0,Optimization terminated successfully. (HiGHS Status 7: Optimal),47315.92263918992,47315.922639189914,0.0,1.0,0.10857000000032713,77510.8454184465,47315.922639189914,3731.595300000001,17865.90547845834,65181.828117648256,31,4,23385.740974279834,18942.450189166666,0.0,5267.29625,6000.0,6000.0,True
2025-02-24,True,0,Optimization terminated successfully. (HiGHS Status 7: Optimal),45704.505830192196,45704.505830192196,0.0,1.0,0.09973539999919012,73823.07381316871,45704.505830192196,3828.6805666666664,15130.387130574998,60834.892960767196,34,5,23756.91927983539,19243.10461666667,0.0,4934.9061,6000.0,6000.0,True
2025-02-25,True,0,Optimization terminated successfully. (HiGHS Status 7: Optimal),47081.585025128596,47081.585025128596,0.0,1.0,0.10027509999781614,76740.34084362138,47081.58502512859,1372.4479833333335,6339.975713591666,53421.560738720254,14,5,23002.850843621396,18632.30918333333,0.0,7920.9239333333335,6000.0,6000.0,True
2025-02-26,True,0,Optimization terminated successfully. (HiGHS Status 7: Optimal),42323.21422521393,42323.214225213924,0.0,1.0,0.07936200000040117,69840.53613312758,42323.21422521393,5311.906549999998,22158.16013054999,64481.374355763925,45,8,22580.725349794237,18290.387533333334,0.0,2047.2568333333331,6000.0,6000.0,True
2025-02-27,True,0,Optimization terminated successfully. (HiGHS Status 7: Optimal),43341.52303665647,43341.52303665647,0.0,1.0,0.07591840000168304,70695.47325925925,43341.52303665648,3641.579633333333,17132.539749274998,60474.06278593148,36,8,22576.365925925922,18286.856400000004,0.0,3090.959166666667,6000.0,6000.0,True
2025-02-28,True,0,Optimization terminated successfully. (HiGHS Status 7: Optimal),17345.789542391667,17345.789542391667,0.0,1.0,0.15014130000054138,32508.672199999997,17345.789542391663,2655.364516666667,9789.906384666669,27135.695927058332,25,3,16000.000000000002,12960.0,7622.215349999997,8831.443166666664,6000.0,6000.0,True
2025-03-01,True,0,Optimization terminated successfully. (HiGHS Status 7: Optimal),17511.965149326883,17511.965149326883,0.0,1.0,0.12296369999967283,32356.778452166665,17511.965149326883,2013.0790499999996,8807.176993474997,26319.14214280188,22,5,16022.112116666667,12977.9108145,0.0,7666.890266666665,6000.0,6000.0,True
2025-03-02,True,0,Optimization terminated successfully. (HiGHS Status 7: Optimal),47366.82124148706,47366.821241487065,0.0,1.0,0.1609601999989536,77374.23705766667,47366.821241487065,4036.2710999999995,18523.482744066667,65890.30398555374,33,2,24469.167233333334,19820.025459,0.0,4403.059316666667,6000.0,6000.0,True
2025-03-03,True,0,Optimization terminated successfully. (HiGHS Status 7: Optimal),49118.737125756845,49118.73712575685,0.0,1.0,0.11887380000189296,79963.17138065843,49118.737125756845,2248.5450499999997,10166.411226166665,59285.14835192351,26,6,24548.836213991774,19884.557333333334,0.0,5530.290916666667,6000.0,6000.0,True
2025-03-04,True,0,Optimization terminated successfully. (HiGHS Status 7: Optimal),43060.38214933308,43060.38214933308,0.0,1.0,0.0726451000009547,70750.44928456789,43060.38214933309,5256.6419000000005,21481.233121200003,64541.61527053309,47,5,22254.98790123457,18026.5402,0.0,2579.1855499999997,6000.0,6000.0,True
2025-03-05,True,0,Optimization terminated successfully. (HiGHS Status 7: Optimal),45162.06237272797,45162.062372727974,0.0,1.0,0.10337389999767765,74326.74727696707,45162.062372727974,2332.448449999999,10774.735863624994,55936.798236352966,24,4,22823.750755967074,18487.238112333333,0.0,6192.211066666666,6000.0,6000.0,True
2025-03-06,True,0,Optimization terminated successfully. (HiGHS Status 7: Optimal),42375.351242097655,42375.351242097655,0.0,1.0,0.09824039999875822,69316.12837037037,42375.35124209765,4413.190983333333,20452.24829115833,62827.599533255976,34,4,22721.34537037037,18404.28975,0.0,3471.6096,6000.0,6000.0,True
2025-03-07,True,0,Optimization terminated successfully. (HiGHS Status 7: Optimal),17107.876272460988,17107.876272460988,0.0,1.0,0.07863809999980731,31521.209254526744,17107.876272460988,1526.3561333333337,6390.836808591666,23498.713081052654,14,4,16199.182304526748,13121.337666666666,3850.938866666668,9047.435216666669,6000.0,6000.0,True
2025-03-08,True,0,Optimization terminated successfully. (HiGHS Status 7: Optimal),16420.634319513334,16420.634319513334,0.0,1.0,0.071442799999204,30757.892549999997,16420.634319513334,1664.0392263374483,6684.116801269649,23104.75112078298,15,4,16001.845226337446,12961.49463333333,8242.128773662553,10318.44166666667,6000.0,6000.0,True
2025-03-09,True,0,Optimization terminated successfully. (HiGHS Status 7: Optimal),44648.23808924535,44648.23808924536,0.0,1.0,0.07571850000022096,73464.9813781111,44648.23808924535,2924.5389000000005,13786.968225650002,58435.20631489535,22,1,23146.19041111111,18748.414233,0.0,8658.21905,6000.0,6000.0,True
2025-03-10,True,0,Optimization terminated successfully. (HiGHS Status 7: Optimal),42543.11561869293,42543.11561869293,0.0,1.0,0.06143819999851985,70684.44720563167,42543.11561869293,4572.737433333333,21015.181697216667,63558.2973159096,38,7,22030.848626131687,17844.987387166668,0.0,3029.2519499999994,6000.0,6000.0,True
2025-03-11,True,0,Optimization terminated successfully. (HiGHS Status 7: Optimal),38130.51552742224,38130.51552742224,0.0,1.0,0.0916947000005166,61363.84376748971,38130.515527422234,8871.201700000001,36160.68115336667,74291.19668078891,49,4,21062.346934156376,17060.501016666665,0.0,2294.2807500000004,6000.0,6000.0,True
2025-03-12,True,0,Optimization terminated successfully. (HiGHS Status 7: Optimal),43714.68032943381,43714.6803294338,0.0,1.0,0.06303979999938747,71617.0534329218,43714.6803294338,2565.7046666666665,12010.083246583335,55724.76357601714,18,4,22299.577366255147,18062.657666666666,0.0,7510.303716666665,6000.0,6000.0,True
2025-03-13,True,0,Optimization terminated successfully. (HiGHS Status 7: Optimal),43822.19808757475,43822.19808757475,0.0,1.0,0.07606139999916195,72088.1001845679,43822.198087574754,3312.997166666667,13948.283331458333,57770.48141903309,32,6,22619.7512345679,18321.9985,0.0,3557.726599999999,6000.0,6000.0,True
2025-03-14,True,0,Optimization terminated successfully. (HiGHS Status 7: Optimal),15838.412646362418,15838.412646362416,1.1484669860294495e-16,1.0,0.17026879999684752,29803.645445166665,15838.412646362416,2012.8141,7375.397031616666,23213.809677979083,23,7,16006.038483333288,12964.8911715,12672.959783333372,12745.88625000004,6000.0,6000.0,True
2025-03-15,True,0,Optimization terminated successfully. (HiGHS Status 7: Optimal),16196.802545386667,16196.802545386667,0.0,1.0,0.0774604000034742,30439.637749999994,16196.802545386667,1705.7992092592604,6711.944180049077,22908.746725435743,21,6,16006.485925925923,12965.253599999996,5619.128540740738,8180.079483333333,6000.0,6000.0,True
2025-03-16,True,0,Optimization terminated successfully. (HiGHS Status 7: Optimal),42088.58980875018,42088.589808750185,0.0,1.0,0.08598040000288165,68704.55932366254,42088.58980875018,4252.878016666667,19759.496858591665,61848.08666734184,35,6,23073.82810699588,18689.800766666664,0.0,5222.363066666667,6000.0,6000.0,True
2025-03-17,True,0,Optimization terminated successfully. (HiGHS Status 7: Optimal),38691.57068670746,38691.57068670746,0.0,1.0,0.06789349999962724,63589.03156172838,38691.57068670746,3481.1264833333335,16255.700262824997,54947.27094953246,24,4,17885.78506172839,14487.485900000003,0.0,5813.727449999999,6000.0,6000.0,True
2025-03-18,True,0,Optimization terminated successfully. (HiGHS Status 7: Optimal),43806.44397844986,43806.44397844986,0.0,1.0,0.08617539999977453,72331.98503766666,43806.44397844986,1566.60325,6972.347067025001,50778.79104547486,15,4,22366.719233333333,18117.042579,0.0,8522.953266666666,6000.0,6000.0,True
2025-03-19,True,0,Optimization terminated successfully. (HiGHS Status 7: Optimal),36385.87316963302,36385.87316963302,0.0,1.0,0.0984336000001349,58696.642644855965,36385.87316963302,7331.605466666667,30975.881221375002,67361.75439100803,49,4,20670.337078189303,16742.973033333335,0.0,2635.413616666667,6000.0,6000.0,True
2025-03-20,True,0,Optimization terminated successfully. (HiGHS Status 7: Optimal),41663.25466204185,41663.25466204185,0.0,1.0,0.1254536000014923,67445.61404686215,41663.25466204185,6059.487266666667,27352.341274825005,69015.59593686686,36,1,21319.065334362138,17268.442920833328,0.0,7245.517083333332,6000.0,6000.0,True
2025-03-21,True,0,Optimization terminated successfully. (HiGHS Status 7: Optimal),15652.019998656331,15652.019998656331,0.0,1.0,0.06236239999998361,29545.726061666668,15652.019998656331,1324.2985999999994,5631.672065608332,21283.692064264662,11,2,16017.368833333334,12974.068755,10472.220466666666,15793.260066666666,6000.0,6000.0,True
2025-03-22,True,0,Optimization terminated successfully. (HiGHS Status 7: Optimal),15892.12049225,15892.12049225,0.0,1.0,0.061386399996990804,29891.111149999997,15892.120492249998,1340.0817499999998,5307.445420308333,21199.565912558333,13,4,16000.000000000002,12960.0,8460.669916666666,12309.993166666663,6000.0,6000.0,True
2025-03-23,True,0,Optimization terminated successfully. (HiGHS Status 7: Optimal),42277.525020154746,42277.525020154746,0.0,1.0,0.16709550000086892,69613.16473401646,42277.525020154746,1925.9212333333332,8530.079071441667,50807.60409159641,28,5,23459.56403868313,19002.24687133333,0.0,8312.048683333333,6000.0,6000.0,True
2025-03-24,True,0,Optimization terminated successfully. (HiGHS Status 7: Optimal),39207.63636771921,39207.63636771921,0.0,1.0,0.07383459999982733,64873.0866329218,39207.63636771921,2600.534383333333,11856.84146095,51064.477828669216,29,10,20866.859032921802,16902.155816666665,0.0,5510.420716666666,6000.0,6000.0,True
2025-03-25,True,0,Optimization terminated successfully. (HiGHS Status 7: Optimal),44245.365602937425,44245.365602937425,0.0,1.0,0.08506500000294182,73064.99094053498,44245.365602937425,1852.2912166666667,8375.549262783334,52620.914865720755,22,4,22583.052757201644,18292.272733333335,0.0,9676.377416666666,6000.0,6000.0,True
2025-03-26,True,0,Optimization terminated successfully. (HiGHS Status 7: Optimal),38471.134354126625,38471.134354126625,0.0,1.0,0.15384629999971366,62064.5648510288,38471.134354126625,5070.120649999999,23062.795875900003,61533.93023002663,41,2,20806.77658436214,16853.48903333333,0.0,7588.843083333333,6000.0,6000.0,True
2025-03-27,True,0,Optimization terminated successfully. (HiGHS Status 7: Optimal),40196.225130810795,40196.225130810795,0.0,1.0,0.1482995000005758,66325.18131831275,40196.225130810795,2384.81155,9843.579204716665,50039.80433552746,32,9,21427.13553497942,17355.979783333332,0.0,5921.847716666666,6000.0,6000.0,True
2025-03-28,True,0,Optimization terminated successfully. (HiGHS Status 7: Optimal),15500.042267888335,15500.042267888335,0.0,1.0,0.0880881999983103,29477.226916666667,15500.042267888333,1547.0477499999997,6465.325489841666,21965.36775773,24,7,16000.0,12959.999999999996,12487.812749999997,17162.393899999995,6000.0,6000.0,True
2025-03-29,True,0,Optimization terminated successfully. (HiGHS Status 7: Optimal),15023.810160919997,15023.810160919997,0.0,1.0,0.11545760000080918,28748.428566666662,15023.810160919995,1224.4038,5047.8764061833335,20071.68656710333,24,8,15999.999999999996,12960.000000000004,16914.259100000003,19225.623183333337,6000.0,6000.0,True
2025-03-30,True,0,Optimization terminated successfully. (HiGHS Status 7: Optimal),39413.68794907999,39413.68794907999,0.0,1.0,0.0678479000016523,65379.30489238682,39413.68794908,2300.8001666666664,9769.089317925,49182.777267004996,24,4,20176.75127572016,16343.168533333333,0.0,8500.902616666666,6000.0,6000.0,True
2025-03-31,True,0,Optimization terminated successfully. (HiGHS Status 7: Optimal),34662.24507696623,34662.24507696623,0.0,1.0,0.13743299999987357,55252.92561563786,34662.24507696624,7223.877633333331,30729.453285458323,65391.69836242456,59,4,17422.538415637857,14112.256116666664,0.0,2215.1314666666663,6000.0,6000.0,True
2025-04-01,True,0,Optimization terminated successfully. (HiGHS Status 7: Optimal),41250.417269446356,41250.417269446356,0.0,1.0,0.07556370000020252,69315.52392489712,41250.417269446356,2213.803866666667,9391.889986483333,50642.307255929685,22,5,20273.544341563782,16421.570916666664,0.0,7468.502849999999,6000.0,6000.0,True
2025-04-02,True,0,Optimization terminated successfully. (HiGHS Status 7: Optimal),39353.23322477691,39353.233224776915,0.0,1.0,0.0822621999977855,65847.65107860081,39353.233224776915,2559.070399999999,11282.155015824996,50635.38824060191,36,10,21385.348045267485,17322.131916666665,0.0,3908.16995,6000.0,6000.0,True
2025-04-03,True,0,Optimization terminated successfully. (HiGHS Status 7: Optimal),40674.99611772249,40674.99611772249,0.0,1.0,0.07483970000248519,66839.3950265432,40674.99611772249,1772.4497166666663,7753.079685116664,48428.07580283916,23,6,22026.22487654321,17841.24215,0.0,8563.33175,6000.0,6000.0,True
2025-04-04,True,0,Optimization terminated successfully. (HiGHS Status 7: Optimal),14479.135829651666,14479.135829651666,0.0,1.0,0.16248800000175834,27862.5575,14479.135829651666,1325.1310499999995,5301.455232491664,19780.59106214333,18,5,15999.999999999996,12960.0,17210.569883333334,19716.8863,6000.0,6000.0,True
2025-04-05,True,0,Optimization terminated successfully. (HiGHS Status 7: Optimal),14592.461861604997,14592.461861604997,0.0,1.0,0.08443029999762075,27988.533499999998,14592.461861604996,2782.18095,11456.4156434,26048.877505004995,32,7,16000.0,12960.000000000004,15482.629233333331,15686.599466666665,6000.0,6000.0,True
2025-04-06,True,0,Optimization terminated successfully. (HiGHS Status 7: Optimal),37399.23214400167,37399.23214400167,0.0,1.0,0.05871140000090236,62113.443023868305,37399.23214400167,2566.5057333333325,11546.532512966663,48945.76465696833,27,5,19051.60442386831,15431.799583333333,0.0,6650.067649999999,6000.0,6000.0,True
2025-04-07,True,0,Optimization terminated successfully. (HiGHS Status 7: Optimal),33244.5131288258,33244.5131288258,0.0,1.0,0.10967750000054366,54277.75763230452,33244.5131288258,4590.566583333333,19356.293265249995,52600.80639407579,49,13,18407.958415637855,14910.44631666667,0.0,2128.0928333333336,6000.0,6000.0,True
2025-04-08,True,0,Optimization terminated successfully. (HiGHS Status 7: Optimal),38927.953007064745,38927.95300706475,0.0,1.0,0.07273880000138888,63903.60654032921,38927.953007064745,2936.7392333333337,13254.912991283336,52182.86599834808,33,8,20854.151440329217,16891.862666666668,0.0,8524.863383333332,6000.0,6000.0,True
2025-04-09,True,0,Optimization terminated successfully. (HiGHS Status 7: Optimal),37988.523614533435,37988.523614533435,0.0,1.0,0.1422643000005337,62263.47112304526,37988.523614533435,5513.071666666666,22960.027200466666,60948.5508150001,44,8,20879.5041563786,16912.398366666665,0.0,4675.1259833333315,6000.0,6000.0,True
2025-04-10,True,0,Optimization terminated successfully. (HiGHS Status 7: Optimal),37424.63291967889,37424.63291967889,0.0,1.0,0.10391840000011143,60325.66939794239,37424.63291967889,3309.270833333333,14499.6723976,51924.305317278886,38,6,19680.858497942387,15941.495383333333,0.0,5434.939216666668,6000.0,6000.0,True
2025-04-11,True,0,Optimization terminated successfully. (HiGHS Status 7: Optimal),13873.682679903333,13873.682679903333,0.0,1.0,0.11977130000013858,26995.24498333333,13873.682679903333,1830.6289333333332,7249.384479666665,21123.067159569997,21,6,15999.999999999996,12960.0,24412.942433333337,20469.22375,6000.0,6000.0,True
2025-04-12,True,0,Optimization terminated successfully. (HiGHS Status 7: Optimal),14323.398007981234,14323.398007981234,0.0,1.0,0.13101400000232388,27316.930623,14323.398007981234,1289.7885999999999,4870.873447416667,19194.271455397902,12,3,16000.311699999998,12960.252476999998,8242.925433333334,16541.49945,6000.0,6000.0,True
2025-04-13,True,0,Optimization terminated successfully. (HiGHS Status 7: Optimal),35028.49187919421,35028.49187919421,0.0,1.0,0.12602370000240626,57223.67994032921,35028.49187919422,3541.2669333333333,15159.068907941664,50187.56078713588,40,7,18355.838106995878,14868.228866666665,0.0,3000.97915,6000.0,6000.0,True
2025-04-14,True,0,Optimization terminated successfully. (HiGHS Status 7: Optimal),37801.75281171249,37801.75281171249,0.0,1.0,0.08133359999919776,61901.19031358026,37801.7528117125,2360.9768666666655,9540.955848974998,47342.708660687495,32,7,21193.428580246917,17166.67715,0.0,7707.38395,6000.0,6000.0,True
2025-04-15,True,0,Optimization terminated successfully. (HiGHS Status 7: Optimal),32223.15363907148,32223.153639071483,0.0,1.0,0.07471410000289325,51705.757052469125,32223.153639071483,4392.212566666668,18532.558399975005,50755.712039046484,47,12,17390.56413580247,14086.356949999998,0.0,2654.333599999999,6000.0,6000.0,True
2025-04-16,True,0,Optimization terminated successfully. (HiGHS Status 7: Optimal),35569.567845905665,35569.567845905665,0.0,1.0,0.06327779999992345,59231.42619666667,35569.567845905665,3236.760933333333,13371.812759658333,48941.380605564,37,12,17975.906999999996,14560.484669999998,0.0,3273.1728500000004,6000.0,6000.0,True
2025-04-17,True,0,Optimization terminated successfully. (HiGHS Status 7: Optimal),33197.748905822475,33197.74890582247,0.0,1.0,0.08561240000199177,52434.10586646091,33197.748905822475,6741.549516666667,27242.65985523333,60440.408761055805,50,4,16961.84034979424,13739.09068333333,28.773266666668526,3084.5633666666663,6000.0,6000.0,True
2025-04-18,True,0,Optimization terminated successfully. (HiGHS Status 7: Optimal),13356.378805208335,13356.378805208335,0.0,1.0,0.0639476000033028,26199.902516666665,13356.378805208336,2154.61975,8582.188689183333,21938.567494391667,25,5,16000.0,12959.999999999996,19121.170766666666,18960.40508333333,6000.0,6000.0,True
2025-04-19,True,0,Optimization terminated successfully. (HiGHS Status 7: Optimal),12994.018136968685,12994.018136968685,0.0,1.0,0.061211500000354135,25948.146977833334,12994.018136968683,2060.9851499999995,8057.786488958332,21051.804625927016,25,8,16038.278216666664,12991.005355499998,13764.550466666666,18177.180016666665,6000.0,6000.0,True
2025-04-20,True,0,Optimization terminated successfully. (HiGHS Status 7: Optimal),33014.673415276106,33014.673415276106,0.0,1.0,0.09615119999944,53709.50992037037,33014.673415276106,5192.085616666666,20649.874276991668,53664.54769226778,48,8,18000.270370370366,14580.219000000001,0.0,3523.7992833333337,6000.0,6000.0,True
2025-04-21,True,0,Optimization terminated successfully. (HiGHS Status 7: Optimal),35628.39247682555,35628.39247682555,0.0,1.0,0.09016870000050403,58592.04100370371,35628.39247682555,3047.524016666667,12860.216292050001,48488.60876887555,28,3,16943.89537037037,13724.555249999998,0.0,9903.314516666665,6000.0,6000.0,True
2025-04-22,True,0,Optimization terminated successfully. (HiGHS Status 7: Optimal),32156.255505961046,32156.255505961046,0.0,1.0,0.12970969999878434,52398.30085884774,32156.255505961046,6124.783450000001,21850.100792066667,54006.35629802771,49,10,18465.348292181065,14956.932116666667,1686.2949666666675,2861.738816666668,6000.0,6000.0,True
2025-04-23,True,0,Optimization terminated successfully. (HiGHS Status 7: Optimal),31264.10067813072,31264.100678130715,1.1636281639908114e-16,1.0,0.1573320000024978,50325.45328662552,31264.10067813072,6932.099116666667,26208.46685683333,57472.56753496405,55,7,16526.886069958844,13386.777716666667,1735.3702666666413,2717.5273333333084,6000.0,6000.0,True
2025-04-24,True,0,Optimization terminated successfully. (HiGHS Status 7: Optimal),32078.733504657033,32078.733504657037,0.0,1.0,0.16329469999982393,51467.500667283944,32078.733504657037,4179.156,13774.855543049998,45853.589047707035,35,10,17529.190617283948,14198.6444,1509.3268833333373,5226.003750000004,6000.0,6000.0,True
2025-04-25,True,0,Optimization terminated successfully. (HiGHS Status 7: Optimal),13558.665851009584,13558.665851009582,1.3415696083478698e-16,1.0,0.21339569999690866,26033.2590375,13558.665851009584,1689.151016666667,6235.251804416666,19793.917655426252,16,3,16082.279583333333,13026.6464625,23580.574016666662,22666.41928333333,6000.0,6000.0,True
2025-04-26,True,0,Optimization terminated successfully. (HiGHS Status 7: Optimal),13261.76455985333,13261.76455985333,0.0,1.0,0.12332790000073146,25851.196516666663,13261.76455985333,1806.3035253086412,6787.633729706478,20049.39828955981,21,4,16084.76697530864,13028.661250000001,23068.352724691358,24531.200683333336,6000.0,6000.0,True
2025-04-27,True,0,Optimization terminated successfully. (HiGHS Status 7: Optimal),31208.245545466198,31208.245545466198,0.0,1.0,0.0916644000026281,49749.519724666665,31208.245545466198,5796.8507666666665,23714.069816141666,54922.31536160786,43,9,16011.431533333332,12969.259542,1327.6061999999986,3930.727316666666,6000.0,6000.0,True
2025-04-28,True,0,Optimization terminated successfully. (HiGHS Status 7: Optimal),36209.896591097655,36209.896591097655,0.0,1.0,0.06846980000045733,60245.63419074074,36209.896591097655,4456.96505,19593.442581291667,55803.33917238932,37,4,17316.585740740742,14026.43445,0.0,4790.480633333334,6000.0,6000.0,True
2025-04-29,True,0,Optimization terminated successfully. (HiGHS Status 7: Optimal),31315.5626898635,31315.5626898635,0.0,1.0,0.14489380000304664,50058.75818518519,31315.562689863502,4976.927249999998,21760.274063474993,53075.836753338495,41,7,15089.173518518517,12222.230549999997,0.0,4735.528750000001,6000.0,6000.0,True
2025-04-30,True,0,Optimization terminated successfully. (HiGHS Status 7: Optimal),30965.8025656748,30965.8025656748,0.0,1.0,0.1522776999991038,48858.336248,30965.8025656748,6688.2148000000025,25904.900537558344,56870.70310323314,48,5,16296.807533333335,13200.414102,1425.9334,4193.303183333335,6000.0,6000.0,True
2025-05-01,True,0,Optimization terminated successfully. (HiGHS Status 7: Optimal),34658.67096388784,34658.67096388784,0.0,1.0,0.09761539999817614,53363.14284218107,34658.67096388784,5217.408149999996,22541.13349499998,57199.80445888782,42,4,16041.631625514401,12993.721616666666,679.3639166666667,4521.262183333332,6000.0,6000.0,True
2025-05-02,True,0,Optimization terminated successfully. (HiGHS Status 7: Optimal),16444.61804645333,16444.61804645333,0.0,1.0,0.12212750000253436,29744.007483333327,16444.618046453328,2343.51195,9095.907669975002,25540.525716428332,23,5,16000.0,12960.000000000002,11356.415949999999,14757.199349999997,6000.0,6000.0,True
2025-05-03,True,0,Optimization terminated successfully. (HiGHS Status 7: Optimal),15795.333878279998,15795.333878279998,0.0,1.0,0.10364880000270205,28834.64448333333,15795.333878279998,1112.5026,3875.453073358333,19670.786951638333,12,3,15999.999999999995,12960.0,14220.5507,18039.975433333333,6000.0,6000.0,True
2025-05-04,True,0,Optimization terminated successfully. (HiGHS Status 7: Optimal),36362.83789012006,36362.837890120056,0.0,1.0,0.10878009999942151,57486.610685390944,36362.837890120056,3142.139383333333,13280.274209366667,49643.11209948672,28,6,15995.308168724277,12956.199616666665,0.0,5854.974183333332,6000.0,6000.0,True
2025-05-05,True,0,Optimization terminated successfully. (HiGHS Status 7: Optimal),37253.26206601162,37253.26206601162,0.0,1.0,0.13951789999919129,58772.317745473236,37253.26206601162,4985.372433333334,19025.1800784,56278.44214441162,45,8,19217.899362139913,15566.498483333333,0.0,5030.282499999999,6000.0,6000.0,True
2025-05-06,True,0,Optimization terminated successfully. (HiGHS Status 7: Optimal),33562.44476116833,33562.44476116833,0.0,1.0,0.06737349999821163,52273.94406666666,33562.44476116833,6630.425983333336,27399.324768908344,60961.76953007667,52,6,16000.0,12960.000000000002,2103.6049666666618,2994.287683333333,6000.0,6000.0,True
2025-05-07,True,0,Optimization terminated successfully. (HiGHS Status 7: Optimal),35672.01882413,35672.01882413,0.0,1.0,0.14105120000021998,55119.943108847736,35672.01882413,6561.75685,25662.401795733334,61334.42061986333,50,4,16752.99995884774,13569.929966666667,1680.108199999996,3430.784016666664,6000.0,6000.0,True
2025-05-08,True,0,Optimization terminated successfully. (HiGHS Status 7: Optimal),36771.69358195179,36771.69358195179,0.0,1.0,0.07646569999997155,59647.236793415635,36771.69358195179,2968.548616666667,12292.03250426667,49063.72608621846,32,8,17525.769526748976,14195.873316666668,0.0,3459.376799999999,6000.0,6000.0,True
2025-05-09,True,0,Optimization terminated successfully. (HiGHS Status 7: Optimal),14848.579843516669,14848.579843516669,0.0,1.0,0.07293669999853591,27534.764183333333,14848.579843516669,1540.5747999999999,5676.683173074999,20525.263016591667,18,3,16000.0,12959.999999999996,11359.439933333335,17535.953133333333,6000.0,6000.0,True
2025-05-10,True,0,Optimization terminated successfully. (HiGHS Status 7: Optimal),15016.655803875416,15016.655803875416,0.0,1.0,0.08041149999917252,27881.6722125,15016.655803875416,1618.679,5825.0151025916675,20841.670906467083,25,9,16037.367083333329,12990.2673375,12918.922116666667,14332.206183333334,6000.0,6000.0,True
2025-05-11,True,0,Optimization terminated successfully. (HiGHS Status 7: Optimal),36006.152112893455,36006.152112893455,0.0,1.0,0.10956820000137668,57725.32496851852,36006.152112893455,3872.424083333334,15235.234871283335,51241.38698417679,45,9,16709.121851851854,13534.388699999996,0.0,2938.9368166666654,6000.0,6000.0,True
2025-05-12,True,0,Optimization terminated successfully. (HiGHS Status 7: Optimal),32233.200567918335,32233.200567918328,1.1286433686366812e-16,1.0,0.13680079999903683,50022.48526666667,32233.20056791833,6756.706871193417,27369.875596973583,59603.076164891914,59,8,16248.998971193416,13161.689166666667,129.4198454732476,1760.6870999999999,6000.0,6000.0,True
2025-05-13,True,0,Optimization terminated successfully. (HiGHS Status 7: Optimal),36306.320898890735,36306.320898890735,0.0,1.0,0.08151500000167289,59342.747999794236,36306.32089889074,2094.2457166666663,7358.2245235916635,43664.545422482406,32,9,18806.373683127575,15233.162683333332,0.0,4734.569950000001,6000.0,6000.0,True
2025-05-14,True,0,Optimization terminated successfully. (HiGHS Status 7: Optimal),36094.00110976932,36094.00110976932,0.0,1.0,0.073101999998471,56853.58923580247,36094.00110976932,5608.34575,24333.606074641666,60427.60718441098,40,3,16376.062469135804,13264.610599999996,0.0,6336.334333333332,6000.0,6000.0,True
2025-05-15,True,0,Optimization terminated successfully. (HiGHS Status 7: Optimal),35353.72241332934,35353.722413329335,0.0,1.0,0.15868339999724412,54603.68201399176,35353.722413329335,6555.788799999999,26232.990369225,61586.712782554336,45,3,17069.071213991763,13825.947683333332,160.07316666666503,5151.289,6000.0,6000.0,True
2025-05-16,True,0,Optimization terminated successfully. (HiGHS Status 7: Optimal),15135.635769899998,15135.635769899998,0.0,1.0,0.08977950000189594,27775.1501,15135.635769899998,1265.2157290123455,4167.151473944443,19302.78724384444,15,3,16003.269012345681,12962.6479,21561.068037654313,23284.238183333327,6000.0,6000.0,True
2025-05-17,True,0,Optimization terminated successfully. (HiGHS Status 7: Optimal),15329.085695409998,15329.085695409998,0.0,1.0,0.20914650000122492,28112.20871666666,15329.085695409998,1209.105966666667,4019.691517166667,19348.777212576664,14,3,15999.999999999993,12960.0,12985.127383333338,15832.515600000004,6000.0,6000.0,True
2025-05-18,True,0,Optimization terminated successfully. (HiGHS Status 7: Optimal),37108.396964718886,37108.396964718886,0.0,1.0,0.07754540000314591,60831.84254032921,37108.396964718886,2367.9733499999993,10011.865488166663,47120.26245288555,25,6,18438.128106995882,14934.883766666664,0.0,6020.403449999999,6000.0,6000.0,True
2025-05-19,True,0,Optimization terminated successfully. (HiGHS Status 7: Optimal),33553.974062133515,33553.97406213352,0.0,1.0,0.08877850000135368,53166.88165864197,33553.974062133515,2917.8293333333336,11946.807872391664,45500.78193452518,28,6,15830.451975308644,12822.666099999999,0.0,5561.708566666667,6000.0,6000.0,True
2025-05-20,True,0,Optimization terminated successfully. (HiGHS Status 7: Optimal),33787.8997906708,33787.8997906708,0.0,1.0,0.07604160000119009,53180.63677448559,33787.899790670795,6408.535566666667,24258.158794391675,58046.05858506247,55,9,15474.885041152262,12534.656883333333,0.0,2121.5493666666666,6000.0,6000.0,True
2025-05-21,True,0,Optimization terminated successfully. (HiGHS Status 7: Optimal),32470.650729484998,32470.650729484994,0.0,1.0,0.2352842000000237,50132.75421666666,32470.650729484994,6797.073231687241,26491.617464613475,58962.26819409847,54,7,16236.612798353908,13151.656366666666,971.4920016460906,2482.255733333333,6000.0,6000.0,True
2025-05-22,True,0,Optimization terminated successfully. (HiGHS Status 7: Optimal),33679.34974437333,33679.34974437333,0.0,1.0,0.17990289999943343,52569.15881666666,33679.349744373336,5280.77933333333,17536.557376699995,51215.90712107333,41,8,16780.911666666667,13592.538450000004,1113.1579833333342,3844.9341166666673,6000.0,6000.0,True
2025-05-23,True,0,Optimization terminated successfully. (HiGHS Status 7: Optimal),14308.069376026362,14308.069376026362,0.0,1.0,0.17015140000148676,26827.518406999996,14308.069376026364,1794.3683,6565.219898525002,20873.289274551367,20,7,16104.868633333332,13044.943593,15952.481483333335,19141.012783333335,6000.0,6000.0,True
2025-05-24,True,0,Optimization terminated successfully. (HiGHS Status 7: Optimal),14896.212525117799,14896.212525117799,0.0,1.0,0.06484469999850262,27542.757805999994,14896.212525117799,1632.8237666666664,5749.749045333333,20645.96157045113,18,5,16010.31906666667,12968.358444000001,22564.55276666666,22379.11956666666,6000.0,6000.0,True
2025-05-25,True,0,Optimization terminated successfully. (HiGHS Status 7: Optimal),33832.22675982741,33832.22675982741,0.0,1.0,0.0697357999997621,53811.81399465021,33832.226759827405,2768.81805,11013.719815166663,44845.94657499407,28,8,15708.735761316875,12724.075966666664,0.0,5050.962066666667,6000.0,6000.0,True
2025-05-26,True,0,Optimization terminated successfully. (HiGHS Status 7: Optimal),32821.470160050565,32821.470160050565,0.0,1.0,0.08018190000075265,50781.680116166666,32821.470160050565,9599.701066666665,36063.236423999995,68884.70658405055,57,3,15882.49605,12864.821800499998,0.0,2783.8739833333334,6000.0,6000.0,True
2025-05-27,True,0,Optimization terminated successfully. (HiGHS Status 7: Optimal),32128.432261511665,32128.43226151166,1.1323237864456394e-16,1.0,0.1250161999996635,49639.91035,32128.43226151166,6432.478430000001,25745.32589490834,57873.75815642,44,9,16282.836999999998,13189.097969999997,1419.1188699999934,3588.282449999996,6000.0,6000.0,True
2025-05-28,True,0,Optimization terminated successfully. (HiGHS Status 7: Optimal),34699.63402232247,34699.63402232247,0.0,1.0,0.11522649999824353,55991.97219485596,34699.63402232247,3209.545666666666,11466.052281116665,46165.686303439135,38,13,17476.44041152263,14155.916733333332,0.0,3607.170083333332,6000.0,6000.0,True
2025-05-29,True,0,Optimization terminated successfully. (HiGHS Status 7: Optimal),35027.8061073322,35027.8061073322,0.0,1.0,0.08205389999784529,55561.944492181065,35027.8061073322,4754.121916666665,17353.00252050833,52380.80862784053,47,8,17049.203292181068,13809.854666666664,0.0,2966.5942833333334,6000.0,6000.0,True
2025-05-30,True,0,Optimization terminated successfully. (HiGHS Status 7: Optimal),14390.978354576662,14390.978354576662,0.0,1.0,0.07738450000033481,26833.58398333333,14390.978354576662,1508.2474111111128,5344.1126364805605,19735.090991057223,18,4,16079.061111111114,13024.039500000003,13480.995588888887,18690.576516666668,6000.0,6000.0,True
2025-05-31,True,0,Optimization terminated successfully. (HiGHS Status 7: Optimal),15721.821683371667,15721.821683371667,0.0,1.0,0.10914530000081868,28935.77141666667,15721.821683371669,994.4010500002111,2815.1208182671758,18536.942501638845,15,4,16000.464444444442,12960.376199999999,12458.069288888886,18500.902672222433,6000.0,6000.0,True
2025-06-01,True,0,Optimization terminated successfully. (HiGHS Status 7: Optimal),49645.637670186705,49645.6376701867,0.0,1.0,0.0837318999983836,79091.90448415637,49645.637670186705,3410.910233333332,14254.74803535833,63900.385705545035,31,2,20159.830267489706,16329.462516666666,0.0,7447.620666666668,6000.0,6000.0,True
2025-06-02,True,0,Optimization terminated successfully. (HiGHS Status 7: Optimal),50708.18156477845,50708.18156477845,0.0,1.0,0.0658465000014985,80682.46415946502,50708.18156477845,1911.853583333333,7932.574708016665,58640.756272795115,22,5,22498.31724279835,18223.636966666665,0.0,9678.830016666667,6000.0,6000.0,True
2025-06-03,True,0,Optimization terminated successfully. (HiGHS Status 7: Optimal),46305.75601110368,46305.75601110368,0.0,1.0,0.061148599997977726,74157.96425555555,46305.75601110368,1986.031916666667,7839.786333391667,54145.54234449535,38,12,21877.818888888887,17721.0333,0.0,3794.843749999999,6000.0,6000.0,True
2025-06-04,True,0,Optimization terminated successfully. (HiGHS Status 7: Optimal),53061.699301178516,53061.69930117851,0.0,1.0,0.0526239999999234,85182.42934917693,53061.699301178516,1108.296133333333,3760.3322055499984,56822.03150672851,14,4,23907.161399176948,19364.80073333333,0.0,12103.104,6000.0,6000.0,True
2025-06-05,True,0,Optimization terminated successfully. (HiGHS Status 7: Optimal),45940.449893608806,45940.449893608806,0.0,1.0,0.14017729999977746,73994.61224053496,45940.449893608806,3693.5008666666668,15039.716209224998,60980.166102833806,54,8,21172.157757201643,17149.44778333333,0.0,2516.085116666666,6000.0,6000.0,True
2025-06-06,True,0,Optimization terminated successfully. (HiGHS Status 7: Optimal),22247.651657588332,22247.651657588332,0.0,1.0,0.1196036000001186,36977.75285,22247.651657588332,2059.8651166666655,7522.070056216663,29769.721713804996,34,7,16000.000000000004,12959.999999999996,2921.2328499999962,5142.622566666663,6000.0,6000.0,True
2025-06-07,True,0,Optimization terminated successfully. (HiGHS Status 7: Optimal),22398.390941596892,22398.390941596892,0.0,1.0,0.11259989999962272,38886.57917674897,22398.390941596896,1276.3242666666667,4766.993688566667,27165.384630163564,21,7,12428.361193415636,10066.972566666664,0.0,6675.00165,6000.0,6000.0,True
2025-06-08,True,0,Optimization terminated successfully. (HiGHS Status 7: Optimal),44413.465537797405,44413.465537797405,0.0,1.0,0.05715839999902528,70803.31296769547,44413.465537797405,3391.449599999999,12882.326029566664,57295.79156736407,36,7,18183.533251028806,14728.661933333333,0.0,5554.967983333334,6000.0,6000.0,True
2025-06-09,True,0,Optimization terminated successfully. (HiGHS Status 7: Optimal),50602.179790976734,50602.179790976734,0.0,1.0,0.11004719999982626,80124.81107339711,50602.179790976734,1897.5859999999993,8103.759545749997,58705.93933672673,22,5,21966.65415823045,17792.989868166667,0.0,6916.020049999999,6000.0,6000.0,True
2025-06-10,True,0,Optimization terminated successfully. (HiGHS Status 7: Optimal),46005.76367548254,46005.76367548255,0.0,1.0,0.07526949999737553,73090.75557263373,46005.76367548254,4645.04135,19037.616546683334,65043.38022216588,50,7,19916.68152263374,16132.512033333333,0.0,2333.1832000000004,6000.0,6000.0,True
2025-06-11,True,0,Optimization terminated successfully. (HiGHS Status 7: Optimal),50590.62464644228,50590.62464644229,0.0,1.0,0.0634131000006164,79541.80516666666,50590.62464644228,5961.927133333332,25031.225173491657,75621.84981993394,42,3,22736.074999999997,18416.220749999997,0.0,5099.431733333332,6000.0,6000.0,True
2025-06-12,True,0,Optimization terminated successfully. (HiGHS Status 7: Optimal),48698.37537439971,48698.37537439971,0.0,1.0,0.08379729999796837,77149.3650936214,48698.37537439971,2917.800499999999,12013.15069018333,60711.52606458304,45,11,21827.745843621393,17680.474133333333,0.0,3467.5024499999995,6000.0,6000.0,True
2025-06-13,True,0,Optimization terminated successfully. (HiGHS Status 7: Optimal),20658.879093465,20658.879093465,0.0,1.0,0.10574149999956717,34800.564783333335,20658.879093465002,2476.7948500000252,7906.497752208434,28565.376845673436,39,6,15999.999999999996,12960.0,4042.437383333333,5892.045933333359,6000.0,6000.0,True
2025-06-14,True,0,Optimization terminated successfully. (HiGHS Status 7: Optimal),20912.845550023336,20912.845550023336,0.0,1.0,0.1128169000003254,35219.80121666667,20912.845550023332,1581.4385999999988,5518.307521899995,26431.153071923327,25,6,15999.999999999996,12959.999999999996,2855.906200000002,7567.897066666668,6000.0,6000.0,True
2025-06-15,True,0,Optimization terminated successfully. (HiGHS Status 7: Optimal),45052.770540350946,45052.770540350946,0.0,1.0,0.07099400000151945,70740.30508847735,45052.770540350946,7444.585483333334,29341.250782533334,74394.02132288428,58,5,20035.314588477362,16228.604816666666,0.0,3751.206466666667,6000.0,6000.0,True
2025-06-16,True,0,Optimization terminated successfully. (HiGHS Status 7: Optimal),47082.57300441074,47082.57300441073,0.0,1.0,0.05280580000180635,74371.55470596708,47082.57300441074,5816.340933333334,25652.961653833336,72735.53465824408,49,9,20134.271522633742,16308.759933333331,0.0,3668.3312333333342,6000.0,6000.0,True
2025-06-17,True,0,Optimization terminated successfully. (HiGHS Status 7: Optimal),48104.94278391777,48104.942783917766,1.5125176734678272e-16,1.0,0.10230439999941154,75623.37222901234,48104.942783917766,5636.272416666666,24839.01928072499,72943.96206464275,53,7,19012.570679012344,15400.182249999998,0.0,3010.2449999999994,6000.0,6000.0,True
2025-06-18,True,0,Optimization terminated successfully. (HiGHS Status 7: Optimal),47669.69105758923,47669.69105758923,0.0,1.0,0.053075299998454284,75670.52144609053,47669.69105758923,3932.646633333333,16699.264972024997,64368.95602961423,42,4,19164.063312757196,15522.89128333333,0.0,5033.60515,6000.0,6000.0,True
2025-06-19,True,0,Optimization terminated successfully. (HiGHS Status 7: Optimal),45084.545129457714,45084.54512945771,0.0,1.0,0.06340809999892372,72359.70071028806,45084.545129457714,2944.956083333334,11126.92067315,56211.465802607716,49,13,20870.895843621394,16905.425633333332,0.0,3079.6823833333337,6000.0,6000.0,True
2025-06-20,True,0,Optimization terminated successfully. (HiGHS Status 7: Optimal),20090.001151156666,20090.001151156666,0.0,1.0,0.0783664000009594,34048.50863333333,20090.001151156666,1152.5346166666714,4043.5732531583562,24133.574404315023,24,7,16000.000000000004,12959.999999999998,6427.582916666664,9760.462400000002,6000.0,6000.0,True
2025-06-21,True,0,Optimization terminated successfully. (HiGHS Status 7: Optimal),19522.167056405,19522.167056405,0.0,1.0,0.08910449999893899,33899.991716666664,19522.167056405,1670.8310833333333,6273.298203683334,25795.465260088335,28,7,15999.999999999996,12959.999999999996,11067.83001666667,13196.082400000003,6000.0,6000.0,True
2025-06-22,True,0,Optimization terminated successfully. (HiGHS Status 7: Optimal),42937.49650231111,42937.49650231111,1.6945463072798846e-16,1.0,0.06414170000061858,68775.11743209875,42937.496502311114,4568.83075,18907.880240766666,61845.37674307778,59,9,17569.673765432097,14231.435749999997,0.0,2548.369066666666,6000.0,6000.0,True
2025-06-23,True,0,Optimization terminated successfully. (HiGHS Status 7: Optimal),44910.803331883064,44910.803331883064,0.0,1.0,0.06552759999976843,70319.97864135802,44910.803331883064,3673.199883333332,12842.386730624994,57753.19006250806,50,10,20214.17135802469,16373.478799999999,0.0,3091.199966666667,6000.0,6000.0,True
2025-06-24,True,0,Optimization terminated successfully. (HiGHS Status 7: Optimal),51907.55116950203,51907.55116950204,0.0,1.0,0.05524179999702028,82715.2343057613,51907.55116950204,3591.762616666666,15680.522951174997,67588.07412067703,40,2,23918.345205761318,19373.859616666665,0.0,5493.719083333333,6000.0,6000.0,True
2025-06-25,True,0,Optimization terminated successfully. (HiGHS Status 7: Optimal),44827.78580892173,44827.78580892173,0.0,1.0,0.0533620999995037,72672.91446794444,44827.78580892173,4179.650266666666,15458.031282741666,60285.8170916634,55,10,21800.521761111107,17658.422626499996,0.0,2273.0442333333335,6000.0,6000.0,True
2025-06-26,True,0,Optimization terminated successfully. (HiGHS Status 7: Optimal),43789.072874791724,43789.07287479172,1.6615920677261046e-16,1.0,0.06923439999809489,69629.27009526748,43789.072874791724,4967.395700000001,18412.56163956667,62201.63451435839,56,8,21239.088045267483,17203.661316666665,0.0,3013.855233333333,6000.0,6000.0,True
2025-06-27,True,0,Optimization terminated successfully. (HiGHS Status 7: Optimal),19955.796205736664,19955.796205736664,0.0,1.0,0.06936129999667173,34143.13211666666,19955.796205736668,1496.6869833333337,4454.872574816667,24410.668780553337,22,6,16000.000000000002,12960.0,10003.982016666663,12828.173233333331,6000.0,6000.0,True
2025-06-28,True,0,Optimization terminated successfully. (HiGHS Status 7: Optimal),19309.246863759898,19309.246863759898,0.0,1.0,0.11956590000045253,33274.711169,19309.246863759898,2040.704116666661,6833.951178124988,26143.198041884883,31,6,16013.038433333328,12970.561131,8618.42736666667,10496.011866666666,6000.0,6000.0,True
2025-06-29,True,0,Optimization terminated successfully. (HiGHS Status 7: Optimal),42223.17854116907,42223.17854116907,0.0,1.0,0.10337889999937033,67909.47646790123,42223.17854116907,6672.926199999998,26436.10130674999,68659.27984791907,64,14,20216.87290123457,16375.66705,0.0,1473.4282833333332,6000.0,6000.0,True
2025-06-30,True,0,Optimization terminated successfully. (HiGHS Status 7: Optimal),45710.32767067636,45710.32767067636,0.0,1.0,0.05745250000109081,73533.86457572016,45710.32767067636,4180.4517166666665,17199.960672841666,62910.28834351803,48,9,21588.776275720164,17486.908783333332,0.0,3734.764816666666,6000.0,6000.0,True
2025-07-01,True,0,Optimization terminated successfully. (HiGHS Status 7: Optimal),50678.63927435379,50678.63927435378,1.4357050067572483e-16,1.0,0.08968989999993937,79694.95762901235,50678.63927435379,5778.908916666667,20131.814025108328,70810.45329946211,57,10,21283.92401234568,17239.97845,0.0,2563.3769499999994,6000.0,6000.0,True
2025-07-02,True,0,Optimization terminated successfully. (HiGHS Status 7: Optimal),48621.09532823471,48621.09532823471,0.0,1.0,0.06618220000018482,75016.90407016462,48621.09532823471,5012.281533333331,19673.22763284999,68294.3229610847,47,7,18575.25238683128,15045.954433333334,0.0,3595.1212833333325,6000.0,6000.0,True
2025-07-03,True,0,Optimization terminated successfully. (HiGHS Status 7: Optimal),53899.61523155671,53899.6152315567,0.0,1.0,0.06165600000167615,84354.99929444444,53899.61523155671,3617.8216833333327,13802.305215108332,67701.92044666504,36,8,22808.77611111111,18475.108650000002,0.0,3878.734583333332,6000.0,6000.0,True
2025-07-04,True,0,Optimization terminated successfully. (HiGHS Status 7: Optimal),25458.681738126666,25458.681738126666,0.0,1.0,0.09083260000261362,41997.11276666667,25458.681738126666,2951.376600000021,11270.087816900048,36728.769555026716,29,8,16005.788497942382,12964.688683333334,13128.875602057618,13026.52208539097,6000.0,6000.0,True
2025-07-05,True,0,Optimization terminated successfully. (HiGHS Status 7: Optimal),25761.014849329335,25761.014849329335,0.0,1.0,0.10088399999949615,42501.46667,25761.01484932933,2811.126283333323,9907.78833750831,35668.80318683764,32,7,16010.841333333332,12968.781479999996,14436.889916666663,13480.45313333332,6000.0,6000.0,True
2025-07-06,True,0,Optimization terminated successfully. (HiGHS Status 7: Optimal),50640.22940281311,50640.22940281311,0.0,1.0,0.04693550000229152,77620.07463271605,50640.2294028131,8172.057966666665,34876.747611349994,85516.9770141631,52,7,19884.17938271605,16106.1853,0.0,2220.1569666666655,6000.0,6000.0,True
2025-07-07,True,0,Optimization terminated successfully. (HiGHS Status 7: Optimal),50561.1330796837,50561.1330796837,0.0,1.0,0.05619279999882565,78666.67386934155,50561.1330796837,3677.8878000000013,15576.253494425004,66137.3865741087,33,8,18536.023786008227,15014.179266666664,0.0,5413.2343833333325,6000.0,6000.0,True
2025-07-08,True,0,Optimization terminated successfully. (HiGHS Status 7: Optimal),52499.92736753413,52499.92736753414,0.0,1.0,0.06921320000037667,82291.90077613169,52499.92736753413,3083.7438500000003,12872.961980625001,65372.88934815914,34,9,21532.367242798355,17441.217466666665,0.0,5713.1078333333335,6000.0,6000.0,True
2025-07-09,True,0,Optimization terminated successfully. (HiGHS Status 7: Optimal),52234.031872918764,52234.03187291877,0.0,1.0,0.053336499997385545,81912.25714341563,52234.031872918764,2463.581966666667,10453.194144200002,62687.226017118766,29,6,21270.56619341564,17229.158616666668,0.0,6275.706516666667,6000.0,6000.0,True
2025-07-10,True,0,Optimization terminated successfully. (HiGHS Status 7: Optimal),48643.715137154264,48643.71513715426,0.0,1.0,0.05911479999849689,74446.9925644033,48643.715137154264,5708.995016666666,25432.854010525,74076.56914767926,43,7,19027.662181069958,15412.406366666663,0.0,3687.1083833333337,6000.0,6000.0,True
2025-07-11,True,0,Optimization terminated successfully. (HiGHS Status 7: Optimal),26493.348733034996,26493.348733034996,0.0,1.0,0.06731410000065807,43507.417466666666,26493.348733034996,1942.5475999999994,7313.462553566665,33806.81128660166,26,6,16000.000000000002,12960.0,6986.4792666666635,9891.187916666662,6000.0,6000.0,True
2025-07-12,True,0,Optimization terminated successfully. (HiGHS Status 7: Optimal),25394.081060679997,25394.081060679997,0.0,1.0,0.03664710000157356,42068.13423333333,25394.081060679993,2894.7389499999986,10113.858147824996,35507.93920850499,33,9,15999.999999999998,12960.0,14942.269533333332,10838.62985,6000.0,6000.0,True
2025-07-13,True,0,Optimization terminated successfully. (HiGHS Status 7: Optimal),52258.500587173425,52258.50058717341,1.3923012586337528e-16,1.0,0.04872560000148951,79750.25873057201,52258.500587173425,3295.9451666666673,12901.256088583337,65159.75667575676,35,5,21948.011827572016,17777.88958033333,0.0,9608.361249999998,6000.0,6000.0,True
2025-07-14,True,0,Optimization terminated successfully. (HiGHS Status 7: Optimal),49099.278476003026,49099.27847600302,0.0,1.0,0.051499999997759005,76369.86240658436,49099.27847600302,3039.852083333333,12695.496354741663,61794.77483074468,33,8,17324.20547325103,14032.606433333334,0.0,4310.436233333332,6000.0,6000.0,True
2025-07-15,True,0,Optimization terminated successfully. (HiGHS Status 7: Optimal),50012.801001410946,50012.801001410946,0.0,1.0,0.044560800000908785,78149.83115802468,50012.801001410946,3001.8334166666673,12284.717447500003,62297.51844891095,35,8,18057.734691358026,14626.765099999999,0.0,4971.644399999999,6000.0,6000.0,True
2025-07-16,True,0,Optimization terminated successfully. (HiGHS Status 7: Optimal),49760.3636962524,49760.3636962524,0.0,1.0,0.056316700000024866,76254.0887654321,49760.3636962524,4643.989799999999,16437.900367541664,66198.26406379406,46,7,20182.80043209876,16348.068349999998,0.0,4928.7831,6000.0,6000.0,True
2025-07-17,True,0,Optimization terminated successfully. (HiGHS Status 7: Optimal),47401.34948915578,47401.34948915578,0.0,1.0,0.05384380000032252,73438.22498950617,47401.34948915578,4754.985316666667,19218.47691549167,66619.82640464745,57,10,19439.09950617283,15745.670599999998,0.0,1779.3653333333325,6000.0,6000.0,True
2025-07-18,True,0,Optimization terminated successfully. (HiGHS Status 7: Optimal),25954.020152435616,25954.020152435616,0.0,1.0,0.050290300001506694,42673.82877921811,25954.020152435616,2264.80875,8668.461007816666,34622.48116025228,23,6,16476.388662551435,13345.874816666665,5079.6079333333355,10533.875583333334,6000.0,6000.0,True
2025-07-19,True,0,Optimization terminated successfully. (HiGHS Status 7: Optimal),27025.249915204142,27025.249915204142,0.0,1.0,0.07220370000140974,43695.44126668107,27025.249915204142,1857.9614500000014,6971.5739023750075,33996.82381757915,17,4,16288.908508847733,13194.015892166664,7235.194650000001,15275.69105,6000.0,6000.0,True
2025-07-20,True,0,Optimization terminated successfully. (HiGHS Status 7: Optimal),49650.75455384499,49650.75455384499,0.0,1.0,0.05215969999699155,78235.91900185184,49650.75455384499,3743.5131,16454.169383041666,66104.92393688665,31,8,18493.260185185176,14979.540749999996,0.0,6375.734449999998,6000.0,6000.0,True
2025-07-21,True,0,Optimization terminated successfully. (HiGHS Status 7: Optimal),50431.39012083547,50431.390120835465,0.0,1.0,0.08043159999942873,78651.03611502057,50431.39012083547,3485.08645,14685.50206165,65116.89218248548,34,8,19467.74113168724,15768.870316666666,0.0,4447.5024,6000.0,6000.0,True
2025-07-22,True,0,Optimization terminated successfully. (HiGHS Status 7: Optimal),48829.796311179685,48829.796311179685,0.0,1.0,0.04456159999972442,75458.20690679012,48829.796311179685,5093.7618999999995,19585.3329403,68415.12925147968,42,5,18064.696790123453,14632.404399999998,0.0,3324.5317999999997,6000.0,6000.0,True
2025-07-23,True,0,Optimization terminated successfully. (HiGHS Status 7: Optimal),55191.64554488261,55191.6455448826,1.3183077877731544e-16,1.0,0.047950299998774426,86309.89440969135,55191.64554488261,1707.5830166666665,6591.374047858333,61783.019592740944,21,7,23321.97452469136,18890.799365,0.0,9369.75515,6000.0,6000.0,True
2025-07-24,True,0,Optimization terminated successfully. (HiGHS Status 7: Optimal),54250.18237539839,54250.18237539839,0.0,1.0,0.04040200000235927,84572.01764465022,54250.18237539839,1822.1840666666667,7058.854271716667,61309.03664711506,19,5,20691.049094650203,16759.749766666664,0.0,8846.430383333332,6000.0,6000.0,True
2025-07-25,True,0,Optimization terminated successfully. (HiGHS Status 7: Optimal),24510.544733478866,24510.544733478866,0.0,1.0,0.1599800999974832,40454.63678233333,24510.544733478862,1973.9637333333337,6885.475517808335,31396.0202512872,26,7,16011.5721,12969.373401000003,13412.779899999998,12881.08225,6000.0,6000.0,True
2025-07-26,True,0,Optimization terminated successfully. (HiGHS Status 7: Optimal),24373.30062954673,24373.30062954673,0.0,1.0,0.1257973000028869,40571.445672999995,24373.30062954673,1669.9637666666672,5888.779087341668,30262.0797168884,19,5,16004.466699999999,12963.618027,6514.467666666666,10731.4692,6000.0,6000.0,True
2025-07-27,True,0,Optimization terminated successfully. (HiGHS Status 7: Optimal),48401.8278794221,48401.8278794221,0.0,1.0,0.10904239999945275,76807.70519341563,48401.8278794221,3370.1119500000004,14536.565931058336,62938.39381048043,44,11,20894.15952674897,16924.269216666664,0.0,2522.737033333334,6000.0,6000.0,True
2025-07-28,True,0,Optimization terminated successfully. (HiGHS Status 7: Optimal),50706.132163658636,50706.132163658636,0.0,1.0,0.06573410000055446,79707.7222674897,50706.132163658636,5175.360916666665,23059.816030583333,73765.94819424197,44,9,20493.058600823042,16599.377466666665,0.0,3034.5248166666665,6000.0,6000.0,True
2025-07-29,True,0,Optimization terminated successfully. (HiGHS Status 7: Optimal),49122.87327349156,49122.87327349156,0.0,1.0,0.06599070000083884,76325.38235077572,49122.87327349156,6714.862066666666,25684.9830204,74807.85629389156,55,2,18945.417547942383,15345.78821383333,0.0,3371.369133333333,6000.0,6000.0,True
2025-07-30,True,0,Optimization terminated successfully. (HiGHS Status 7: Optimal),45294.436031772035,45294.436031772035,0.0,1.0,0.1061844999967434,69431.69387674896,45294.436031772035,9696.228716666667,36944.231368425004,82238.66740019704,61,5,18302.282860082298,14824.849116666666,0.0,1547.2348,6000.0,6000.0,True
2025-07-31,True,0,Optimization terminated successfully. (HiGHS Status 7: Optimal),46985.55174257658,46985.55174257658,0.0,1.0,0.05518559999836725,72838.80353683127,46985.55174257658,6986.2926499999985,29212.490520591666,76198.04226316824,64,5,17809.26905349794,14425.50793333333,0.0,1746.3387999999995,6000.0,6000.0,True
2025-08-01,True,0,Optimization terminated successfully. (HiGHS Status 7: Optimal),24985.830178112334,24985.830178112334,0.0,1.0,0.1673201000012341,40902.11177999999,24985.83017811233,1458.5553166666664,4874.672294083332,29860.50247219566,14,3,16005.523666666673,12964.474169999998,13233.305983333326,18068.257933333327,6000.0,6000.0,True
2025-08-02,True,0,Optimization terminated successfully. (HiGHS Status 7: Optimal),24700.34771747333,24700.34771747333,0.0,1.0,0.05959360000269953,40506.074016666666,24700.347717473327,1400.9496833333333,4836.950476524999,29537.298193998326,14,1,16000.0,12960.0,6077.134800000001,17939.998766666664,6000.0,6000.0,True
2025-08-03,True,0,Optimization terminated successfully. (HiGHS Status 7: Optimal),43203.41252014667,43203.41252014667,0.0,1.0,0.09203999999954249,64525.7089,43203.41252014667,4804.56811666666,17930.49158619164,61133.904106338305,43,6,16006.14063786008,12964.973916666666,1148.9901288065855,3449.630312139913,6000.0,6000.0,True
2025-08-04,True,0,Optimization terminated successfully. (HiGHS Status 7: Optimal),45912.424613101255,45912.424613101255,0.0,1.0,0.04881739999837009,69034.37046296295,45912.42461310125,4947.315399999998,21343.75983209166,67256.1844451929,45,6,17397.92796296296,14092.321649999998,0.0,5260.4244666666655,6000.0,6000.0,True
2025-08-05,True,0,Optimization terminated successfully. (HiGHS Status 7: Optimal),43552.66120221239,43552.66120221239,0.0,1.0,0.09303429999999935,65848.49826008231,43552.66120221239,6672.369533333308,25854.725591158203,69407.38679337059,46,7,16823.56286008235,13627.085916666667,482.024633333288,4172.081116666594,6000.0,6000.0,True
2025-08-06,True,0,Optimization terminated successfully. (HiGHS Status 7: Optimal),49012.962245920324,49012.962245920324,0.0,1.0,0.1087788000004366,73485.66221790123,49012.962245920324,5797.276483333333,25144.29360668333,74157.25585260366,43,2,19225.19956790123,15572.411649999998,0.0,7515.751516666666,6000.0,6000.0,True
2025-08-07,True,0,Optimization terminated successfully. (HiGHS Status 7: Optimal),48053.51245147928,48053.512451479284,0.0,1.0,0.08325300000069547,75908.02334423868,48053.51245147927,2186.12165,8485.452239066666,56538.96469054594,24,5,19197.421460905352,15549.911383333332,0.0,11058.649666666664,6000.0,6000.0,True
2025-08-08,True,0,Optimization terminated successfully. (HiGHS Status 7: Optimal),23540.466426908333,23540.46642690833,1.5454149213174718e-16,1.0,0.14810619999843766,39207.025299999994,23540.46642690833,1491.4242000000004,5363.457750225002,28903.924177133333,18,6,16000.0,12960.0,21549.071583333327,21883.278249999996,6000.0,6000.0,True
2025-08-09,True,0,Optimization terminated successfully. (HiGHS Status 7: Optimal),23844.259031828333,23844.259031828333,0.0,1.0,0.10119309999936377,39588.54283333333,23844.259031828333,1642.9139666666663,6058.648925099998,29902.90795692833,15,3,15999.999999999998,12959.999999999998,16506.696683333335,19269.5278,6000.0,6000.0,True
2025-08-10,True,0,Optimization terminated successfully. (HiGHS Status 7: Optimal),45694.62374911827,45694.62374911827,0.0,1.0,0.047527099999570055,69106.44536687242,45694.62374911827,5917.123733333334,27043.850602241662,72738.47435135994,34,3,16528.121316872424,13387.778266666666,0.0,6578.607000000001,6000.0,6000.0,True
2025-08-11,True,0,Optimization terminated successfully. (HiGHS Status 7: Optimal),43802.33768334432,43802.33768334432,0.0,1.0,0.10952529999849503,67391.02075205761,43802.33768334432,3954.906150000001,16198.221517200003,60000.55920054432,41,12,17129.46650205761,13874.867866666666,0.0,3530.0749333333333,6000.0,6000.0,True
2025-08-12,True,0,Optimization terminated successfully. (HiGHS Status 7: Optimal),47631.92336391773,47631.92336391773,0.0,1.0,0.05936989999827347,74098.53157263374,47631.923363917726,3190.7862499999997,12851.64368348333,60483.567047401055,38,7,17042.139855967067,13804.133283333333,0.0,6290.767599999999,6000.0,6000.0,True
2025-08-13,True,0,Optimization terminated successfully. (HiGHS Status 7: Optimal),43343.96564471259,43343.96564471259,0.0,1.0,0.05841990000044461,66280.71684423868,43343.96564471259,5461.88845,23497.39989353333,66841.36553824591,53,9,16724.28979423868,13546.674733333333,0.0,2444.010783333333,6000.0,6000.0,True
2025-08-14,True,0,Optimization terminated successfully. (HiGHS Status 7: Optimal),45227.896972032344,45227.896972032344,0.0,1.0,0.08614790000137873,67776.45853065843,45227.89697203234,6383.708249999999,28261.301954558323,73489.19892659066,50,3,18281.3595473251,14807.901233333334,101.32805000000282,4760.417483333333,6000.0,6000.0,True
2025-08-15,True,0,Optimization terminated successfully. (HiGHS Status 7: Optimal),24484.209825231665,24484.209825231665,0.0,1.0,0.07605010000042967,40458.251116666666,24484.209825231665,1571.5058500000002,5698.470737266667,30182.68056249833,14,1,15999.999999999996,12959.999999999996,9322.43215,21830.030083333335,6000.0,6000.0,True
2025-08-16,True,0,Optimization terminated successfully. (HiGHS Status 7: Optimal),25683.464300306434,25683.464300306434,0.0,1.0,0.09017989999847487,41611.8004065,25683.464300306434,1838.6189000000002,6660.053533925001,32343.517834231436,14,1,16073.248016666668,13019.3308935,12167.123733333334,23467.221816666664,6000.0,6000.0,True
2025-08-17,True,0,Optimization terminated successfully. (HiGHS Status 7: Optimal),45754.62642968736,45754.62642968736,0.0,1.0,0.05960350000168546,70972.1548584362,45754.62642968736,3136.4651833333332,13146.725558733333,58901.3519884207,28,8,17987.403991769548,14569.797233333331,0.0,7525.619666666666,6000.0,6000.0,True
2025-08-18,True,0,Optimization terminated successfully. (HiGHS Status 7: Optimal),45267.59327669679,45267.59327669678,1.6073215047482988e-16,1.0,0.055888999999297084,68632.60725658436,45267.59327669679,3966.019783333333,16921.991776324998,62189.58505302179,41,8,18449.95547325103,14944.46393333333,0.0,4699.019883333334,6000.0,6000.0,True
2025-08-19,True,0,Optimization terminated successfully. (HiGHS Status 7: Optimal),44312.31751212401,44312.31751212401,0.0,1.0,0.06206620000011753,67150.77162633745,44312.31751212401,4122.040499999998,16033.973830866656,60346.29134299067,40,8,16680.470226337446,13511.180883333334,0.0,3785.862733333334,6000.0,6000.0,True
2025-08-20,True,0,Optimization terminated successfully. (HiGHS Status 7: Optimal),48561.75304905915,48561.75304905915,0.0,1.0,0.05033560000083526,75843.9992483539,48561.75304905915,4564.186016666667,20428.836476541663,68990.58952560081,36,4,20044.867798353906,16236.342916666666,0.0,5948.9693166666675,6000.0,6000.0,True
2025-08-21,True,0,Optimization terminated successfully. (HiGHS Status 7: Optimal),46346.37082553166,46346.37082553166,0.0,1.0,0.09481940000114264,71906.03910246912,46346.37082553166,2799.63115,11625.439573241667,57971.81039877333,29,9,18837.755802469128,15258.582199999999,0.0,5282.078166666667,6000.0,6000.0,True
2025-08-22,True,0,Optimization terminated successfully. (HiGHS Status 7: Optimal),24910.829081689997,24910.829081689997,0.0,1.0,0.06401190000178758,40796.21363333333,24910.829081689997,1597.8734833333333,5909.016407483334,30819.84548917333,15,2,15999.999999999998,12960.0,14745.716033333332,18123.517716666665,6000.0,6000.0,True
2025-08-23,True,0,Optimization terminated successfully. (HiGHS Status 7: Optimal),23443.542892849997,23443.542892849997,0.0,1.0,0.06242910000219126,39317.04806666666,23443.542892849997,1706.2995666666561,6062.699012066641,29506.24190491664,23,9,15999.999999999996,12960.0,15824.748733333334,15453.341483333325,6000.0,6000.0,True
2025-08-24,True,0,Optimization terminated successfully. (HiGHS Status 7: Optimal),45116.394629038725,45116.39462903872,1.612708123955527e-16,1.0,0.06746410000050673,67799.47353683127,45116.394629038725,4883.9877,21110.29463044167,66226.6892594804,41,3,18700.56572016461,15147.458233333333,338.97945000000124,5396.764266666666,6000.0,6000.0,True
2025-08-25,True,0,Optimization terminated successfully. (HiGHS Status 7: Optimal),56584.87680594247,56584.87680594246,0.0,1.0,0.058566899999277666,89209.30098045267,56584.87680594246,2115.7967,8448.8698472,65033.74665314246,19,3,22572.25489711934,18283.526466666666,0.0,16263.282233333332,6000.0,6000.0,True
2025-08-26,True,0,Optimization terminated successfully. (HiGHS Status 7: Optimal),45731.74929859166,45731.74929859166,0.0,1.0,0.13001570000051288,68495.5381930041,45731.74929859167,5448.786833333329,22425.659918758316,68157.40921734998,50,5,18671.455226337443,15123.878733333333,747.4885666666703,4867.930149999999,6000.0,6000.0,True
2025-08-27,True,0,Optimization terminated successfully. (HiGHS Status 7: Optimal),44942.46966887895,44942.46966887894,1.6189492183652218e-16,1.0,0.07539760000145179,68780.39686851851,44942.46966887895,5510.904166666667,20212.962354433334,65155.432023312285,46,9,19712.733518518522,15967.314149999998,0.0,2631.7328,6000.0,6000.0,True
2025-08-28,True,0,Optimization terminated successfully. (HiGHS Status 7: Optimal),44385.51837810088,44385.51837810088,0.0,1.0,0.06546779999916907,68561.39238395062,44385.51837810088,7115.019016666666,27164.371058674995,71549.88943677588,62,5,17778.16061728395,14400.310099999999,0.0,1530.7659,6000.0,6000.0,True
2025-08-29,True,0,Optimization terminated successfully. (HiGHS Status 7: Optimal),25146.841695006664,25146.841695006664,0.0,1.0,0.06391010000152164,41344.97131666666,25146.841695006668,1486.5566,5653.462683316667,30800.304378323333,14,3,16000.0,12960.0,9033.037666666663,17236.307566666663,6000.0,6000.0,True
2025-08-30,True,0,Optimization terminated successfully. (HiGHS Status 7: Optimal),25012.601009690614,25012.60100969061,1.4544584170523702e-16,1.0,0.19289149999895017,41137.986212076125,25012.60100969061,1250.8823666666667,4746.800414466667,29759.401424157277,12,3,16205.732870576128,13126.643625166666,12907.878983333336,20797.059500000003,6000.0,6000.0,True
2025-08-31,True,0,Optimization terminated successfully. (HiGHS Status 7: Optimal),44863.62265353403,44863.62265353403,0.0,1.0,0.08614309999757097,67138.36693580246,44863.622653534025,7562.77125,32481.504698166667,77345.12735170069,44,4,17943.655802469133,14534.361199999998,0.0,4645.220499999999,6000.0,6000.0,True
2025-09-01,True,0,Optimization terminated successfully. (HiGHS Status 7: Optimal),39967.321405558636,39967.32140555864,0.0,1.0,0.053106499999557855,64809.37382489711,39967.32140555864,1601.0867666666663,6315.664933941665,46282.986339500305,17,6,18009.76767489712,14587.911816666667,0.0,9414.4702,6000.0,6000.0,True
2025-09-02,True,0,Optimization terminated successfully. (HiGHS Status 7: Optimal),35617.674189226105,35617.674189226105,0.0,1.0,0.09852580000006128,55691.47249567901,35617.674189226105,4418.120766666665,18529.239547124995,54146.913736351096,47,9,18025.17234567901,14600.389599999999,0.0,2627.054666666668,6000.0,6000.0,True
2025-09-03,True,0,Optimization terminated successfully. (HiGHS Status 7: Optimal),38405.44548897428,38405.44548897428,0.0,1.0,0.10323690000222996,60363.588582510274,38405.44548897428,3404.349483333335,14467.801949675004,52873.24743864928,35,8,16431.879732510282,13309.82258333333,0.0,5098.163666666667,6000.0,6000.0,True
2025-09-04,True,0,Optimization terminated successfully. (HiGHS Status 7: Optimal),37715.52868011994,37715.52868011994,0.0,1.0,0.073958600001788,57951.09717098765,37715.52868011994,4518.3589999999995,20121.071335225002,57836.60001534494,39,5,17173.825987654323,13910.79905,0.0,5280.863683333335,6000.0,6000.0,True
2025-09-05,True,0,Optimization terminated successfully. (HiGHS Status 7: Optimal),17809.11030049833,17809.11030049833,0.0,1.0,0.06956500000160304,31172.460483333332,17809.11030049833,1771.9607499999959,6760.25505492499,24569.36535542332,19,4,15999.999999999996,12960.0,23654.217033333334,23080.15956666666,6000.0,6000.0,True
2025-09-06,True,0,Optimization terminated successfully. (HiGHS Status 7: Optimal),17637.755323395,17637.755323395,0.0,1.0,0.15720860000146786,31248.377549999997,17637.755323394995,1397.4674666666665,5541.089532383332,23178.844855778327,16,1,15999.999999999998,12960.0,21647.271683333336,21884.761316666667,6000.0,6000.0,True
2025-09-07,True,0,Optimization terminated successfully. (HiGHS Status 7: Optimal),35752.40647418283,35752.40647418284,0.0,1.0,0.06764839999959804,54967.96407345679,35752.40647418283,6224.3935999999985,28128.486301374993,63880.892775557826,53,4,16278.011790123455,13185.18955,0.0,3138.551816666667,6000.0,6000.0,True
2025-09-08,True,0,Optimization terminated successfully. (HiGHS Status 7: Optimal),40238.63052021284,40238.63052021284,0.0,1.0,0.08244960000229185,64329.2872,40238.63052021284,2966.8291,12846.026668666666,53084.65718887951,31,8,18550.816666666666,15026.161499999998,0.0,4375.891599999999,6000.0,6000.0,True
2025-09-09,True,0,Optimization terminated successfully. (HiGHS Status 7: Optimal),36157.516622568146,36157.516622568146,0.0,1.0,0.090350499998749,55527.48897962963,36157.516622568146,4880.240666666661,19484.65042919164,55642.16705175978,44,9,16480.324629629627,13349.062950000003,2740.1887166666706,4173.6337,6000.0,6000.0,True
2025-09-10,True,0,Optimization terminated successfully. (HiGHS Status 7: Optimal),40699.258418341225,40699.258418341225,0.0,1.0,0.08786270000200602,66016.09970987654,40699.258418341225,3266.569950000001,14464.611249175003,55163.86966751623,37,9,19011.0448765432,15398.946349999997,0.0,4354.572483333333,6000.0,6000.0,True
2025-09-11,True,0,Optimization terminated successfully. (HiGHS Status 7: Optimal),40966.96924358543,40966.96924358543,0.0,1.0,0.0876105000024836,64631.59346358023,40966.96924358543,4521.208883333332,20930.227772333328,61897.19701591876,29,1,18112.886913580245,14671.438399999995,0.0,12215.26805,6000.0,6000.0,True
2025-09-12,True,0,Optimization terminated successfully. (HiGHS Status 7: Optimal),18098.23650671895,18098.236506718946,2.010128890591698e-16,1.0,0.2100734999985434,32100.70212683333,18098.23650671895,1633.4007499999993,6535.277104283331,24633.51361100228,23,7,16035.825316666667,12989.018506499997,22066.373799999994,19135.639866666665,6000.0,6000.0,True
2025-09-13,True,0,Optimization terminated successfully. (HiGHS Status 7: Optimal),17908.956791413337,17908.956791413337,0.0,1.0,0.07643259999895236,31750.373633333336,17908.956791413337,1238.7416333333333,5113.120444408333,23022.07723582167,19,4,16000.0,12959.999999999996,23223.567616666664,21942.013783333332,6000.0,6000.0,True
2025-09-14,True,0,Optimization terminated successfully. (HiGHS Status 7: Optimal),43739.193493505736,43739.193493505736,0.0,1.0,0.06634240000130376,70494.23443950617,43739.193493505736,1421.2500833333331,6229.655935033332,49968.84942853907,17,5,22006.876172839504,17825.5697,0.0,7634.853300000001,6000.0,6000.0,True
2025-09-15,True,0,Optimization terminated successfully. (HiGHS Status 7: Optimal),37290.697391290494,37290.697391290494,0.0,1.0,0.11521110000103363,57788.3383691358,37290.697391290494,4835.978229835392,20398.04937200494,57688.746763295436,48,8,18435.020082304523,14932.366266666666,3303.0606701646134,4054.632150000005,6000.0,6000.0,True
2025-09-16,True,0,Optimization terminated successfully. (HiGHS Status 7: Optimal),43971.598262606625,43971.59826260662,0.0,1.0,0.061952100000780774,70307.67232674896,43971.598262606625,2568.9426666666677,11771.916999375004,55743.51526198163,26,7,20241.40452674897,16395.537666666663,0.0,9538.978149999997,6000.0,6000.0,True
2025-09-17,True,0,Optimization terminated successfully. (HiGHS Status 7: Optimal),41535.11528547645,41535.11528547645,0.0,1.0,0.06680249999772059,65387.27965534979,41535.11528547646,5324.0605000000005,21864.577222125,63399.69250760146,43,3,20658.139238683125,16733.092783333334,0.0,6826.175299999998,6000.0,6000.0,True
2025-09-18,True,0,Optimization terminated successfully. (HiGHS Status 7: Optimal),38134.81758947531,38134.81758947531,0.0,1.0,0.17365540000173496,58726.393771810704,38134.81758947531,6791.153816666665,28398.647182374993,66533.4647718503,48,7,18614.2379218107,15077.532716666665,1548.8795000000016,3024.7912666666666,6000.0,6000.0,True
2025-09-19,True,0,Optimization terminated successfully. (HiGHS Status 7: Optimal),18517.792150771667,18517.792150771667,0.0,1.0,0.09111459999985527,32597.2033,18517.792150771667,1639.3419999999996,6806.218330049998,25324.010480821664,25,4,16000.000000000002,12960.0,14548.296033333329,15095.192983333329,6000.0,6000.0,True
2025-09-20,True,0,Optimization terminated successfully. (HiGHS Status 7: Optimal),18600.512837754995,18600.512837754995,0.0,1.0,0.09082209999905899,32685.185283333325,18600.512837754995,1619.4088999999633,6540.157976741581,25140.670814496574,20,5,16000.00000000002,12960.000000000022,17266.56125,15619.160449999961,6000.0,6000.0,True
2025-09-21,True,0,Optimization terminated successfully. (HiGHS Status 7: Optimal),41012.248852837765,41012.248852837765,0.0,1.0,0.07110310000280151,64908.7148761255,41012.24885283777,2528.4410666666663,11064.021166016664,52076.27001885444,22,6,18773.913119958845,15206.869627166667,0.0,5582.624966666666,6000.0,6000.0,True
2025-09-22,True,0,Optimization terminated successfully. (HiGHS Status 7: Optimal),44351.5859913263,44351.5859913263,0.0,1.0,0.0738863999977184,69956.78973765431,44351.5859913263,3704.6298166666656,17508.341321549997,61859.927312876294,26,1,21380.312654320987,17318.053249999997,0.0,8985.140266666667,6000.0,6000.0,True
2025-09-23,True,0,Optimization terminated successfully. (HiGHS Status 7: Optimal),43341.14766613098,43341.14766613097,0.0,1.0,0.09628210000300896,68149.93810955966,43341.14766613097,3500.28855,15243.816230966668,58584.96389709764,31,3,20545.36934855967,16641.749172333337,0.0,5629.990900000001,6000.0,6000.0,True
2025-09-24,True,0,Optimization terminated successfully. (HiGHS Status 7: Optimal),38275.24968757765,38275.249687577656,0.0,1.0,0.17016709999734303,60304.49460349794,38275.249687577656,7263.415500000001,25777.02811493334,64052.277802510995,44,8,20462.780534979418,16574.85223333333,2657.7569851851863,2616.756701851854,6000.0,6000.0,True
2025-09-25,True,0,Optimization terminated successfully. (HiGHS Status 7: Optimal),40556.65664025265,40556.65664025265,0.0,1.0,0.0917860000008659,64208.18388806583,40556.65664025265,3659.381283333334,16622.150581,57178.80722125265,35,7,19852.318621399172,16080.378083333333,0.0,3760.1757333333326,6000.0,6000.0,True
2025-09-26,True,0,Optimization terminated successfully. (HiGHS Status 7: Optimal),18527.11001101333,18527.11001101333,0.0,1.0,0.0987712999994983,32778.32818333333,18527.11001101333,1360.4902,5606.4744579,24133.58446891333,12,3,15999.999999999998,12960.0,7743.059766666667,13404.574883333335,6000.0,6000.0,True
2025-09-27,True,0,Optimization terminated successfully. (HiGHS Status 7: Optimal),18888.163941352,18888.163941352,0.0,1.0,0.09997769999972661,33321.8168275,18888.163941352002,3377.4807999999994,13151.839162816665,32040.003104168667,26,5,16041.987249999998,12994.0096725,19546.8932,15850.017799999998,6000.0,6000.0,True
2025-09-28,True,0,Optimization terminated successfully. (HiGHS Status 7: Optimal),40269.95971906219,40269.9597190622,0.0,1.0,0.11063189999913448,64435.38725622221,40269.95971906219,5257.291116666666,22144.962968383334,62414.92268744553,46,6,20067.842488888884,16254.952416,0.0,2392.159133333333,6000.0,6000.0,True
2025-09-29,True,0,Optimization terminated successfully. (HiGHS Status 7: Optimal),43534.5998409072,43534.5998409072,0.0,1.0,0.075960699999996,68978.52173148148,43534.59984090719,3734.545766666667,16645.983488283335,60180.58332919053,31,5,21200.766481481478,17172.62085,0.0,5925.030266666667,6000.0,6000.0,True
2025-09-30,True,0,Optimization terminated successfully. (HiGHS Status 7: Optimal),42958.52387968076,42958.52387968075,1.6937168592110145e-16,1.0,0.0701755999980378,67128.0995925926,42958.52387968076,8438.243766666666,35436.41420842499,78394.93808810576,35,2,21623.735925925925,17515.2261,0.0,6035.658766666666,6000.0,6000.0,True
2025-10-01,True,0,Optimization terminated successfully. (HiGHS Status 7: Optimal),36860.2555262616,36860.2555262616,0.0,1.0,0.07005130000106874,59597.897480041145,36860.25552626161,3200.6944000000003,15019.834077866668,51880.089604128276,20,4,18939.81559670782,15341.25063333333,0.0,9538.505383333333,6000.0,6000.0,True
2025-10-02,True,0,Optimization terminated successfully. (HiGHS Status 7: Optimal),40943.204018168,40943.204018168,0.0,1.0,0.05591570000251522,67103.99937510287,40943.204018168,1826.19595,8239.217541283333,49182.42155945133,14,3,21743.477325102882,17612.216633333333,0.0,13068.151516666669,6000.0,6000.0,True
2025-10-03,True,0,Optimization terminated successfully. (HiGHS Status 7: Optimal),15209.936491556666,15209.936491556666,0.0,1.0,0.062067999999271706,28898.461983333335,15209.936491556666,1294.6958666666665,5528.130473358333,20738.066964915,13,4,16000.0,12960.0,17119.539549999998,19336.004149999997,6000.0,6000.0,True
2025-10-04,True,0,Optimization terminated successfully. (HiGHS Status 7: Optimal),16442.834283146665,16442.834283146665,0.0,1.0,0.0919106000001193,30871.075549999994,16442.834283146665,1247.4410333333333,5294.175917916666,21737.01020106333,9,2,16000.0,12960.000000000002,5585.093616666666,15982.534149999998,6000.0,6000.0,True
2025-10-05,True,0,Optimization terminated successfully. (HiGHS Status 7: Optimal),40278.39140958062,40278.39140958062,0.0,1.0,0.06863109999903827,66777.31795823044,40278.39140958062,1451.2263833333332,6764.447781941666,47042.83919152228,13,4,21647.75767489712,17534.683716666666,0.0,9379.509316666667,6000.0,6000.0,True
2025-10-06,True,0,Optimization terminated successfully. (HiGHS Status 7: Optimal),36213.599333222344,36213.599333222344,0.0,1.0,0.10027380000246922,57490.62678991769,36213.599333222344,7020.647633333334,28338.722134950003,64552.32146817235,46,4,19282.232139917694,15618.608033333334,2477.7320499999987,3114.541066666667,6000.0,6000.0,True
2025-10-07,True,0,Optimization terminated successfully. (HiGHS Status 7: Optimal),36603.925243704776,36603.925243704776,0.0,1.0,0.12417540000024019,59897.02492263375,36603.925243704776,4371.524983333331,20011.380266291657,56615.30550999643,41,7,19989.911522633745,16191.828333333333,0.0,2698.903716666667,6000.0,6000.0,True
2025-10-08,True,0,Optimization terminated successfully. (HiGHS Status 7: Optimal),36139.018787237204,36139.018787237204,0.0,1.0,0.11786270000084187,58082.19890041152,36139.018787237204,5682.3215666666665,26232.851639924997,62371.8704271622,44,5,19996.617633744856,16197.260283333333,0.0,3486.667449999999,6000.0,6000.0,True
2025-10-09,True,0,Optimization terminated successfully. (HiGHS Status 7: Optimal),41896.60672963658,41896.60672963658,0.0,1.0,0.12631859999964945,68569.43597736626,41896.60672963658,2103.248016666667,9867.672185833335,51764.27891546991,18,4,22521.421810699583,18242.351666666666,0.0,10633.632166666666,6000.0,6000.0,True
2025-10-10,True,0,Optimization terminated successfully. (HiGHS Status 7: Optimal),16902.28760008,16902.28760008,0.0,1.0,0.08602149999933317,31385.860533333333,16902.287600080002,1360.4742,5671.920939925001,22574.208540005005,9,2,16000.000000000004,12959.999999999998,11348.780516666664,20362.723816666665,6000.0,6000.0,True
2025-10-11,True,0,Optimization terminated successfully. (HiGHS Status 7: Optimal),16533.32560032833,16533.32560032833,0.0,1.0,0.16194460000042454,30799.857799999998,16533.32560032833,1493.3336166666668,6260.687999350001,22794.013599678332,13,3,16000.0,12960.0,10070.566749999998,15146.877833333332,6000.0,6000.0,True
2025-10-12,True,0,Optimization terminated successfully. (HiGHS Status 7: Optimal),37908.1691064429,37908.1691064429,0.0,1.0,0.06323010000050999,62135.33609238683,37908.1691064429,3124.5208000000002,14423.299677925002,52331.468784367906,30,9,20710.057942386833,16775.146933333333,0.0,2809.9898999999996,6000.0,6000.0,True
2025-10-13,True,0,Optimization terminated successfully. (HiGHS Status 7: Optimal),39601.80375493407,39601.80375493407,0.0,1.0,0.06303729999854113,64128.38205020575,39601.80375493407,4289.167649999999,20161.486769183335,59763.29052411741,26,1,20830.357983539096,16872.589966666666,0.0,7432.386383333333,6000.0,6000.0,True
2025-10-14,True,0,Optimization terminated successfully. (HiGHS Status 7: Optimal),41602.33182611222,41602.33182611222,0.0,1.0,0.05981160000010277,67516.15979979423,41602.33182611222,4687.949566666665,22208.821129399992,63811.15295551221,32,3,21529.32534979424,17438.753533333333,0.0,7339.708266666667,6000.0,6000.0,True
2025-10-15,True,0,Optimization terminated successfully. (HiGHS Status 7: Optimal),43004.71795576919,43004.71795576919,0.0,1.0,0.06751059999805875,70029.20143539093,43004.7179557692,4002.4258333333337,18765.575332225002,61770.2932879942,29,3,22912.139835390943,18558.833266666665,0.0,7758.297049999999,6000.0,6000.0,True
2025-10-16,True,0,Optimization terminated successfully. (HiGHS Status 7: Optimal),41242.009540702966,41242.00954070297,0.0,1.0,0.04935009999826434,66647.06827246296,41242.009540702966,5777.288983333332,25357.823727466668,66599.83326816963,36,1,22736.089679629626,18416.232640499995,0.0,5138.027266666666,6000.0,6000.0,True
2025-10-17,True,0,Optimization terminated successfully. (HiGHS Status 7: Optimal),15967.492324814999,15967.492324814999,0.0,1.0,0.21443949999957113,30083.088,15967.492324814997,3763.749699999975,15839.435191499942,31806.92751631494,30,5,16000.0,12960.000000000002,20219.529866666664,14802.638383333308,6000.0,6000.0,True
2025-10-18,True,0,Optimization terminated successfully. (HiGHS Status 7: Optimal),17325.745270323332,17325.745270323332,0.0,1.0,0.045910300003015436,31930.251599999996,17325.745270323336,1652.9556499999999,6787.8976923499995,24113.642962673337,15,2,16000.0,12960.0,9202.874949999996,14466.61398333333,6000.0,6000.0,True
2025-10-19,True,0,Optimization terminated successfully. (HiGHS Status 7: Optimal),42516.062158590736,42516.062158590736,0.0,1.0,0.0907426999983727,68651.97656337448,42516.06215859074,4426.261433333331,20286.404436133325,62802.46659472407,32,5,23577.787263374485,19098.007683333333,0.0,4712.735883333333,6000.0,6000.0,True
2025-10-20,True,0,Optimization terminated successfully. (HiGHS Status 7: Optimal),45050.58427757749,45050.58427757748,0.0,1.0,0.04656990000148653,72612.9579010288,45050.58427757748,3008.518666666666,13017.507120949997,58068.091398527475,30,7,23748.17658436214,19236.023033333335,0.0,6668.54065,6000.0,6000.0,True
2025-10-21,True,0,Optimization terminated successfully. (HiGHS Status 7: Optimal),43651.4233942658,43651.4233942658,0.0,1.0,0.11834730000191485,71392.3163728395,43651.4233942658,5290.4514500000005,24232.661118633332,67884.08451289914,36,1,23211.96783950617,18801.693949999997,0.0,5809.912583333333,6000.0,6000.0,True
2025-10-22,True,0,Optimization terminated successfully. (HiGHS Status 7: Optimal),42224.05249482228,42224.05249482228,0.0,1.0,0.09043129999918165,68373.20716358024,42224.05249482228,5366.090516666665,22132.272225941662,64356.32472076394,38,4,22550.278580246908,18265.72565,0.0,3899.8480499999996,6000.0,6000.0,True
2025-10-23,True,0,Optimization terminated successfully. (HiGHS Status 7: Optimal),48302.935579694175,48302.935579694175,0.0,1.0,0.06774029999724007,78729.32113230453,48302.93557969417,1136.6684500000001,4872.151765016666,53175.08734471083,14,6,23640.980082304526,19149.19386666666,0.0,11994.706333333332,6000.0,6000.0,True
2025-10-24,True,0,Optimization terminated successfully. (HiGHS Status 7: Optimal),17467.94773890333,17467.94773890333,0.0,1.0,0.06552609999926062,32213.863599999993,17467.94773890333,2350.2487833333325,9756.446708491665,27224.394447394996,25,7,15999.999999999996,12960.0,11181.50376666667,13104.061666666666,6000.0,6000.0,True
2025-10-25,True,0,Optimization terminated successfully. (HiGHS Status 7: Optimal),17267.578568805,17267.578568805,0.0,1.0,0.05273759999909089,31921.456749999994,17267.578568804995,1493.94495,6168.2977955333345,23435.876364338328,13,5,16000.0,12960.0,5309.790149999999,10976.968966666665,6000.0,6000.0,True
2025-10-26,True,0,Optimization terminated successfully. (HiGHS Status 7: Optimal),44756.15700897423,44756.15700897423,0.0,1.0,0.1192351999998209,72965.22435658435,44756.15700897423,1303.2211166666666,5757.386966158333,50513.54397513256,16,7,22535.902139917693,18254.080733333332,0.0,5442.3120499999995,6000.0,6000.0,True
2025-10-27,True,0,Optimization terminated successfully. (HiGHS Status 7: Optimal),41118.79094530214,41118.79094530214,0.0,1.0,0.05166090000057011,66729.7808074074,41118.79094530214,3832.7338999999993,18142.14558235833,59260.93652766047,35,9,22371.07574074074,18120.57135,0.0,2759.42865,6000.0,6000.0,True
2025-10-28,True,0,Optimization terminated successfully. (HiGHS Status 7: Optimal),40940.87678864067,40940.87678864067,0.0,1.0,0.05944720000115922,66285.21035390945,40940.87678864067,5518.516366666667,22719.892543066668,63660.76933170734,47,9,21994.345020576126,17815.419466666666,0.0,1652.3794666666668,6000.0,6000.0,True
2025-10-29,True,0,Optimization terminated successfully. (HiGHS Status 7: Optimal),46211.59694010187,46211.59694010187,0.0,1.0,0.053847099999984493,75088.82136847943,46211.59694010187,3591.764566666667,17098.788537633336,63310.3854777352,28,5,24027.111851646092,19461.96059983333,0.0,4803.177883333334,6000.0,6000.0,True
2025-10-30,True,0,Optimization terminated successfully. (HiGHS Status 7: Optimal),40380.52942714512,40380.52942714512,0.0,1.0,0.06749769999805721,65277.2293936214,40380.52942714512,5413.191,22928.66473805833,63309.19416520345,44,8,22071.947510288064,17878.27748333333,0.0,1708.9327166666671,6000.0,6000.0,True
2025-10-31,True,0,Optimization terminated successfully. (HiGHS Status 7: Optimal),18263.175839014937,18263.175839014937,0.0,1.0,0.07568439999886323,33366.58563930041,18263.175839014937,1912.103666666666,7027.867029066665,25291.042868081604,20,4,16078.184259259257,13023.329249999999,5178.75129670782,8319.542230041156,6000.0,6000.0,True
2025-11-01,True,0,Optimization terminated successfully. (HiGHS Status 7: Optimal),17694.644050709998,17694.644050709998,0.0,1.0,0.09740020000026561,32824.374599999996,17694.644050709998,1611.4510666666533,6331.785416983301,24026.4294676933,23,5,16000.000000000002,12960.0,8736.599616666663,8851.787233333316,6000.0,6000.0,True
2025-11-02,True,0,Optimization terminated successfully. (HiGHS Status 7: Optimal),44908.29762630796,44908.29762630796,0.0,1.0,0.05721640000047046,72268.45998127572,44908.29762630796,5828.120349999999,25192.87699860833,70101.1746249163,39,3,24097.013497942382,19518.58093333333,0.0,4721.763833333334,6000.0,6000.0,True
2025-11-03,True,0,Optimization terminated successfully. (HiGHS Status 7: Optimal),47177.69467329907,47177.69467329907,0.0,1.0,0.04652699999860488,77015.47173583538,47177.69467329906,2394.0091999999986,11195.240017799995,58372.93469109906,25,4,22890.51001316872,18541.313110666662,0.0,5555.353749999999,6000.0,6000.0,True
2025-11-04,True,0,Optimization terminated successfully. (HiGHS Status 7: Optimal),43751.21927147446,43751.21927147447,0.0,1.0,0.04191530000025523,70778.07035823044,43751.21927147446,3828.011416666666,16198.904855541663,59950.124127016126,37,9,22652.184341563785,18348.269316666665,0.0,2722.094716666667,6000.0,6000.0,True
2025-11-05,True,0,Optimization terminated successfully. (HiGHS Status 7: Optimal),49018.54982575001,49018.54982575001,0.0,1.0,0.0672365999998874,79542.0623346008,49018.549825750015,2692.100766666667,12650.992126158335,61669.54195190835,23,3,23792.10377860082,19271.604060666665,0.0,8035.6433166666675,6000.0,6000.0,True
2025-11-06,True,0,Optimization terminated successfully. (HiGHS Status 7: Optimal),45727.54299387206,45727.542993872055,0.0,1.0,0.06295980000140844,74426.47199533333,45727.54299387206,4325.446566666667,20160.079844333333,65887.6228382054,38,4,22617.9398,18320.531238,0.0,3084.92545,6000.0,6000.0,True
2025-11-07,True,0,Optimization terminated successfully. (HiGHS Status 7: Optimal),18000.255836173106,18000.255836173106,0.0,1.0,0.08077520000006189,33534.68220658436,18000.255836173106,1602.0729333333334,6613.6829005166655,24613.93873668977,24,8,16368.394547325104,13258.399583333334,7582.437975925925,8708.29839259259,6000.0,6000.0,True
2025-11-08,True,0,Optimization terminated successfully. (HiGHS Status 7: Optimal),18117.575714663806,18117.575714663806,0.0,1.0,0.13303539999833447,33527.25693168724,18117.575714663806,1197.6245499999998,4685.315573449999,22802.891288113806,16,6,16048.053312757198,12998.92318333333,3652.4817855967094,7884.544252263376,6000.0,6000.0,True
2025-11-09,True,0,Optimization terminated successfully. (HiGHS Status 7: Optimal),47423.084887928126,47423.084887928126,0.0,1.0,0.11342599999989034,76591.68048937037,47423.084887928126,2928.460166666667,13551.488263675,60974.57315160312,33,6,23646.963803703704,19154.040681,0.0,3680.4003499999994,6000.0,6000.0,True
2025-11-10,True,0,Optimization terminated successfully. (HiGHS Status 7: Optimal),48472.04114260203,48472.04114260202,1.501062765807193e-16,1.0,0.044621000000915956,77986.26309650205,48472.04114260203,4735.536799999998,21538.310613249996,70010.35175585203,40,3,24557.535946502052,19891.60411666667,0.0,4197.4249666666665,6000.0,6000.0,True
2025-11-11,True,0,Optimization terminated successfully. (HiGHS Status 7: Optimal),49764.41355749186,49764.41355749186,0.0,1.0,0.06771310000112862,79817.39081021192,49764.41355749186,1560.3103499999997,7176.315786274999,56940.72934376686,18,5,24123.4061063786,19539.95894616667,0.0,5235.234333333334,6000.0,6000.0,True
2025-11-12,True,0,Optimization terminated successfully. (HiGHS Status 7: Optimal),46790.625566184746,46790.625566184746,0.0,1.0,0.10098519999883138,75762.19559135802,46790.625566184746,3890.1369333333328,18492.865961291664,65283.491527476406,32,5,23703.661358024692,19199.9657,0.0,4192.6491166666665,6000.0,6000.0,True
2025-11-13,True,0,Optimization terminated successfully. (HiGHS Status 7: Optimal),46005.38550965827,46005.38550965827,0.0,1.0,0.0680419999989681,74007.05132674897,46005.38550965827,4607.258933333333,17660.198045274996,63665.58355493327,45,9,23233.744526748967,18819.333066666666,0.0,1804.027483333333,6000.0,6000.0,True
2025-11-14,True,0,Optimization terminated successfully. (HiGHS Status 7: Optimal),18506.858381624996,18506.858381624996,0.0,1.0,0.08869039999990491,33907.31608333333,18506.858381624996,2271.8988666666664,8057.796496358333,26564.65487798333,32,6,16000.0,12960.0,5234.553983333333,5540.759649999999,6000.0,6000.0,True
2025-11-15,True,0,Optimization terminated successfully. (HiGHS Status 7: Optimal),19224.520029237592,19224.520029237592,0.0,1.0,0.0708569999987958,35589.32198189301,19224.520029237596,1414.4305666666667,6375.521842824999,25600.041872062597,17,5,16600.682448559674,13446.552783333333,0.0,5637.735966666667,6000.0,6000.0,True
2025-11-16,True,0,Optimization terminated successfully. (HiGHS Status 7: Optimal),48008.32781201068,48008.32781201068,0.0,1.0,0.05821020000075805,77053.95078309876,48008.327812010684,3862.863133333333,16372.367805799995,64380.69561781068,46,7,23621.254998765435,19133.216548999997,0.0,1994.2310833333331,6000.0,6000.0,True
2025-11-17,True,0,Optimization terminated successfully. (HiGHS Status 7: Optimal),45090.00440334683,45090.00440334683,0.0,1.0,0.05912800000078278,72633.16636028807,45090.00440334683,6287.7449,26182.428798133333,71272.43320148016,49,5,22746.1758436214,18424.40243333333,0.0,1903.3835166666659,6000.0,6000.0,True
2025-11-18,True,0,Optimization terminated successfully. (HiGHS Status 7: Optimal),47941.62638930603,47941.62638930604,0.0,1.0,0.14756839999972726,77389.07288216666,47941.62638930603,5227.904883333333,22697.809047349998,70639.43543665603,42,1,24442.374116666666,19798.323034499997,0.0,3082.37485,6000.0,6000.0,True
2025-11-19,True,0,Optimization terminated successfully. (HiGHS Status 7: Optimal),47726.778430838225,47726.778430838225,0.0,1.0,0.06556399999681162,76818.70161149793,47726.778430838225,5346.155249999999,23821.880178524996,71548.65860936322,47,4,23487.71558683127,19025.049625333333,0.0,2333.8793,6000.0,6000.0,True
2025-11-20,True,0,Optimization terminated successfully. (HiGHS Status 7: Optimal),47394.5747270364,47394.57472703639,0.0,1.0,0.0667161000019405,76363.98499341564,47394.57472703639,4601.8770166666645,20052.269810208327,67446.84453724472,42,7,23646.534526748972,19153.692966666662,0.0,1679.944416666667,6000.0,6000.0,True
2025-11-21,True,0,Optimization terminated successfully. (HiGHS Status 7: Optimal),18814.472542424937,18814.472542424937,0.0,1.0,0.20545940000010887,34830.56773209876,18814.472542424937,2829.5560333333324,10117.543719749998,28932.016262174933,35,6,16643.428374485593,13481.176983333333,5486.374540946499,5633.488307613166,6000.0,6000.0,True
2025-11-22,True,0,Optimization terminated successfully. (HiGHS Status 7: Optimal),19865.448046384074,19865.44804638407,1.831309718561269e-16,1.0,0.13877119999960996,36975.90498353909,19865.448046384074,1517.7038166666666,6965.095024075,26830.543070459073,23,7,17204.071316872425,13935.297766666667,0.0,5005.005766666665,6000.0,6000.0,True
2025-11-23,True,0,Optimization terminated successfully. (HiGHS Status 7: Optimal),47692.49383810207,47692.49383810207,1.5255980613810094e-16,1.0,0.09581379999872297,76703.16016502057,47692.49383810208,5590.2577833333335,24165.930171058335,71858.42400916042,44,4,23375.13613168724,18933.860266666663,0.0,2620.0458000000003,6000.0,6000.0,True
2025-11-24,True,0,Optimization terminated successfully. (HiGHS Status 7: Optimal),47162.70319953884,47162.70319953884,0.0,1.0,0.05504100000325707,75923.64062704732,47162.70319953884,4566.217199999999,19180.159501433332,66342.86270097217,49,4,23406.472686213987,18959.24287583333,0.0,1880.6843166666665,6000.0,6000.0,True
2025-11-25,True,0,Optimization terminated successfully. (HiGHS Status 7: Optimal),54597.440647075324,54597.44064707532,0.0,1.0,0.14729829999851063,86891.25811995883,54597.44064707532,1589.0809499999996,7410.900735733332,62008.34138280865,20,5,24892.111069958846,20162.609966666667,0.0,7582.1775,6000.0,6000.0,True
2025-11-26,True,0,Optimization terminated successfully. (HiGHS Status 7: Optimal),51101.18093811333,51101.18093811332,0.0,1.0,0.08225110000057612,82073.64296666667,51101.18093811332,3564.0135666666656,16990.69387395833,68091.87481207165,31,4,24833.333333333332,20115.000000000004,0.0,4161.656316666666,6000.0,6000.0,True
2025-11-27,True,0,Optimization terminated successfully. (HiGHS Status 7: Optimal),49357.9587614724,49357.9587614724,0.0,1.0,0.05613950000042678,79121.7086120967,49357.9587614724,3654.8424333333332,16252.110662075002,65610.06942354741,40,7,24274.50716893004,19662.350806833332,0.0,2383.501949999999,6000.0,6000.0,True
2025-11-28,True,0,Optimization terminated successfully. (HiGHS Status 7: Optimal),19362.23116661907,19362.23116661907,0.0,1.0,0.10092789999907836,35580.75739012345,19362.231166619073,2315.9686393004176,8587.838953488716,27950.07012010779,32,8,17236.394979423865,13961.479933333336,2370.0331606995924,3700.5724333333437,6000.0,6000.0,True
2025-11-29,True,0,Optimization terminated successfully. (HiGHS Status 7: Optimal),22754.80153382969,22754.80153382969,0.0,1.0,0.08460879999984172,43527.26037633745,22754.80153382969,1141.4771333333333,5292.631923375,28047.43345720469,16,4,17884.115226337446,14486.133333333333,0.0,6341.305516666665,6000.0,6000.0,True
2025-11-30,True,0,Optimization terminated successfully. (HiGHS Status 7: Optimal),51673.100866758694,51673.100866758694,0.0,1.0,0.06310500000108732,82877.99106316871,51673.1008667587,3628.601983333334,17097.219905841666,68770.32077260036,39,7,24006.69594650205,19445.423716666664,0.0,1700.4926999999993,6000.0,6000.0,True
2025-12-01,True,0,Optimization terminated successfully. (HiGHS Status 7: Optimal),59383.23003655592,59383.23003655592,0.0,1.0,0.028364499998133397,93631.13710925926,59383.23003655592,2142.5259166666665,10114.55366145833,69497.78369801425,24,6,25444.490925925926,20610.03765,0.0,4640.282016666666,6000.0,6000.0,True
2025-12-02,True,0,Optimization terminated successfully. (HiGHS Status 7: Optimal),61744.82370623166,61744.82370623166,0.0,1.0,0.028744100000039907,96996.18376666665,61744.82370623166,1923.5863166666666,9202.490596791666,70947.31430302333,25,5,25666.666666666664,20790.0,0.0,5405.293466666667,6000.0,6000.0,True
2025-12-03,True,0,Optimization terminated successfully. (HiGHS Status 7: Optimal),53970.72820205917,53970.72820205917,0.0,1.0,0.03980960000262712,86336.52605472428,53970.72820205917,6697.420783333333,27042.962352324997,81013.69055438417,53,6,24400.23590205761,19764.191080666667,0.0,1235.1534500000002,6000.0,6000.0,True
2025-12-04,True,0,Optimization terminated successfully. (HiGHS Status 7: Optimal),60311.09533343833,60311.09533343832,1.2064044889182126e-16,1.0,0.05413330000010319,94634.67931666665,60311.09533343832,3834.7233333333324,18347.933811783332,78659.02914522166,30,2,25666.666666666664,20790.0,0.0,6821.527233333333,6000.0,6000.0,True
2025-12-05,True,0,Optimization terminated successfully. (HiGHS Status 7: Optimal),23859.358753099626,23859.358753099626,0.0,1.0,0.08547220000036759,45437.791192946504,23859.358753099626,2212.909033333332,9897.033115449996,33756.391868549625,34,9,19858.119524279835,16085.076814666663,0.0,2566.029833333334,6000.0,6000.0,True
2025-12-06,True,0,Optimization terminated successfully. (HiGHS Status 7: Optimal),25638.63330190006,25638.63330190006,0.0,1.0,0.0646855000013602,48716.48333374485,25638.63330190006,1909.0426333333332,8675.433459299999,34314.066761200054,29,7,20312.430967078188,16453.069083333332,0.0,3101.5332666666663,6000.0,6000.0,True
2025-12-07,True,0,Optimization terminated successfully. (HiGHS Status 7: Optimal),61724.20157535166,61724.20157535166,0.0,1.0,0.0404926000010164,96755.26288333333,61724.20157535166,1626.0746,7686.505934908332,69410.70751025999,20,2,25666.666666666664,20790.0,0.0,5851.989566666666,6000.0,6000.0,True
2025-12-08,True,0,Optimization terminated successfully. (HiGHS Status 7: Optimal),60858.26919584666,60858.26919584666,0.0,1.0,0.026900799999566516,95730.8817,60858.26919584666,1329.7518499999999,5985.776536258331,66844.04573210499,24,7,25666.666666666664,20790.0,0.0,4336.755766666666,6000.0,6000.0,True
2025-12-09,True,0,Optimization terminated successfully. (HiGHS Status 7: Optimal),60695.480439189996,60695.480439189996,0.0,1.0,0.027365100002498366,95093.91214999999,60695.480439189996,1635.7078999999999,7802.603319866665,68498.08375905667,23,8,25666.666666666664,20790.0,0.0,4464.499116666666,6000.0,6000.0,True
2025-12-10,True,0,Optimization terminated successfully. (HiGHS Status 7: Optimal),57278.14975112726,57278.14975112726,0.0,1.0,0.048183099999732804,90986.47525596707,57278.14975112726,4997.780083333332,21654.125615658333,78932.27536678559,38,4,25510.476522633744,20663.485983333336,0.0,2749.646333333334,6000.0,6000.0,True
2025-12-11,True,0,Optimization terminated successfully. (HiGHS Status 7: Optimal),59283.84558060185,59283.84558060185,0.0,1.0,0.06936459999997169,93621.52330185185,59283.84558060185,2076.921866666667,9850.631192450002,69134.47677305185,19,4,25214.11018518518,20423.429250000005,0.0,4946.509533333333,6000.0,6000.0,True
2025-12-12,True,0,Optimization terminated successfully. (HiGHS Status 7: Optimal),24404.96866890185,24404.96866890185,0.0,1.0,0.07257570000001579,46655.290626337446,24404.96866890185,2490.230316666666,11847.77809675833,36252.74676566018,29,6,18984.160226337448,15377.169783333335,0.0,1824.1170166666664,6000.0,6000.0,True
2025-12-13,True,0,Optimization terminated successfully. (HiGHS Status 7: Optimal),24987.657978449755,24987.657978449755,0.0,1.0,0.08824500000264379,47974.92523744856,24987.657978449755,1715.8241999999996,7794.333758149998,32781.99173659975,26,10,20150.554670781894,16321.949283333332,0.0,2063.610666666667,6000.0,6000.0,True
2025-12-14,True,0,Optimization terminated successfully. (HiGHS Status 7: Optimal),56762.40379950265,56762.40379950265,0.0,1.0,0.05518289999963599,89854.05804320986,56762.403799502645,5407.480816666666,22668.694493441668,79431.09829294431,41,4,24901.371543209876,20170.11095,0.0,1751.5564666666662,6000.0,6000.0,True
2025-12-15,True,0,Optimization terminated successfully. (HiGHS Status 7: Optimal),56356.83286264666,56356.832862646654,0.0,1.0,0.0351663000001281,89557.90171666666,56356.83286264666,6336.300966666666,26266.449245275,82623.28210792167,42,4,24833.333333333332,20115.0,0.0,1706.3113833333332,6000.0,6000.0,True
2025-12-16,True,0,Optimization terminated successfully. (HiGHS Status 7: Optimal),60610.37033911834,60610.37033911834,0.0,1.0,0.03498770000078366,94964.14525,60610.37033911834,2583.4393999999998,10914.889884091664,71525.26022321,32,4,25666.666666666664,20790.0,0.0,3252.8266499999995,6000.0,6000.0,True
2025-12-17,True,0,Optimization terminated successfully. (HiGHS Status 7: Optimal),60729.53203924701,60729.53203924702,0.0,1.0,0.027906700001040008,95584.28143683125,60729.53203924701,1439.9152666666664,6785.044493416664,67514.57653266368,17,6,25649.06572016461,20775.743233333335,0.0,3959.02715,6000.0,6000.0,True
2025-12-18,True,0,Optimization terminated successfully. (HiGHS Status 7: Optimal),57685.85457573971,57685.85457573971,0.0,1.0,0.029922900001110975,90952.190163786,57685.85457573971,3120.991033333333,13769.673241991666,71455.52781773137,34,7,25137.071563786,20361.027966666665,0.0,1930.8706333333332,6000.0,6000.0,True
2025-12-19,True,0,Optimization terminated successfully. (HiGHS Status 7: Optimal),23752.35645288183,23752.35645288183,0.0,1.0,0.09213330000056885,44480.267074897114,23752.35645288183,4329.118666666666,17100.738533649997,40853.094986531825,39,4,20647.516008230454,16724.487966666667,0.0,1977.9663999999998,6000.0,6000.0,True
2025-12-20,True,0,Optimization terminated successfully. (HiGHS Status 7: Optimal),24911.97540496469,24911.97540496469,0.0,1.0,0.05784740000308375,47127.776089917694,24911.97540496469,2725.4759333333327,12423.901608383332,37335.87701334802,30,4,20077.47880658436,16262.757833333331,0.0,3182.1787999999997,6000.0,6000.0,True
2025-12-21,True,0,Optimization terminated successfully. (HiGHS Status 7: Optimal),59565.76703284561,59565.76703284561,0.0,1.0,0.024316900002304465,93776.07118950617,59565.76703284561,2272.066866666667,9786.440797283332,69352.20783012894,33,7,25585.251172839504,20724.05345,0.0,2149.1584666666663,6000.0,6000.0,True
2025-12-22,True,0,Optimization terminated successfully. (HiGHS Status 7: Optimal),58599.300085393224,58599.300085393224,0.0,1.0,0.0718778000009479,92083.09539897117,58599.300085393224,3833.6061833333324,15285.832489991662,73885.1325753849,36,5,25064.496748971193,20302.242366666665,0.0,2217.0201166666666,6000.0,6000.0,True
2025-12-23,True,0,Optimization terminated successfully. (HiGHS Status 7: Optimal),59583.98001946833,59583.98001946833,0.0,1.0,0.06114209999941522,93729.21863333331,59583.98001946833,1379.9031666666663,6282.722315116665,65866.70233458499,22,8,25666.666666666664,20790.0,0.0,2974.362600000001,6000.0,6000.0,True
2025-12-24,True,0,Optimization terminated successfully. (HiGHS Status 7: Optimal),58997.05706502516,58997.05706502516,0.0,1.0,0.07376379999914207,92592.79113497942,58997.05706502516,2595.373349999999,11185.836673533331,70182.89373855849,31,5,25230.515534979422,20436.71758333333,0.0,2539.8072166666666,6000.0,6000.0,True
2025-12-25,True,0,Optimization terminated successfully. (HiGHS Status 7: Optimal),56355.39819315703,56355.39819315703,0.0,1.0,0.042900799999188166,89085.24219650205,56355.39819315703,5033.5799333333325,20129.981945975,76485.38013913203,42,4,24646.612613168727,19963.756216666665,0.0,1623.5171999999995,6000.0,6000.0,True
2025-12-26,True,0,Optimization terminated successfully. (HiGHS Status 7: Optimal),23559.681412224178,23559.681412224178,0.0,1.0,0.07301680000091437,44624.55745288066,23559.681412224178,4001.2125666666666,18209.553822824997,41769.23523504917,38,5,20027.788436213996,16222.508633333331,0.0,1812.8677833333331,6000.0,6000.0,True
2025-12-27,True,0,Optimization terminated successfully. (HiGHS Status 7: Optimal),24344.42689342757,24344.42689342757,0.0,1.0,0.07573740000225371,46220.78476545884,24344.42689342757,3908.7724666666663,17126.969130741665,41471.39602416924,31,2,19079.80385329218,15454.641121166667,0.0,3165.5854333333323,6000.0,6000.0,True
2025-12-28,True,0,Optimization terminated successfully. (HiGHS Status 7: Optimal),57861.321564273334,57861.32156427333,1.2574820998689374e-16,1.0,0.035351800001080846,91362.98428333332,57861.32156427333,3452.9281499999993,15159.95145815833,73021.27302243166,30,3,24833.333333333332,20115.0,0.0,3288.32435,6000.0,6000.0,True
2025-12-29,True,0,Optimization terminated successfully. (HiGHS Status 7: Optimal),56818.775476986455,56818.775476986455,0.0,1.0,0.11821090000012191,90500.20576460904,56818.775476986455,3732.750533333333,16909.846687899997,73728.62216488644,38,6,24903.23516460905,20171.620483333332,0.0,1977.5753499999996,6000.0,6000.0,True
2025-12-30,True,0,Optimization terminated successfully. (HiGHS Status 7: Optimal),57721.00709022518,57721.007090225175,0.0,1.0,0.05759070000203792,91411.9703185185,57721.007090225175,3599.03265,16992.815817066665,74713.82290729185,29,1,24963.673518518517,20220.57555,0.0,4043.5024,6000.0,6000.0,True
2025-12-31,True,0,Optimization terminated successfully. (HiGHS Status 7: Optimal),59522.18106405932,59522.18106405932,0.0,1.0,0.05754969999907189,93787.90005987654,59522.18106405932,2112.67645,9788.711594749999,69310.89265880932,32,10,25452.31987654321,20616.3791,0.0,2418.2127999999993,6000.0,6000.0,True
