==> 下载 install-tl.zip (TUNA)
  % Total    % Received % Xferd  Average Speed   Time    Time     Time  Current
                                 Dload  Upload   Total   Spent    Left  Speed
  0     0    0     0    0     0      0      0 --:--:-- --:--:-- --:--:--     0  0 23.9M    0 16056    0     0  16662      0  0:25:08 --:--:--  0:25:08 16655  2 23.9M    2  623k    0     0   318k      0  0:01:17  0:00:01  0:01:16  318k 31 23.9M   31 7743k    0     0  2537k      0  0:00:09  0:00:03  0:00:06 2537k 65 23.9M   65 15.6M    0     0  4057k      0  0:00:06  0:00:03  0:00:03 4057k100 23.9M  100 23.9M    0     0  5171k      0  0:00:04  0:00:04 --:--:-- 5172k
-rw-r--r-- 1 yusu 197610 25133279 Sep 11 13:55 install-tl.zip
==> 解压
==> 安装 (scheme-full, 不装 doc/src)
Automated TeX Live installation using profile: tl.profile
Loading https://mirrors.tuna.tsinghua.edu.cn/CTAN/systems/texlive/tlnet/tlpkg/texlive.tlpdb
Installing TeX Live 2026 from: https://mirrors.tuna.tsinghua.edu.cn/CTAN/systems/texlive/tlnet (verified)
Platform: windows => 'Windows (64-bit)'
Distribution: net  (downloading)
Using URL: https://mirrors.tuna.tsinghua.edu.cn/CTAN/systems/texlive/tlnet
Directory for temporary files: C:\Users\yusu\AppData\Local\Temp\nnducbVdK3
Installing to: F:/AcademicHub/texlive/2026
Installing [1/6, time/total: ??:??/??:??]: hyphen-base [23k]
Installing [2/6, time/total: 00:02/12:52]: kpathsea [33k]
Installing [3/6, time/total: 00:03/07:45]: luatex [10k]
Installing [4/6, time/total: 00:04/08:48]: texlive-scripts [734k]
Installing [5/6, time/total: 00:07/01:14]: texlive.infra [451k]
Installing [6/6, time/total: 00:10/01:08]: tlperl.windows [7296k]
Time used for installing the packages: 00:15
Installing [0001/5162, time/total: ??:??/??:??]: 12many [3k]
Installing [0002/5162, time/total: 00:01/228:43:55]: 2up [5k]
Installing [0003/5162, time/total: 00:02/151:42:41]: a0poster [4k]
Installing [0004/5162, time/total: 00:04/198:46:52]: a2ping [30k]
Installing [0005/5162, time/total: 00:05/59:13:24]: a2ping.windows [3k]
Installing [0006/5162, time/total: 00:06/67:12:48]: a4wide [1k]
Installing [0007/5162, time/total: 00:07/76:36:54]: a5comb [1k]
Installing [0008/5162, time/total: 00:08/85:41:41]: aaai-named [6k]
Installing [0009/5162, time/total: 00:09/86:23:46]: aalok [6k]
Installing [0010/5162, time/total: 00:10/85:30:42]: aastex [77k]
Installing [0011/5162, time/total: 00:13/46:12:12]: abbr [3k]
Installing [0012/5162, time/total: 00:14/48:48:40]: abc [3k]
Installing [0013/5162, time/total: 00:15/51:19:08]: abnt [3k]
Installing [0014/5162, time/total: 00:16/53:39:42]: abntex2 [30k]
Installing [0015/5162, time/total: 00:17/47:06:05]: abntexto [31k]
Installing [0016/5162, time/total: 00:18/42:10:49]: abntexto-uece [5k]
Installing [0017/5162, time/total: 00:19/43:38:08]: aboensis [95k]
Installing [0018/5162, time/total: 00:20/31:20:33]: abraces [4k]
Installing [0019/5162, time/total: 00:21/32:29:12]: abspos [3k]
Installing [0020/5162, time/total: 00:22/33:45:54]: abstract [2k]
Installing [0021/5162, time/total: 00:22/33:32:48]: abstyles [8k]
Installing [0022/5162, time/total: 00:23/34:11:57]: academicons [255k]
Installing [0023/5162, time/total: 00:25/20:30:22]: accanthis [360k]
Installing [0024/5162, time/total: 00:27/13:33:31]: accents [3k]
Installing [0025/5162, time/total: 00:28/14:01:02]: accessibility [14k]
Installing [0026/5162, time/total: 00:29/14:18:47]: accfonts [22k]
Installing [0027/5162, time/total: 00:30/14:28:22]: accfonts.windows [3k]
Installing [0028/5162, time/total: 00:31/14:55:09]: accsupp [4k]
Installing [0029/5162, time/total: 00:31/14:52:11]: achemso [20k]
Installing [0030/5162, time/total: 00:32/15:03:13]: acmart [44k]
Installing [0031/5162, time/total: 00:34/15:19:37]: acmconf [5k]
Installing [0032/5162, time/total: 00:35/15:42:57]: acro [44k]
Installing [0033/5162, time/total: 00:36/15:30:55]: acronym [6k]
Installing [0034/5162, time/total: 00:37/15:52:16]: acroterm [2k]
Installing [0035/5162, time/total: 00:38/16:16:46]: active-conf [5k]
Installing [0036/5162, time/total: 00:39/16:38:25]: actuarialangle [2k]
Installing [0037/5162, time/total: 00:40/17:02:10]: actuarialsymbol [3k]
Installing [0038/5162, time/total: 00:41/17:25:11]: addfont [2k]
Installing [0039/5162, time/total: 00:42/17:49:15]: addliga [1k]
Installing [0040/5162, time/total: 00:43/18:13:57]: addlines [2k]
Installing [0041/5162, time/total: 00:43/18:12:28]: addtoluatexpath [3k]
Installing [0042/5162, time/total: 00:44/18:35:35]: adfathesis [10k]
Installing [0043/5162, time/total: 00:45/18:51:08]: adforn [38k]
Installing [0044/5162, time/total: 00:47/19:02:42]: adfsymbols [29k]
Installing [0045/5162, time/total: 00:48/18:58:50]: adhocfilelist [4k]
Installing [0046/5162, time/total: 00:49/19:19:06]: adigraph [6k]
Installing [0047/5162, time/total: 00:50/19:37:17]: adjmulticol [4k]
Installing [0048/5162, time/total: 00:51/19:57:47]: adjustbox [14k]
Installing [0049/5162, time/total: 00:52/20:07:37]: adobemapping [2128k]
Installing [0050/5162, time/total: 01:01/08:31:40]: adrconv [3k]
Installing [0051/5162, time/total: 01:02/08:39:38]: adtrees [8k]
Installing [0052/5162, time/total: 01:03/08:46:48]: advdate [3k]
Installing [0053/5162, time/total: 01:03/08:46:27]: advice [6k]
Installing [0054/5162, time/total: 01:04/08:54:01]: ae [56k]
Installing [0055/5162, time/total: 01:06/09:01:38]: aeguill [3k]
Installing [0056/5162, time/total: 01:07/09:09:28]: aeskwadraat [60k]
Installing [0057/5162, time/total: 01:08/09:08:02]: aesupp [2761k]
Installing [0058/5162, time/total: 01:12/05:23:01]: affilauthor [3k]
Installing [0059/5162, time/total: 01:13/05:27:21]: afm2pl [10k]
Installing [0060/5162, time/total: 01:13/05:26:52]: afm2pl.windows [17k]
Installing [0061/5162, time/total: 01:14/05:30:27]: afperpack [5k]
Installing [0062/5162, time/total: 01:15/05:34:42]: afthesis [13k]
Installing [0063/5162, time/total: 01:16/05:38:28]: aguplus [29k]
Installing [0064/5162, time/total: 01:17/05:41:24]: aiaa [9k]
Installing [0065/5162, time/total: 01:18/05:45:22]: aichej [7k]
Installing [0066/5162, time/total: 01:19/05:49:28]: aidisclose [25k]
Installing [0067/5162, time/total: 01:21/05:56:56]: aiplans [3k]
Installing [0068/5162, time/total: 01:22/06:01:13]: ajl [7k]
Installing [0069/5162, time/total: 01:23/06:05:16]: akktex [14k]
Installing [0070/5162, time/total: 01:24/06:08:52]: akletter [10k]
Installing [0071/5162, time/total: 01:24/06:08:19]: akshar [3k]
Installing [0072/5162, time/total: 01:25/06:12:32]: albatross [4894k]
Installing [0073/5162, time/total: 01:29/03:40:38]: albatross.windows [3k]
Installing [0074/5162, time/total: 01:30/03:43:04]: alchemist [4k]
Installing [0075/5162, time/total: 01:31/03:45:29]: alegreya [23068k]
Installing [0076/5162, time/total: 01:39/01:20:31]: aleph [1k]
Installing [0077/5162, time/total: 01:40/01:21:20]: aleph.windows [217k]
Installing [0078/5162, time/total: 01:44/01:24:03]: alertmessage [7k]
Installing [0079/5162, time/total: 01:45/01:24:50]: alfaslabone [174k]
Installing [0080/5162, time/total: 01:46/01:25:13]: alg [3k]
Installing [0081/5162, time/total: 01:47/01:26:01]: algobox [4k]
Installing [0082/5162, time/total: 01:49/01:27:37]: algolrevived [376k]
Installing [0083/5162, time/total: 01:51/01:28:16]: algorithm2e [33k]
Installing [0084/5162, time/total: 01:53/01:29:47]: algorithmicx [8k]
Installing [0085/5162, time/total: 01:54/01:30:33]: algorithms [4k]
Installing [0086/5162, time/total: 01:55/01:31:20]: algpseudocodex [10k]
Installing [0087/5162, time/total: 01:56/01:32:07]: algxpar [8k]
Installing [0088/5162, time/total: 01:57/01:32:53]: aliascnt [2k]
Installing [0089/5162, time/total: 01:58/01:33:41]: aligned-overset [2k]
Installing [0090/5162, time/total: 01:59/01:34:28]: alkalami [96k]
Installing [0091/5162, time/total: 02:01/01:35:48]: allrunes [7848k]
Installing [0092/5162, time/total: 02:06/01:21:36]: almendra [308k]
Installing [0093/5162, time/total: 02:09/01:22:57]: almfixed [241k]
Installing [0094/5162, time/total: 02:11/01:23:46]: alnumsec [3k]
Installing [0095/5162, time/total: 02:13/01:25:03]: alpha-persian [8k]
Installing [0096/5162, time/total: 02:14/01:25:40]: alphalph [4k]
Installing [0097/5162, time/total: 02:15/01:26:18]: alterqcm [7k]
Installing [0098/5162, time/total: 02:16/01:26:56]: altfont [4k]
Installing [0099/5162, time/total: 02:17/01:27:34]: altsubsup [2k]
Installing [0100/5162, time/total: 02:18/01:28:12]: amiri [457k]
Installing [0101/5162, time/total: 02:20/01:28:33]: amiweb2c-guide [1k]
Installing [0102/5162, time/total: 02:21/01:29:11]: amnestyreport [6k]
Installing [0103/5162, time/total: 02:22/01:29:48]: amsaddr [2k]
Installing [0104/5162, time/total: 02:23/01:30:26]: amscdx [4k]
Installing [0105/5162, time/total: 02:25/01:31:42]: amscls [32k]
Installing [0106/5162, time/total: 02:26/01:32:16]: amscls-doc [1k]
Installing [0107/5162, time/total: 02:28/01:33:31]: amsfonts [3542k]
Installing [0108/5162, time/total: 02:34/01:30:06]: amslatex-primer [1k]
Installing [0109/5162, time/total: 02:35/01:30:41]: amsldoc-it [1k]
Installing [0110/5162, time/total: 02:37/01:31:51]: amsldoc-vn [1k]
Installing [0111/5162, time/total: 02:38/01:32:26]: amsmath [31k]
Installing [0112/5162, time/total: 02:39/01:32:57]: amsmath-it [1k]
Installing [0113/5162, time/total: 02:40/01:33:32]: amsrefs [27k]
Installing [0114/5162, time/total: 02:42/01:34:39]: amstex [38k]
Installing [0115/5162, time/total: 02:44/01:35:45]: amstex.windows [3k]
Installing [0116/5162, time/total: 02:45/01:36:20]: amsthdoc-it [1k]
Installing [0117/5162, time/total: 02:47/01:37:30]: andika [2788k]
Installing [0118/5162, time/total: 02:51/01:34:20]: anima [4k]
Installing [0119/5162, time/total: 02:52/01:34:53]: animate [24k]
Installing [0120/5162, time/total: 02:53/01:35:23]: annee-scolaire [2k]
Installing [0121/5162, time/total: 02:55/01:36:29]: annotate [5k]
Installing [0122/5162, time/total: 02:56/01:37:02]: annotate-equations [3k]
Installing [0123/5162, time/total: 02:57/01:37:35]: anonchap [2k]
Installing [0124/5162, time/total: 02:58/01:38:07]: anonymous-acm [2k]
Installing [0125/5162, time/total: 02:59/01:38:40]: anonymouspro [406k]
Installing [0126/5162, time/total: 03:01/01:38:59]: answers [3k]
Installing [0127/5162, time/total: 03:02/01:39:31]: antanilipsum [11k]
Installing [0128/5162, time/total: 03:03/01:40:03]: antiqua [62k]
Installing [0129/5162, time/total: 03:05/01:41:01]: antique-spanish-units [1k]
Installing [0130/5162, time/total: 03:07/01:42:07]: antomega [65k]
Installing [0131/5162, time/total: 03:08/01:42:32]: antt [4596k]
Installing [0132/5162, time/total: 03:13/01:36:35]: anufinalexam [1k]
Installing [0133/5162, time/total: 03:14/01:37:05]: anyfontsize [3k]
Installing [0134/5162, time/total: 03:15/01:37:35]: anysize [2k]
Installing [0135/5162, time/total: 03:16/01:38:05]: aobs-tikz [2k]
Installing [0136/5162, time/total: 03:18/01:39:05]: aomart [22k]
Installing [0137/5162, time/total: 03:19/01:39:33]: aomart.windows [3k]
Installing [0138/5162, time/total: 03:21/01:40:33]: apa [13k]
Installing [0139/5162, time/total: 03:22/01:41:01]: apa6 [14k]
Installing [0140/5162, time/total: 03:23/01:41:30]: apa6e [3k]
Installing [0141/5162, time/total: 03:24/01:41:59]: apa7 [14k]
Installing [0142/5162, time/total: 03:26/01:42:58]: apacite [42k]
Installing [0143/5162, time/total: 03:28/01:43:53]: apalike-ejor [7k]
Installing [0144/5162, time/total: 03:29/01:44:22]: apalike-german [6k]
Installing [0145/5162, time/total: 03:30/01:44:52]: apalike2 [7k]
Installing [0146/5162, time/total: 03:32/01:45:51]: apnum [14k]
Installing [0147/5162, time/total: 03:33/01:46:19]: appendix [3k]
Installing [0148/5162, time/total: 03:35/01:47:19]: appendixnumberbeamer [2k]
Installing [0149/5162, time/total: 03:37/01:48:19]: apprendre-a-programmer-en-tex [1k]
Installing [0150/5162, time/total: 03:38/01:48:49]: apprends-latex [1k]
Installing [0151/5162, time/total: 03:40/01:49:49]: apptools [2k]
Installing [0152/5162, time/total: 03:41/01:50:18]: apxproof [10k]
Installing [0153/5162, time/total: 03:43/01:51:17]: arabdoc [5k]
Installing [0154/5162, time/total: 03:44/01:51:46]: arabi [1890k]
Installing [0155/5162, time/total: 03:48/01:50:03]: arabi-add [3k]
Installing [0156/5162, time/total: 03:49/01:50:32]: arabic-book [3k]
Installing [0157/5162, time/total: 03:50/01:51:01]: arabicfront [2k]
Installing [0158/5162, time/total: 03:51/01:51:29]: arabluatex [20k]
Installing [0159/5162, time/total: 03:53/01:52:25]: arabtex [217k]
Installing [0160/5162, time/total: 03:55/01:52:58]: arabxetex [145k]
Installing [0161/5162, time/total: 03:57/01:53:38]: aramaic-serto [96k]
Installing [0162/5162, time/total: 04:00/01:54:53]: arara [17129k]
Installing [0163/5162, time/total: 05:06/01:53:14]: arara.windows [3k]
Installing [0164/5162, time/total: 05:08/01:53:58]: archaeologie [71k]
Installing [0165/5162, time/total: 05:09/01:54:14]: archaic [364k]
Installing [0166/5162, time/total: 05:12/01:54:48]: archivo [1449k]
Installing [0167/5162, time/total: 05:15/01:53:44]: arcs [2k]
Installing [0168/5162, time/total: 05:17/01:54:27]: arcs2 [3k]
Installing [0169/5162, time/total: 05:18/01:54:48]: arev [943k]
Installing [0170/5162, time/total: 05:20/01:54:08]: argumentation [6k]
Installing [0171/5162, time/total: 05:21/01:54:29]: arimo [2838k]
Installing [0172/5162, time/total: 05:24/01:51:31]: armtex [516k]
Installing [0173/5162, time/total: 05:26/01:51:30]: around-the-bend [1k]
Installing [0174/5162, time/total: 05:27/01:51:50]: arphic [26742k]
Installing [0175/5162, time/total: 05:33/01:25:47]: arphic-ttf [12367k]
Installing [0176/5162, time/total: 05:39/01:18:24]: arraycols [2k]
Installing [0177/5162, time/total: 05:40/01:18:37]: arrayjobx [3k]
Installing [0178/5162, time/total: 05:41/01:18:51]: arraysort [3k]
Installing [0179/5162, time/total: 05:41/01:18:51]: arsclassica [3k]
Installing [0180/5162, time/total: 05:43/01:19:19]: arsenal [198k]
Installing [0181/5162, time/total: 05:45/01:19:39]: arsenal-math [1304k]
Installing [0182/5162, time/total: 05:49/01:19:43]: articleingud [5k]
Installing [0183/5162, time/total: 05:50/01:19:56]: arvo [104k]
Installing [0184/5162, time/total: 05:52/01:20:19]: arydshln [10k]
Installing [0185/5162, time/total: 05:52/01:20:19]: asaetr [13k]
Installing [0186/5162, time/total: 05:53/01:20:32]: asana-math [661k]
Installing [0187/5162, time/total: 05:56/01:20:47]: asapsym [47k]
Installing [0188/5162, time/total: 05:58/01:21:13]: ascelike [16k]
Installing [0189/5162, time/total: 05:59/01:21:26]: ascii-chart [1k]
Installing [0190/5162, time/total: 06:00/01:21:39]: ascii-emoticon [5k]
Installing [0191/5162, time/total: 06:01/01:21:53]: ascii-font [48k]
Installing [0192/5162, time/total: 06:02/01:22:04]: asciilist [4k]
Installing [0193/5162, time/total: 06:03/01:22:18]: ascmac [17k]
Installing [0194/5162, time/total: 06:04/01:22:31]: askinclude [5k]
Installing [0195/5162, time/total: 06:05/01:22:44]: askmaps [4k]
Installing [0196/5162, time/total: 06:06/01:22:58]: asmeconf [34k]
Installing [0197/5162, time/total: 06:08/01:23:23]: asmejour [28k]
Installing [0198/5162, time/total: 06:09/01:23:36]: aspectratio [65k]
Installing [0199/5162, time/total: 06:11/01:24:00]: aspen [11k]
Installing [0200/5162, time/total: 06:12/01:24:14]: assignment [2k]
Installing [0201/5162, time/total: 06:13/01:24:27]: assoccnt [4k]
Installing [0202/5162, time/total: 06:14/01:24:41]: association-matrix [5k]
Installing [0203/5162, time/total: 06:15/01:24:54]: asternote [2k]
Installing [0204/5162, time/total: 06:16/01:25:08]: astro [13k]
Installing [0205/5162, time/total: 06:17/01:25:21]: asy-overview [1k]
Installing [0206/5162, time/total: 06:18/01:25:34]: asyfig [4k]
Installing [0207/5162, time/total: 06:19/01:25:48]: asymptote [381k]
Installing [0208/5162, time/total: 06:22/01:26:12]: asymptote-by-example-zh-cn [1k]
Installing [0209/5162, time/total: 06:24/01:26:39]: asymptote-faq-zh-cn [1k]
Installing [0210/5162, time/total: 06:24/01:26:39]: asymptote-manual-zh-cn [1k]
Installing [0211/5162, time/total: 06:25/01:26:53]: asymptote.windows [3441k]
Installing [0212/5162, time/total: 06:29/01:25:25]: asypictureb [4k]
Installing [0213/5162, time/total: 06:31/01:25:51]: atableau [34k]
Installing [0214/5162, time/total: 06:32/01:26:03]: atbegshi [5k]
Installing [0215/5162, time/total: 06:33/01:26:16]: atenddvi [2k]
Installing [0216/5162, time/total: 06:34/01:26:29]: atendofenv [2k]
Installing [0217/5162, time/total: 06:35/01:26:42]: atkinson [2066k]
Installing [0218/5162, time/total: 06:40/01:26:24]: atomicreactions [5k]
Installing [0219/5162, time/total: 06:41/01:26:36]: attachfile [5k]
Installing [0220/5162, time/total: 06:42/01:26:49]: attachfile2 [11k]
Installing [0221/5162, time/total: 06:44/01:27:15]: attachfile2.windows [3k]
Installing [0222/5162, time/total: 06:45/01:27:27]: attinormativi [6k]
Installing [0223/5162, time/total: 06:45/01:27:27]: atveryend [2k]
Installing [0224/5162, time/total: 06:46/01:27:40]: aucklandthesis [4k]
Installing [0225/5162, time/total: 06:47/01:27:53]: augie [61k]
Installing [0226/5162, time/total: 06:49/01:28:16]: auncial-new [197k]
Installing [0227/5162, time/total: 06:51/01:28:34]: aurical [2390k]
Installing [0228/5162, time/total: 06:56/01:28:01]: aurl [14k]
Installing [0229/5162, time/total: 06:57/01:28:14]: authoraftertitle [1k]
Installing [0230/5162, time/total: 06:57/01:28:14]: authorarchive [4k]
Installing [0231/5162, time/total: 06:58/01:28:26]: authordate [9k]
Installing [0232/5162, time/total: 06:59/01:28:39]: authorindex [9k]
Installing [0233/5162, time/total: 07:01/01:29:04]: authorindex.windows [3k]
Installing [0234/5162, time/total: 07:02/01:29:16]: auto-pst-pdf [3k]
Installing [0235/5162, time/total: 07:03/01:29:29]: auto-pst-pdf-lua [3k]
Installing [0236/5162, time/total: 07:04/01:29:41]: autoaffil [4k]
Installing [0237/5162, time/total: 07:05/01:29:54]: autoaligne [10k]
Installing [0238/5162, time/total: 07:06/01:30:06]: autoarea [5k]
Installing [0239/5162, time/total: 07:06/01:30:06]: autobreak [3k]
Installing [0240/5162, time/total: 07:07/01:30:19]: autofancyhdr [2k]
Installing [0241/5162, time/total: 07:08/01:30:31]: automata [6k]
Installing [0242/5162, time/total: 07:09/01:30:44]: autonum [4k]
Installing [0243/5162, time/total: 07:10/01:30:56]: autopdf [5k]
Installing [0244/5162, time/total: 07:11/01:31:09]: autopuncitems [4k]
Installing [0245/5162, time/total: 07:12/01:31:21]: autosp [1k]
Installing [0246/5162, time/total: 07:13/01:31:34]: autosp.windows [21k]
Installing [0247/5162, time/total: 07:14/01:31:46]: autotype [450k]
Installing [0248/5162, time/total: 07:17/01:32:05]: auxhook [2k]
Installing [0249/5162, time/total: 07:18/01:32:18]: avantgar [236k]
Installing [0250/5162, time/total: 07:21/01:32:46]: avremu [13k]
Installing [0251/5162, time/total: 07:22/01:32:58]: awami [953k]
Installing [0252/5162, time/total: 07:25/01:32:56]: awesomebox [3k]
Installing [0253/5162, time/total: 07:26/01:33:08]: axessibility [4k]
Installing [0254/5162, time/total: 07:27/01:33:21]: axodraw2 [26k]
Installing [0255/5162, time/total: 07:28/01:33:32]: axodraw2.windows [103k]
Installing [0256/5162, time/total: 07:30/01:33:53]: b1encoding [5k]
Installing [0257/5162, time/total: 07:31/01:34:05]: babel [245k]
Installing [0258/5162, time/total: 07:34/01:34:32]: babel-albanian [3k]
Installing [0259/5162, time/total: 07:36/01:34:57]: babel-azerbaijani [3k]
Installing [0260/5162, time/total: 07:37/01:35:09]: babel-basque [3k]
Installing [0261/5162, time/total: 07:38/01:35:22]: babel-belarusian [5k]
Installing [0262/5162, time/total: 07:39/01:35:34]: babel-bosnian [3k]
Installing [0263/5162, time/total: 07:40/01:35:47]: babel-breton [4k]
Installing [0264/5162, time/total: 07:42/01:36:11]: babel-bulgarian [6k]
Installing [0265/5162, time/total: 07:45/01:36:49]: babel-catalan [4k]
Installing [0266/5162, time/total: 07:47/01:37:13]: babel-croatian [3k]
Installing [0267/5162, time/total: 07:48/01:37:26]: babel-czech [5k]
Installing [0268/5162, time/total: 07:49/01:37:38]: babel-danish [3k]
Installing [0269/5162, time/total: 07:50/01:37:51]: babel-dutch [3k]
Installing [0270/5162, time/total: 07:51/01:38:03]: babel-english [3k]
Installing [0271/5162, time/total: 07:52/01:38:15]: babel-esperanto [3k]
Installing [0272/5162, time/total: 07:53/01:38:28]: babel-estonian [3k]
Installing [0273/5162, time/total: 07:54/01:38:40]: babel-finnish [3k]
Installing [0274/5162, time/total: 07:55/01:38:52]: babel-french [17k]
Installing [0275/5162, time/total: 07:57/01:39:17]: babel-friulan [2k]
Installing [0276/5162, time/total: 07:58/01:39:29]: babel-galician [8k]
Installing [0277/5162, time/total: 07:59/01:39:41]: babel-georgian [5k]
Installing [0278/5162, time/total: 08:00/01:39:53]: babel-german [7k]
Installing [0279/5162, time/total: 08:01/01:40:06]: babel-greek [7k]
Installing [0280/5162, time/total: 08:02/01:40:18]: babel-hebrew [14k]
Installing [0281/5162, time/total: 08:03/01:40:30]: babel-hungarian [45k]
Installing [0282/5162, time/total: 08:05/01:40:53]: babel-icelandic [5k]
Installing [0283/5162, time/total: 08:06/01:41:05]: babel-indonesian [3k]
Installing [0284/5162, time/total: 08:07/01:41:17]: babel-interlingua [3k]
Installing [0285/5162, time/total: 08:08/01:41:30]: babel-irish [3k]
Installing [0286/5162, time/total: 08:09/01:41:42]: babel-italian [4k]
Installing [0287/5162, time/total: 08:10/01:41:54]: babel-japanese [3k]
Installing [0288/5162, time/total: 08:11/01:42:07]: babel-kazakh [8k]
Installing [0289/5162, time/total: 08:12/01:42:19]: babel-kurmanji [3k]
Installing [0290/5162, time/total: 08:13/01:42:31]: babel-latin [8k]
Installing [0291/5162, time/total: 08:14/01:42:43]: babel-latvian [5k]
Installing [0292/5162, time/total: 08:15/01:42:56]: babel-lithuanian [3k]
Installing [0293/5162, time/total: 08:16/01:43:08]: babel-macedonian [5k]
Installing [0294/5162, time/total: 08:17/01:43:20]: babel-malagasy [2k]
Installing [0295/5162, time/total: 08:18/01:43:33]: babel-malay [3k]
Installing [0296/5162, time/total: 08:19/01:43:45]: babel-norsk [3k]
Installing [0297/5162, time/total: 08:20/01:43:57]: babel-occitan [3k]
Installing [0298/5162, time/total: 08:21/01:44:10]: babel-piedmontese [2k]
Installing [0299/5162, time/total: 08:22/01:44:22]: babel-polish [4k]
Installing [0300/5162, time/total: 08:23/01:44:34]: babel-portuges [3k]
Installing [0301/5162, time/total: 08:24/01:44:47]: babel-romanian [3k]
Installing [0302/5162, time/total: 08:25/01:44:59]: babel-romansh [2k]
Installing [0303/5162, time/total: 08:30/01:46:02]: babel-russian [7k]
Installing [0304/5162, time/total: 08:34/01:46:51]: babel-samin [2k]
Installing [0305/5162, time/total: 08:35/01:47:04]: babel-scottish [2k]
Installing [0306/5162, time/total: 08:36/01:47:16]: babel-serbian [4k]
Installing [0307/5162, time/total: 08:38/01:47:41]: babel-serbianc [5k]
Installing [0308/5162, time/total: 08:39/01:47:53]: babel-slovak [6k]
Installing [0309/5162, time/total: 08:41/01:48:18]: babel-slovenian [2k]
Installing [0310/5162, time/total: 08:42/01:48:30]: babel-sorbian [4k]
Installing [0311/5162, time/total: 08:44/01:48:55]: babel-spanish [9k]
Installing [0312/5162, time/total: 08:48/01:49:44]: babel-swedish [3k]
Installing [0313/5162, time/total: 08:49/01:49:57]: babel-thai [7k]
Installing [0314/5162, time/total: 08:51/01:50:21]: babel-turkish [3k]
Installing [0315/5162, time/total: 08:53/01:50:46]: babel-ukrainian [6k]
Installing [0316/5162, time/total: 08:55/01:51:11]: babel-vietnamese [3k]
Installing [0317/5162, time/total: 08:56/01:51:23]: babel-welsh [2k]
Installing [0318/5162, time/total: 08:59/01:52:00]: babelbib [27k]
Installing [0319/5162, time/total: 09:02/01:52:37]: background [3k]
Installing [0320/5162, time/total: 09:04/01:53:01]: backnaur [2k]
Installing [0321/5162, time/total: 09:06/01:53:26]: baekmuk [8486k]
Installing [0322/5162, time/total: 09:13/01:48:04]: bagpipe [11k]
Installing [0323/5162, time/total: 09:15/01:48:27]: bahaistar [2k]
Installing [0324/5162, time/total: 09:16/01:48:39]: bangla [204k]
Installing [0325/5162, time/total: 09:18/01:48:53]: bangorcsthesis [51k]
Installing [0326/5162, time/total: 09:20/01:49:14]: bangorexam [46k]
Installing [0327/5162, time/total: 09:22/01:49:35]: bangtex [35k]
Installing [0328/5162, time/total: 09:24/01:49:57]: bankstatement [4k]
Installing [0329/5162, time/total: 09:25/01:50:09]: barcodes [7k]
Installing [0330/5162, time/total: 09:26/01:50:20]: bardiag [12k]
Installing [0331/5162, time/total: 09:27/01:50:31]: barr [8k]
Installing [0332/5162, time/total: 09:29/01:50:54]: barracuda [36k]
Installing [0333/5162, time/total: 09:31/01:51:16]: bartel-chess-fonts [18k]
Installing [0334/5162, time/total: 09:33/01:51:39]: bashful [6k]
Installing [0335/5162, time/total: 09:34/01:51:50]: basicarith [3k]
Installing [0336/5162, time/total: 09:36/01:52:13]: baskervaldadf [412k]
Installing [0337/5162, time/total: 09:40/01:52:41]: baskervaldx [665k]
Installing [0338/5162, time/total: 09:43/01:52:44]: baskervillef [1036k]
Installing [0339/5162, time/total: 09:48/01:52:54]: basque-book [6k]
Installing [0340/5162, time/total: 09:50/01:53:17]: basque-date [2k]
Installing [0341/5162, time/total: 09:52/01:53:39]: bath-bst [10k]
Installing [0342/5162, time/total: 09:54/01:54:02]: bbcard [7k]
Installing [0343/5162, time/total: 09:56/01:54:25]: bbding [12k]
Installing [0344/5162, time/total: 10:03/01:55:45]: bbm [32k]
Installing [0345/5162, time/total: 10:05/01:56:06]: bbm-macros [2k]
Installing [0346/5162, time/total: 10:06/01:56:18]: bbold [16k]
Installing [0347/5162, time/total: 10:07/01:56:29]: bbold-type1 [69k]
Installing [0348/5162, time/total: 10:09/01:56:48]: bboldx [70k]
Installing [0349/5162, time/total: 10:12/01:57:20]: bchart [2k]
Installing [0350/5162, time/total: 10:13/01:57:31]: bclogo [234k]
Installing [0351/5162, time/total: 10:22/01:59:03]: beamer [165k]
Installing [0352/5162, time/total: 10:26/01:59:41]: beamer-fuberlin [4k]
Installing [0353/5162, time/total: 10:27/01:59:52]: beamer-reveal [7k]
Installing [0354/5162, time/total: 10:29/02:00:15]: beamer-rl [8k]
Installing [0355/5162, time/total: 10:30/02:00:26]: beamer-theme-albi [7k]
Installing [0356/5162, time/total: 10:30/02:00:26]: beamer-tut-pt [1k]
Installing [0357/5162, time/total: 10:32/02:00:48]: beamer-varbox [4k]
Installing [0358/5162, time/total: 10:33/02:01:00]: beamer-verona [4k]
Installing [0359/5162, time/total: 10:34/02:01:11]: beamer2thesis [286k]
Installing [0360/5162, time/total: 10:36/02:01:20]: beamerappendixnote [2k]
Installing [0361/5162, time/total: 10:37/02:01:31]: beameraudience [2k]
Installing [0362/5162, time/total: 10:39/02:01:54]: beamerauxtheme [4k]
Installing [0363/5162, time/total: 10:40/02:02:05]: beamercolorthemeowl [2k]
Installing [0364/5162, time/total: 10:41/02:02:17]: beamerdarkthemes [2k]
Installing [0365/5162, time/total: 10:42/02:02:28]: beamerposter [8k]
Installing [0366/5162, time/total: 10:44/02:02:50]: beamersubframe [4k]
Installing [0367/5162, time/total: 10:45/02:03:02]: beamerswitch [5k]
Installing [0368/5162, time/total: 10:47/02:03:24]: beamertheme-arguelles [4k]
Installing [0369/5162, time/total: 10:48/02:03:36]: beamertheme-bilkent-econ [171k]
Installing [0370/5162, time/total: 10:50/02:03:50]: beamertheme-cleaneasy [22k]
Installing [0371/5162, time/total: 10:51/02:04:00]: beamertheme-csh [8k]
Installing [0372/5162, time/total: 10:52/02:04:11]: beamertheme-cuerna [3k]
Installing [0373/5162, time/total: 10:54/02:04:34]: beamertheme-detlevcm [3k]
Installing [0374/5162, time/total: 10:55/02:04:45]: beamertheme-durham [4k]
Installing [0375/5162, time/total: 10:59/02:05:31]: beamertheme-epyt [4k]
Installing [0376/5162, time/total: 11:00/02:05:42]: beamertheme-focus [5k]
Installing [0377/5162, time/total: 11:01/02:05:53]: beamertheme-geode [5k]
Installing [0378/5162, time/total: 11:02/02:06:04]: beamertheme-gotham [21k]
Installing [0379/5162, time/total: 11:04/02:06:26]: beamertheme-light [3k]
Installing [0380/5162, time/total: 11:05/02:06:38]: beamertheme-metropolis [7k]
Installing [0381/5162, time/total: 11:07/02:07:00]: beamertheme-mirage [4k]
Installing [0382/5162, time/total: 11:08/02:07:11]: beamertheme-npbt [1424k]
Installing [0383/5162, time/total: 11:12/02:06:43]: beamertheme-phnompenh [1k]
Installing [0384/5162, time/total: 11:14/02:07:06]: beamertheme-pure-minimalistic [5k]
Installing [0385/5162, time/total: 11:15/02:07:17]: beamertheme-rainbow [2k]
Installing [0386/5162, time/total: 11:16/02:07:28]: beamertheme-saintpetersburg [4k]
Installing [0387/5162, time/total: 11:18/02:07:51]: beamertheme-simpledarkblue [2k]
Installing [0388/5162, time/total: 11:19/02:08:02]: beamertheme-simpleplus [2k]
Installing [0389/5162, time/total: 11:21/02:08:24]: beamertheme-spectrum [5k]
Installing [0390/5162, time/total: 11:22/02:08:35]: beamertheme-tcolorbox [4k]
Installing [0391/5162, time/total: 11:24/02:08:58]: beamertheme-trigon [6k]
Installing [0392/5162, time/total: 11:25/02:09:09]: beamertheme-upenn-bc [2k]
Installing [0393/5162, time/total: 11:26/02:09:20]: beamertheme-westlake [3k]
Installing [0394/5162, time/total: 11:27/02:09:31]: beamerthemeamurmaple [7k]
Installing [0395/5162, time/total: 11:29/02:09:54]: beamerthemecelestia [15k]
Installing [0396/5162, time/total: 11:32/02:10:27]: beamerthemeconcrete [15k]
Installing [0397/5162, time/total: 11:34/02:10:49]: beamerthemejltree [2k]
Installing [0398/5162, time/total: 11:36/02:11:11]: beamerthemelalic [3k]
Installing [0399/5162, time/total: 11:37/02:11:22]: beamerthemenirma [3k]
Installing [0400/5162, time/total: 11:38/02:11:33]: beamerthemenord [3k]
Installing [0401/5162, time/total: 11:39/02:11:45]: beamertools [2k]
Installing [0402/5162, time/total: 11:40/02:11:56]: bearwear [3k]
Installing [0403/5162, time/total: 11:41/02:12:07]: beaulivre [6k]
Installing [0404/5162, time/total: 11:42/02:12:18]: beautybook [15k]
Installing [0405/5162, time/total: 11:44/02:12:40]: beautynote [6k]
Installing [0406/5162, time/total: 11:45/02:12:51]: beebe [1421k]
Installing [0407/5162, time/total: 11:48/02:12:09]: begingreek [2k]
Installing [0408/5162, time/total: 11:49/02:12:20]: begriff [3k]
Installing [0409/5162, time/total: 11:50/02:12:31]: beilstein [13k]
Installing [0410/5162, time/total: 11:51/02:12:42]: belleek [82k]
Installing [0411/5162, time/total: 11:54/02:13:11]: bengali [17k]
Installing [0412/5162, time/total: 11:56/02:13:32]: bera [306k]
Installing [0413/5162, time/total: 11:58/02:13:38]: berenisadf [1729k]
Installing [0414/5162, time/total: 12:02/02:12:51]: besjournals [9k]
Installing [0415/5162, time/total: 12:04/02:13:13]: bestpapers [8k]
Installing [0416/5162, time/total: 12:07/02:13:46]: betababel [4k]
Installing [0417/5162, time/total: 12:08/02:13:56]: beton [2k]
Installing [0418/5162, time/total: 12:10/02:14:18]: beuron [50k]
Installing [0419/5162, time/total: 12:11/02:14:27]: bewerbung [10k]
Installing [0420/5162, time/total: 12:13/02:14:48]: bez123 [3k]
Installing [0421/5162, time/total: 12:14/02:14:59]: bezierplot [8k]
Installing [0422/5162, time/total: 12:16/02:15:21]: bfh-ci [29k]
Installing [0423/5162, time/total: 12:17/02:15:30]: bgteubner [29k]
Installing [0424/5162, time/total: 12:18/02:15:40]: bguq [15k]
Installing [0425/5162, time/total: 12:20/02:16:01]: bhcexam [4k]
Installing [0426/5162, time/total: 12:21/02:16:12]: bib-fr [14k]
Installing [0427/5162, time/total: 12:23/02:16:33]: bib2gls [2282k]
Installing [0428/5162, time/total: 12:28/02:15:27]: bib2gls.windows [3k]
Installing [0429/5162, time/total: 12:31/02:15:59]: bib2qr [2k]
Installing [0430/5162, time/total: 12:32/02:16:10]: bibarts [31k]
Installing [0431/5162, time/total: 12:34/02:16:30]: bibbreeze [7k]
Installing [0432/5162, time/total: 12:35/02:16:40]: bibcop [11k]
Installing [0433/5162, time/total: 12:36/02:16:51]: bibcop.windows [3k]
Installing [0434/5162, time/total: 12:37/02:17:01]: biber [1k]
Installing [0435/5162, time/total: 12:38/02:17:12]: biber-ms [1k]
Installing [0436/5162, time/total: 12:39/02:17:23]: biber-ms.windows [23820k]
Installing [0437/5162, time/total: 12:45/01:59:57]: biber.windows [23826k]
Installing [0438/5162, time/total: 12:50/01:46:29]: bibexport [7k]
Installing [0439/5162, time/total: 12:51/01:46:37]: bibhtml [12k]
Installing [0440/5162, time/total: 12:52/01:46:45]: biblatex [255k]
Installing [0441/5162, time/total: 12:54/01:46:54]: biblatex-abnt [20k]
Installing [0442/5162, time/total: 12:55/01:47:02]: biblatex-abs-annote [3k]
Installing [0443/5162, time/total: 12:56/01:47:10]: biblatex-accursius [11k]
Installing [0444/5162, time/total: 12:57/01:47:18]: biblatex-ajc2020unofficial [2k]
Installing [0445/5162, time/total: 12:58/01:47:26]: biblatex-ams [2k]
Installing [0446/5162, time/total: 12:58/01:47:26]: biblatex-anonymous [2k]
Installing [0447/5162, time/total: 12:59/01:47:34]: biblatex-apa [36k]
Installing [0448/5162, time/total: 13:00/01:47:41]: biblatex-apa-zh [6k]
Installing [0449/5162, time/total: 13:01/01:47:49]: biblatex-apa6 [21k]
Installing [0450/5162, time/total: 13:03/01:48:05]: biblatex-archaeology [39k]
Installing [0451/5162, time/total: 13:09/01:48:54]: biblatex-arthistory-bonn [8k]
Installing [0452/5162, time/total: 13:13/01:49:27]: biblatex-asa [4k]
Installing [0453/5162, time/total: 13:15/01:49:43]: biblatex-bath [11k]
Installing [0454/5162, time/total: 13:16/01:49:51]: biblatex-bookinarticle [2k]
Installing [0455/5162, time/total: 13:16/01:49:51]: biblatex-bookinother [4k]
Installing [0456/5162, time/total: 13:17/01:49:59]: biblatex-bwl [2k]
Installing [0457/5162, time/total: 13:18/01:50:07]: biblatex-caspervector [5k]
Installing [0458/5162, time/total: 13:19/01:50:16]: biblatex-cheatsheet [1k]
Installing [0459/5162, time/total: 13:20/01:50:24]: biblatex-chem [6k]
Installing [0460/5162, time/total: 13:21/01:50:32]: biblatex-chicago [108k]
Installing [0461/5162, time/total: 13:22/01:50:37]: biblatex-claves [3k]
Installing [0462/5162, time/total: 13:23/01:50:45]: biblatex-cse [5k]
Installing [0463/5162, time/total: 13:24/01:50:53]: biblatex-cv [10k]
Installing [0464/5162, time/total: 13:25/01:51:01]: biblatex-dw [17k]
Installing [0465/5162, time/total: 13:26/01:51:09]: biblatex-enc [9k]
Installing [0466/5162, time/total: 13:27/01:51:17]: biblatex-ext [29k]
Installing [0467/5162, time/total: 13:29/01:51:32]: biblatex-fiwi [17k]
Installing [0468/5162, time/total: 13:30/01:51:40]: biblatex-gb7714-2015 [64k]
Installing [0469/5162, time/total: 13:31/01:51:46]: biblatex-german-legal [7k]
Installing [0470/5162, time/total: 13:32/01:51:54]: biblatex-gost [21k]
Installing [0471/5162, time/total: 13:33/01:52:02]: biblatex-greifswald [2k]
Installing [0472/5162, time/total: 13:34/01:52:10]: biblatex-historian [24k]
Installing [0473/5162, time/total: 13:36/01:52:26]: biblatex-ieee [6k]
Installing [0474/5162, time/total: 13:36/01:52:26]: biblatex-ijsra [2k]
Installing [0475/5162, time/total: 13:38/01:52:42]: biblatex-iso690 [13k]
Installing [0476/5162, time/total: 13:40/01:52:58]: biblatex-jura2 [5k]
Installing [0477/5162, time/total: 13:41/01:53:06]: biblatex-juradiss [7k]
Installing [0478/5162, time/total: 13:41/01:53:06]: biblatex-license [2k]
Installing [0479/5162, time/total: 13:42/01:53:14]: biblatex-lncs [3k]
Installing [0480/5162, time/total: 13:43/01:53:23]: biblatex-lni [4k]
Installing [0481/5162, time/total: 13:45/01:53:39]: biblatex-luh-ipw [6k]
Installing [0482/5162, time/total: 13:46/01:53:47]: biblatex-manuscripts-philology [5k]
Installing [0483/5162, time/total: 13:47/01:53:55]: biblatex-mla [25k]
Installing [0484/5162, time/total: 13:49/01:54:11]: biblatex-morenames [3k]
Installing [0485/5162, time/total: 13:50/01:54:19]: biblatex-ms [257k]
Installing [0486/5162, time/total: 13:52/01:54:27]: biblatex-multiple-dm [2k]
Installing [0487/5162, time/total: 13:52/01:54:27]: biblatex-musuos [4k]
Installing [0488/5162, time/total: 13:53/01:54:35]: biblatex-nature [4k]
Installing [0489/5162, time/total: 13:54/01:54:43]: biblatex-nejm [2k]
Installing [0490/5162, time/total: 13:55/01:54:51]: biblatex-nottsclassic [3k]
Installing [0491/5162, time/total: 13:55/01:54:51]: biblatex-opcit-booktitle [3k]
Installing [0492/5162, time/total: 13:56/01:54:59]: biblatex-oxref [27k]
Installing [0493/5162, time/total: 14:00/01:55:32]: biblatex-philosophy [13k]
Installing [0494/5162, time/total: 14:02/01:55:48]: biblatex-phys [4k]
Installing [0495/5162, time/total: 14:03/01:55:56]: biblatex-publist [17k]
Installing [0496/5162, time/total: 14:04/01:56:03]: biblatex-readbbl [2k]
Installing [0497/5162, time/total: 14:05/01:56:12]: biblatex-realauthor [3k]
Installing [0498/5162, time/total: 14:06/01:56:20]: biblatex-sbl [20k]
Installing [0499/5162, time/total: 14:08/01:56:36]: biblatex-science [3k]
Installing [0500/5162, time/total: 14:09/01:56:44]: biblatex-shortfields [3k]
Installing [0501/5162, time/total: 14:10/01:56:52]: biblatex-socialscienceshuberlin [3k]
Installing [0502/5162, time/total: 14:11/01:57:00]: biblatex-software [9k]
Installing [0503/5162, time/total: 14:12/01:57:08]: biblatex-source-division [2k]
Installing [0504/5162, time/total: 14:13/01:57:16]: biblatex-spbasic [6k]
Installing [0505/5162, time/total: 14:13/01:57:16]: biblatex-subseries [2k]
Installing [0506/5162, time/total: 14:14/01:57:24]: biblatex-swiss-legal [18k]
Installing [0507/5162, time/total: 14:15/01:57:32]: biblatex-trad [5k]
Installing [0508/5162, time/total: 14:16/01:57:40]: biblatex-true-citepages-omit [2k]
Installing [0509/5162, time/total: 14:17/01:57:48]: biblatex-unified [9k]
Installing [0510/5162, time/total: 14:18/01:57:56]: biblatex-vancouver [2k]
Installing [0511/5162, time/total: 14:20/01:58:13]: biblatex2bibitem [2k]
Installing [0512/5162, time/total: 14:21/01:58:21]: bibleref [8k]
Installing [0513/5162, time/total: 14:22/01:58:29]: bibleref-french [6k]
Installing [0514/5162, time/total: 14:23/01:58:37]: bibleref-german [8k]
Installing [0515/5162, time/total: 14:24/01:58:45]: bibleref-lds [4k]
Installing [0516/5162, time/total: 14:24/01:58:45]: bibleref-mouth [6k]
Installing [0517/5162, time/total: 14:25/01:58:53]: bibleref-parse [8k]
Installing [0518/5162, time/total: 14:26/01:59:01]: bibleref-sbl [4k]
Installing [0519/5162, time/total: 14:27/01:59:09]: bibletext [2k]
Installing [0520/5162, time/total: 14:28/01:59:17]: biblist [9k]
Installing [0521/5162, time/total: 14:29/01:59:25]: bibtex [15k]
Installing [0522/5162, time/total: 14:30/01:59:33]: bibtex.windows [49k]
Installing [0523/5162, time/total: 14:32/01:59:48]: bibtex8 [10k]
Installing [0524/5162, time/total: 14:33/01:59:56]: bibtex8.windows [179k]
Installing [0525/5162, time/total: 14:35/02:00:06]: bibtexperllibs [26k]
Installing [0526/5162, time/total: 14:36/02:00:13]: bibtexperllibs.windows [3k]
Installing [0527/5162, time/total: 14:37/02:00:21]: bibtexu [1k]
Installing [0528/5162, time/total: 14:38/02:00:29]: bibtexu.windows [501k]
Installing [0529/5162, time/total: 14:41/02:00:36]: bibtools [6k]
Installing [0530/5162, time/total: 14:42/02:00:44]: bibtopic [9k]
Installing [0531/5162, time/total: 14:43/02:00:52]: bibtopicprefix [2k]
Installing [0532/5162, time/total: 14:44/02:01:00]: bibunits [3k]
Installing [0533/5162, time/total: 14:45/02:01:08]: bidi [129k]
Installing [0534/5162, time/total: 14:47/02:01:20]: bidi-atbegshi [2k]
Installing [0535/5162, time/total: 14:48/02:01:28]: bidicontour [2k]
Installing [0536/5162, time/total: 14:49/02:01:37]: bidihl [3k]
Installing [0537/5162, time/total: 14:50/02:01:45]: bidipagegrid [4k]
Installing [0538/5162, time/total: 14:52/02:02:01]: bidipresentation [28k]
Installing [0539/5162, time/total: 14:53/02:02:08]: bidishadowtext [2k]
Installing [0540/5162, time/total: 14:54/02:02:16]: bigfoot [12k]
Installing [0541/5162, time/total: 14:55/02:02:24]: bigintcalc [7k]
Installing [0542/5162, time/total: 14:56/02:02:32]: bigints [2k]
Installing [0543/5162, time/total: 14:57/02:02:40]: bilingualpages [1k]
Installing [0544/5162, time/total: 14:57/02:02:40]: binarytree [6k]
Installing [0545/5162, time/total: 14:58/02:02:48]: binomexp [3k]
Installing [0546/5162, time/total: 15:00/02:03:05]: biochemistry-colors [3k]
Installing [0547/5162, time/total: 15:01/02:03:13]: biocon [4k]
Installing [0548/5162, time/total: 15:02/02:03:21]: biolett-bst [6k]
Installing [0549/5162, time/total: 15:03/02:03:29]: bitelist [6k]
Installing [0550/5162, time/total: 15:03/02:03:29]: bithesis [26k]
Installing [0551/5162, time/total: 15:05/02:03:44]: bitpattern [3k]
Installing [0552/5162, time/total: 15:05/02:03:44]: bitset [6k]
Installing [0553/5162, time/total: 15:06/02:03:52]: bitter [188k]
Installing [0554/5162, time/total: 15:08/02:04:02]: bizcard [2k]
Installing [0555/5162, time/total: 15:09/02:04:10]: bjfuthesis [3k]
Installing [0556/5162, time/total: 15:09/02:04:10]: blacklettert1 [13k]
Installing [0557/5162, time/total: 15:10/02:04:17]: blindtext [11k]
Installing [0558/5162, time/total: 15:12/02:04:33]: blkarray [19k]
Installing [0559/5162, time/total: 15:13/02:04:41]: blochsphere [4k]
Installing [0560/5162, time/total: 15:14/02:04:49]: block [1k]
Installing [0561/5162, time/total: 15:15/02:04:57]: blockdraw_mp [5k]
Installing [0562/5162, time/total: 15:16/02:05:05]: blopentype [16k]
Installing [0563/5162, time/total: 15:16/02:05:05]: bloques [2k]
Installing [0564/5162, time/total: 15:17/02:05:13]: blowup [3k]
Installing [0565/5162, time/total: 15:18/02:05:21]: blox [3k]
Installing [0566/5162, time/total: 15:19/02:05:29]: bmstu [133k]
Installing [0567/5162, time/total: 15:21/02:05:40]: bmstu-iu8 [14k]
Installing [0568/5162, time/total: 15:22/02:05:48]: bnumexpr [5k]
Installing [0569/5162, time/total: 15:23/02:05:56]: bodegraph [16k]
Installing [0570/5162, time/total: 15:25/02:06:12]: bodeplot [15k]
Installing [0571/5162, time/total: 15:26/02:06:20]: bohr [4k]
Installing [0572/5162, time/total: 15:28/02:06:36]: boisik [211k]
Installing [0573/5162, time/total: 15:30/02:06:44]: boites [5k]
Installing [0574/5162, time/total: 15:31/02:06:52]: bold-extra [2k]
Installing [0575/5162, time/total: 15:32/02:07:01]: boldtensors [3k]
Installing [0576/5162, time/total: 15:33/02:07:09]: bondgraph [2k]
Installing [0577/5162, time/total: 15:34/02:07:17]: bondgraphs [3k]
Installing [0578/5162, time/total: 15:35/02:07:25]: bonum-otf [3k]
Installing [0579/5162, time/total: 15:36/02:07:33]: book-of-common-prayer [3k]
Installing [0580/5162, time/total: 15:37/02:07:41]: bookcover [7k]
Installing [0581/5162, time/total: 15:38/02:07:49]: bookdb [7k]
Installing [0582/5162, time/total: 15:39/02:07:57]: bookest [5k]
Installing [0583/5162, time/total: 15:39/02:07:57]: bookhands [137k]
Installing [0584/5162, time/total: 15:41/02:08:08]: booklet [4k]
Installing [0585/5162, time/total: 15:42/02:08:16]: bookman [273k]
Installing [0586/5162, time/total: 15:43/02:08:14]: bookmark [9k]
Installing [0587/5162, time/total: 15:44/02:08:22]: bookshelf [8k]
Installing [0588/5162, time/total: 15:45/02:08:30]: bookshelf.windows [3k]
Installing [0589/5162, time/total: 15:48/02:08:54]: booktabs [3k]
Installing [0590/5162, time/total: 15:50/02:09:10]: booktabs-de [1k]
Installing [0591/5162, time/total: 15:51/02:09:18]: booktabs-fr [1k]
Installing [0592/5162, time/total: 15:54/02:09:43]: booktabstabular [2k]
Installing [0593/5162, time/total: 15:54/02:09:43]: boolexpr [3k]
Installing [0594/5162, time/total: 15:56/02:09:59]: boondox [200k]
Installing [0595/5162, time/total: 16:00/02:10:24]: bootstrapicons [888k]
Installing [0596/5162, time/total: 16:03/02:10:15]: bophook [2k]
Installing [0597/5162, time/total: 16:04/02:10:23]: borceux [27k]
Installing [0598/5162, time/total: 16:05/02:10:30]: bosisio [7k]
Installing [0599/5162, time/total: 16:07/02:10:46]: boustrophedon [6k]
Installing [0600/5162, time/total: 16:09/02:11:02]: boxedminipage [2k]
Installing [0601/5162, time/total: 16:12/02:11:26]: boxhandler [6k]
Installing [0602/5162, time/total: 16:15/02:11:50]: bpchem [4k]
Installing [0603/5162, time/total: 16:17/02:12:06]: bpolynomial [3k]
Installing [0604/5162, time/total: 16:18/02:12:14]: br-lex [3k]
Installing [0605/5162, time/total: 16:19/02:12:23]: bracealign [2k]
Installing [0606/5162, time/total: 16:20/02:12:31]: bracketkey [2k]
Installing [0607/5162, time/total: 16:21/02:12:39]: braids [9k]
Installing [0608/5162, time/total: 16:22/02:12:46]: braille [6k]
Installing [0609/5162, time/total: 16:22/02:12:46]: braket [2k]
Installing [0610/5162, time/total: 16:23/02:12:54]: brandeis-dissertation [2k]
Installing [0611/5162, time/total: 16:24/02:13:02]: brandeis-problemset [7k]
Installing [0612/5162, time/total: 16:25/02:13:10]: brandeis-thesis [2k]
Installing [0613/5162, time/total: 16:25/02:13:10]: brandstyler [3k]
Installing [0614/5162, time/total: 16:26/02:13:18]: breakcites [1k]
Installing [0615/5162, time/total: 16:27/02:13:26]: breakurl [4k]
Installing [0616/5162, time/total: 16:28/02:13:34]: bredzenie [49k]
Installing [0617/5162, time/total: 16:29/02:13:40]: breqn [24k]
Installing [0618/5162, time/total: 16:30/02:13:48]: bropd [2k]
Installing [0619/5162, time/total: 16:31/02:13:56]: broydensolve [4k]
Installing [0620/5162, time/total: 16:31/02:13:55]: brushscr [48k]
Installing [0621/5162, time/total: 16:33/02:14:10]: bubblesort [2k]
Installing [0622/5162, time/total: 16:34/02:14:18]: buctthesis [10k]
Installing [0623/5162, time/total: 16:35/02:14:26]: bullcntr [3k]
Installing [0624/5162, time/total: 16:37/02:14:42]: bundledoc [13k]
Installing [0625/5162, time/total: 16:38/02:14:49]: bundledoc.windows [3k]
Installing [0626/5162, time/total: 16:39/02:14:57]: burmese [54k]
Installing [0627/5162, time/total: 16:41/02:15:11]: businesscard-qrcode [4k]
Installing [0628/5162, time/total: 16:42/02:15:19]: bussproofs [9k]
Installing [0629/5162, time/total: 16:44/02:15:35]: bussproofs-colorful [4k]
Installing [0630/5162, time/total: 16:45/02:15:43]: bussproofs-extra [3k]
Installing [0631/5162, time/total: 16:45/02:15:43]: bxbase [23k]
Installing [0632/5162, time/total: 16:47/02:15:58]: bxcalc [4k]
Installing [0633/5162, time/total: 16:48/02:16:06]: bxcjkjatype [9k]
Installing [0634/5162, time/total: 16:49/02:16:14]: bxcoloremoji [34k]
Installing [0635/5162, time/total: 16:50/02:16:21]: bxdpx-beamer [2k]
Installing [0636/5162, time/total: 16:51/02:16:29]: bxdvidriver [4k]
Installing [0637/5162, time/total: 16:54/02:16:53]: bxeepic [7k]
Installing [0638/5162, time/total: 16:55/02:17:01]: bxenclose [2k]
Installing [0639/5162, time/total: 16:56/02:17:09]: bxghost [2k]
Installing [0640/5162, time/total: 16:59/02:17:33]: bxjaholiday [6k]
Installing [0641/5162, time/total: 17:04/02:18:14]: bxjalipsum [26k]
Installing [0642/5162, time/total: 17:06/02:18:29]: bxjaprnind [4k]
Installing [0643/5162, time/total: 17:08/02:18:45]: bxjatoucs [41k]
Installing [0644/5162, time/total: 17:10/02:18:59]: bxjscls [35k]
Installing [0645/5162, time/total: 17:12/02:19:14]: bxnewfont [5k]
Installing [0646/5162, time/total: 17:13/02:19:22]: bxorigcapt [3k]
Installing [0647/5162, time/total: 17:14/02:19:30]: bxpapersize [5k]
Installing [0648/5162, time/total: 17:15/02:19:38]: bxpdfver [9k]
Installing [0649/5162, time/total: 17:16/02:19:46]: bxtexlogo [9k]
Installing [0650/5162, time/total: 17:17/02:19:53]: bxwareki [8k]
Installing [0651/5162, time/total: 17:18/02:20:01]: byo-twemojis [41k]
Installing [0652/5162, time/total: 17:19/02:20:08]: byrne [27k]
Installing [0653/5162, time/total: 17:21/02:20:23]: bytefield [5k]
Installing [0654/5162, time/total: 17:22/02:20:31]: c-pascal [5k]
Installing [0655/5162, time/total: 17:23/02:20:39]: c90 [2k]
Installing [0656/5162, time/total: 17:24/02:20:47]: cabin [2829k]
Installing [0657/5162, time/total: 17:31/02:19:49]: cachepic [5k]
Installing [0658/5162, time/total: 17:32/02:19:56]: cachepic.windows [3k]
Installing [0659/5162, time/total: 17:33/02:20:04]: cahierprof [8k]
Installing [0660/5162, time/total: 17:34/02:20:12]: caladea [336k]
Installing [0661/5162, time/total: 17:35/02:20:07]: calcage [2k]
Installing [0662/5162, time/total: 17:36/02:20:15]: calcfrac [3k]
Installing [0663/5162, time/total: 17:37/02:20:22]: calctab [5k]
Installing [0664/5162, time/total: 17:38/02:20:30]: calculation [4k]
Installing [0665/5162, time/total: 17:39/02:20:38]: calculator [10k]
Installing [0666/5162, time/total: 17:40/02:20:46]: calculatoritems [7k]
Installing [0667/5162, time/total: 17:41/02:20:53]: calligra [42k]
Installing [0668/5162, time/total: 17:42/02:21:00]: calligra-type1 [59k]
Installing [0669/5162, time/total: 17:44/02:21:13]: callout-itembox [3k]
Installing [0670/5162, time/total: 17:45/02:21:21]: callouts [2k]
Installing [0671/5162, time/total: 17:45/02:21:21]: callouts-box [2k]
Installing [0672/5162, time/total: 17:46/02:21:29]: calrsfs [1k]
Installing [0673/5162, time/total: 17:47/02:21:37]: cals [5k]
Installing [0674/5162, time/total: 17:47/02:21:37]: calxxxx-yyyy [7k]
Installing [0675/5162, time/total: 17:48/02:21:44]: cancel [3k]
Installing [0676/5162, time/total: 17:49/02:21:52]: canoniclayout [3k]
Installing [0677/5162, time/total: 17:50/02:22:00]: cantarell [1116k]
Installing [0678/5162, time/total: 17:53/02:21:39]: capt-of [2k]
Installing [0679/5162, time/total: 17:53/02:21:39]: captcont [3k]
Installing [0680/5162, time/total: 17:54/02:21:47]: captdef [2k]
Installing [0681/5162, time/total: 17:55/02:21:54]: caption [61k]
Installing [0682/5162, time/total: 17:56/02:22:00]: carbohydrates [6k]
Installing [0683/5162, time/total: 17:57/02:22:08]: cardgame [8k]
Installing [0684/5162, time/total: 17:59/02:22:23]: carlisle [9k]
Installing [0685/5162, time/total: 18:00/02:22:31]: carlito [2514k]
Installing [0686/5162, time/total: 18:04/02:21:22]: carolmin-ps [103k]
Installing [0687/5162, time/total: 18:07/02:21:41]: carom-billiards [4k]
Installing [0688/5162, time/total: 18:08/02:21:49]: cartonaugh [7k]
Installing [0689/5162, time/total: 18:09/02:21:56]: cascade [3k]
Installing [0690/5162, time/total: 18:11/02:22:12]: cascadia-code [5581k]
Installing [0691/5162, time/total: 18:16/02:19:13]: cascadiamono-otf [2k]
Installing [0692/5162, time/total: 18:17/02:19:21]: cascadilla [10k]
Installing [0693/5162, time/total: 18:18/02:19:28]: cases [4k]
Installing [0694/5162, time/total: 18:20/02:19:43]: casyl [6k]
Installing [0695/5162, time/total: 18:21/02:19:51]: catchfile [3k]
Installing [0696/5162, time/total: 18:22/02:19:58]: catchfilebetweentags [2k]
Installing [0697/5162, time/total: 18:23/02:20:06]: catcodes [7k]
Installing [0698/5162, time/total: 18:25/02:20:21]: catechis [2k]
Installing [0699/5162, time/total: 18:26/02:20:28]: catoptions [38k]
Installing [0700/5162, time/total: 18:28/02:20:42]: catppuccinpalette [5k]
Installing [0701/5162, time/total: 18:29/02:20:50]: causalmodels [3k]
Installing [0702/5162, time/total: 18:30/02:20:57]: causets [6k]
Installing [0703/5162, time/total: 18:31/02:21:05]: cbcoptic [99k]
Installing [0704/5162, time/total: 18:33/02:21:16]: cbfonts [64460k]
Installing [0705/5162, time/total: 18:46/01:50:32]: cbfonts-fd [4k]
Installing [0706/5162, time/total: 18:47/01:50:38]: cc-pl [417k]
Installing [0707/5162, time/total: 18:50/01:50:46]: ccaption [6k]
Installing [0708/5162, time/total: 18:51/01:50:52]: ccfonts [3k]
Installing [0709/5162, time/total: 18:51/01:50:52]: ccicons [16k]
Installing [0710/5162, time/total: 18:52/01:50:57]: cclicenses [2k]
Installing [0711/5162, time/total: 18:53/01:51:03]: ccool [4k]
Installing [0712/5162, time/total: 18:54/01:51:09]: cd [5k]
Installing [0713/5162, time/total: 18:55/01:51:15]: cd-cover [4k]
Installing [0714/5162, time/total: 18:56/01:51:20]: cdcmd [4k]
Installing [0715/5162, time/total: 18:57/01:51:26]: cdpbundl [19k]
Installing [0716/5162, time/total: 18:58/01:51:32]: cell [11k]
Installing [0717/5162, time/total: 18:59/01:51:37]: cellprops [7k]
Installing [0718/5162, time/total: 19:00/01:51:43]: cellspace [3k]
Installing [0719/5162, time/total: 19:01/01:51:49]: celtic [4k]
Installing [0720/5162, time/total: 19:02/01:51:55]: censor [4k]
Installing [0721/5162, time/total: 19:03/01:52:00]: centeredline [2k]
Installing [0722/5162, time/total: 19:04/01:52:06]: centerlastline [2k]
Installing [0723/5162, time/total: 19:05/01:52:12]: cesenaexam [4k]
Installing [0724/5162, time/total: 19:06/01:52:18]: cfr-initials [3k]
Installing [0725/5162, time/total: 19:07/01:52:24]: cfr-lm [134k]
Installing [0726/5162, time/total: 19:10/01:52:38]: changebar [8k]
Installing [0727/5162, time/total: 19:10/01:52:38]: changelayout [4k]
Installing [0728/5162, time/total: 19:11/01:52:44]: changelog [4k]
Installing [0729/5162, time/total: 19:12/01:52:50]: changepage [3k]
Installing [0730/5162, time/total: 19:13/01:52:55]: changes [9k]
Installing [0731/5162, time/total: 19:14/01:53:01]: chappg [2k]
Installing [0732/5162, time/total: 19:15/01:53:07]: chapterfolder [2k]
Installing [0733/5162, time/total: 19:16/01:53:13]: char2path [46k]
Installing [0734/5162, time/total: 19:17/01:53:18]: charissil [3054k]
Installing [0735/5162, time/total: 19:21/01:52:29]: charter [172k]
Installing [0736/5162, time/total: 19:22/01:52:31]: chatui [6k]
Installing [0737/5162, time/total: 19:22/01:52:30]: chbibref [2k]
Installing [0738/5162, time/total: 19:23/01:52:36]: cheatsheet [3k]
Installing [0739/5162, time/total: 19:24/01:52:42]: checkcites [7k]
Installing [0740/5162, time/total: 19:24/01:52:42]: checkcites.windows [3k]
Installing [0741/5162, time/total: 19:25/01:52:48]: checkend [2k]
Installing [0742/5162, time/total: 19:26/01:52:53]: checklistings [7k]
Installing [0743/5162, time/total: 19:27/01:52:59]: chem-journal [5k]
Installing [0744/5162, time/total: 19:28/01:53:05]: chemarrow [6k]
Installing [0745/5162, time/total: 19:28/01:53:05]: chembst [7k]
Installing [0746/5162, time/total: 19:29/01:53:10]: chemcompounds [2k]
Installing [0747/5162, time/total: 19:30/01:53:16]: chemcono [8k]
Installing [0748/5162, time/total: 19:31/01:53:22]: chemexec [8k]
Installing [0749/5162, time/total: 19:32/01:53:27]: chemfig [26k]
Installing [0750/5162, time/total: 19:33/01:53:32]: chemformula [16k]
Installing [0751/5162, time/total: 19:34/01:53:38]: chemformula-ru [2k]
Installing [0752/5162, time/total: 19:35/01:53:44]: chemgreek [7k]
Installing [0753/5162, time/total: 19:35/01:53:44]: chemidentifier [25k]
Installing [0754/5162, time/total: 19:36/01:53:49]: chemmacros [42k]
Installing [0755/5162, time/total: 19:38/01:53:59]: chemnum [12k]
Installing [0756/5162, time/total: 19:38/01:53:59]: chemobabel [5k]
Installing [0757/5162, time/total: 19:39/01:54:05]: chempid [12k]
Installing [0758/5162, time/total: 19:40/01:54:10]: chemplants [8k]
Installing [0759/5162, time/total: 19:41/01:54:16]: chemschemex [7k]
Installing [0760/5162, time/total: 19:41/01:54:16]: chemsec [4k]
Installing [0761/5162, time/total: 19:42/01:54:22]: chemstyle [7k]
Installing [0762/5162, time/total: 19:43/01:54:27]: cherokee [5k]
Installing [0763/5162, time/total: 19:43/01:54:27]: chess [11k]
Installing [0764/5162, time/total: 19:44/01:54:33]: chess-problem-diagrams [13k]
Installing [0765/5162, time/total: 19:45/01:54:38]: chessboard [23k]
Installing [0766/5162, time/total: 19:45/01:54:38]: chessfss [11k]
Installing [0767/5162, time/total: 19:46/01:54:43]: chet [6k]
Installing [0768/5162, time/total: 19:47/01:54:49]: chextras [5k]
Installing [0769/5162, time/total: 19:48/01:54:55]: chhaya [4k]
Installing [0770/5162, time/total: 19:49/01:55:00]: chicago [11k]
Installing [0771/5162, time/total: 19:49/01:55:00]: chicago-annote [9k]
Installing [0772/5162, time/total: 19:50/01:55:06]: chicagoa [9k]
Installing [0773/5162, time/total: 19:51/01:55:11]: chicagolinks [8k]
Installing [0774/5162, time/total: 19:52/01:55:17]: chickenize [15k]
Installing [0775/5162, time/total: 19:52/01:55:17]: chifoot [1k]
Installing [0776/5162, time/total: 19:53/01:55:22]: childdoc [2k]
Installing [0777/5162, time/total: 19:53/01:55:22]: chinese-jfm [3k]
Installing [0778/5162, time/total: 19:54/01:55:28]: chinesechess [13k]
Installing [0779/5162, time/total: 19:55/01:55:34]: chivo [2205k]
Installing [0780/5162, time/total: 19:58/01:54:58]: chkfloat [2k]
Installing [0781/5162, time/total: 19:58/01:54:58]: chklref [5k]
Installing [0782/5162, time/total: 19:59/01:55:04]: chklref.windows [3k]
Installing [0783/5162, time/total: 20:00/01:55:10]: chktex [11k]
Installing [0784/5162, time/total: 20:01/01:55:15]: chktex.windows [53k]
Installing [0785/5162, time/total: 20:02/01:55:20]: chletter [4k]
Installing [0786/5162, time/total: 20:03/01:55:25]: chngcntr [3k]
Installing [0787/5162, time/total: 20:04/01:55:31]: chordbars [5k]
Installing [0788/5162, time/total: 20:05/01:55:37]: chordbox [4k]
Installing [0789/5162, time/total: 20:06/01:55:42]: chronology [2k]
Installing [0790/5162, time/total: 20:07/01:55:48]: chronos [38k]
Installing [0791/5162, time/total: 20:08/01:55:53]: chronosys [8k]
Installing [0792/5162, time/total: 20:09/01:55:58]: chs-physics-report [3k]
Installing [0793/5162, time/total: 20:10/01:56:04]: chscite [7k]
Installing [0794/5162, time/total: 20:11/01:56:10]: churchslavonic [9k]
Installing [0795/5162, time/total: 20:12/01:56:15]: chuushaku [2k]
Installing [0796/5162, time/total: 20:14/01:56:27]: ciad-beamertheme [32251k]
Installing [0797/5162, time/total: 20:24/01:45:42]: cidarticle [10k]
Installing [0798/5162, time/total: 20:25/01:45:47]: cinzel [521k]
Installing [0799/5162, time/total: 20:27/01:45:47]: circ [24k]
Installing [0800/5162, time/total: 20:28/01:45:52]: circledsteps [3k]
Installing [0801/5162, time/total: 20:29/01:45:57]: circledtext [7k]
Installing [0802/5162, time/total: 20:30/01:46:02]: circuit-macros [2k]
Installing [0803/5162, time/total: 20:32/01:46:12]: circuitikz [235k]
Installing [0804/5162, time/total: 20:34/01:46:18]: circularglyphs [3k]
Installing [0805/5162, time/total: 20:35/01:46:23]: cistercian [3k]
Installing [0806/5162, time/total: 20:35/01:46:23]: citation-style-language [1571k]
Installing [0807/5162, time/total: 20:38/01:46:08]: citation-style-language.windows [3k]
Installing [0808/5162, time/total: 20:39/01:46:13]: cite [20k]
Installing [0809/5162, time/total: 20:41/01:46:23]: citeall [3k]
Installing [0810/5162, time/total: 20:42/01:46:28]: citeref [3k]
Installing [0811/5162, time/total: 20:43/01:46:33]: citeright [2k]
Installing [0812/5162, time/total: 20:44/01:46:38]: cje [26k]
Installing [0813/5162, time/total: 20:45/01:46:43]: cjhebrew [41k]
Installing [0814/5162, time/total: 20:46/01:46:47]: cjk [58k]
Installing [0815/5162, time/total: 20:48/01:46:56]: cjk-gs-integrate [37k]
Installing [0816/5162, time/total: 20:49/01:47:01]: cjk-gs-integrate.windows [3k]
Installing [0817/5162, time/total: 20:50/01:47:06]: cjk-ko [9k]
Installing [0818/5162, time/total: 20:52/01:47:16]: cjkpunct [4k]
Installing [0819/5162, time/total: 20:54/01:47:26]: cjkutils [2k]
Installing [0820/5162, time/total: 20:55/01:47:31]: cjkutils.windows [25k]
Installing [0821/5162, time/total: 20:56/01:47:36]: cjs-rcs-article [15k]
Installing [0822/5162, time/total: 20:57/01:47:41]: clara [764k]
Installing [0823/5162, time/total: 21:00/01:47:41]: classics [2k]
Installing [0824/5162, time/total: 21:01/01:47:46]: classicthesis [10k]
Installing [0825/5162, time/total: 21:02/01:47:51]: classpack [3k]
Installing [0826/5162, time/total: 21:03/01:47:56]: clawxiv [2k]
Installing [0827/5162, time/total: 21:04/01:48:01]: cleanthesis [7k]
Installing [0828/5162, time/total: 21:05/01:48:06]: clearsans [1334k]
Installing [0829/5162, time/total: 21:07/01:47:50]: clefval [2k]
Installing [0830/5162, time/total: 21:08/01:47:55]: cleveref [28k]
Installing [0831/5162, time/total: 21:09/01:48:00]: cleveref-forward [6k]
Installing [0832/5162, time/total: 21:10/01:48:05]: cleveref-icelandic [3k]
Installing [0833/5162, time/total: 21:11/01:48:10]: cleveref-usedon [4k]
Installing [0834/5162, time/total: 21:12/01:48:15]: clicks [2k]
Installing [0835/5162, time/total: 21:13/01:48:20]: clipboard [1k]
Installing [0836/5162, time/total: 21:14/01:48:25]: clistmap [6k]
Installing [0837/5162, time/total: 21:15/01:48:30]: clock [3k]
Installing [0838/5162, time/total: 21:16/01:48:35]: clojure-pamphlet [4k]
Installing [0839/5162, time/total: 21:17/01:48:40]: clojure-pamphlet.windows [3k]
Installing [0840/5162, time/total: 21:18/01:48:45]: cloze [30k]
Installing [0841/5162, time/total: 21:19/01:48:49]: clrdblpg [2k]
Installing [0842/5162, time/total: 21:20/01:48:55]: clrscode [5k]
Installing [0843/5162, time/total: 21:21/01:49:00]: clrscode3e [6k]
Installing [0844/5162, time/total: 21:22/01:49:05]: clrstrip [2k]
Installing [0845/5162, time/total: 21:23/01:49:10]: cluttex [76k]
Installing [0846/5162, time/total: 21:26/01:49:23]: cluttex.windows [3k]
Installing [0847/5162, time/total: 21:27/01:49:29]: cm [233k]
Installing [0848/5162, time/total: 21:29/01:49:34]: cm-lgc [4754k]
Installing [0849/5162, time/total: 21:34/01:48:25]: cm-mf-extra-bold [5k]
Installing [0850/5162, time/total: 21:36/01:48:35]: cm-super [63050k]
Installing [0851/5162, time/total: 21:50/01:32:18]: cm-unicode [13792k]
Installing [0852/5162, time/total: 21:55/01:29:32]: cmap [6k]
Installing [0853/5162, time/total: 21:57/01:29:40]: cmarrows [10k]
Installing [0854/5162, time/total: 21:58/01:29:44]: cmathbb [88k]
Installing [0855/5162, time/total: 22:00/01:29:51]: cmbright [110k]
Installing [0856/5162, time/total: 22:01/01:29:54]: cmcyr [881k]
Installing [0857/5162, time/total: 22:04/01:29:55]: cmdstring [1k]
Installing [0858/5162, time/total: 22:05/01:29:59]: cmdtrack [3k]
Installing [0859/5162, time/total: 22:06/01:30:03]: cmexb [31k]
Installing [0860/5162, time/total: 22:07/01:30:07]: cmextra [22k]
Installing [0861/5162, time/total: 22:09/01:30:14]: cmgraded [23275k]
Installing [0862/5162, time/total: 22:16/01:25:51]: cmll [323k]
Installing [0863/5162, time/total: 22:19/01:25:59]: cmpica [7k]
Installing [0864/5162, time/total: 22:20/01:26:03]: cmpj [49k]
Installing [0865/5162, time/total: 22:22/01:26:10]: cmsd [2k]
Installing [0866/5162, time/total: 22:22/01:26:10]: cmsrb [2246k]
Installing [0867/5162, time/total: 22:26/01:25:59]: cmtiup [43k]
Installing [0868/5162, time/total: 22:28/01:26:06]: cmupint [44k]
Installing [0869/5162, time/total: 22:30/01:26:13]: cnbwp [10k]
Installing [0870/5162, time/total: 22:32/01:26:21]: cnltx [35k]
Installing [0871/5162, time/total: 22:33/01:26:24]: cns [2916k]
Installing [0872/5162, time/total: 22:37/01:26:05]: cntformats [3k]
Installing [0873/5162, time/total: 22:39/01:26:13]: cntperchap [4k]
Installing [0874/5162, time/total: 22:40/01:26:16]: cochineal [2526k]
Installing [0875/5162, time/total: 22:44/01:26:02]: codeanatomy [2k]
Installing [0876/5162, time/total: 22:45/01:26:06]: codebox [4k]
Installing [0877/5162, time/total: 22:46/01:26:09]: codedescribe [82k]
Installing [0878/5162, time/total: 22:48/01:26:16]: codedoc [10k]
Installing [0879/5162, time/total: 22:49/01:26:20]: codehigh [7k]
Installing [0880/5162, time/total: 22:50/01:26:23]: codepage [11k]
Installing [0881/5162, time/total: 22:51/01:26:27]: codesection [3k]
Installing [0882/5162, time/total: 22:52/01:26:31]: codicefiscaleitaliano [2k]
Installing [0883/5162, time/total: 22:53/01:26:35]: coelacanth [6674k]
Installing [0884/5162, time/total: 23:04/01:25:58]: coffeestains [85k]
Installing [0885/5162, time/total: 23:05/01:26:01]: collargs [9k]
Installing [0886/5162, time/total: 23:06/01:26:05]: collcell [3k]
Installing [0887/5162, time/total: 23:07/01:26:09]: collectbox [3k]
Installing [0888/5162, time/total: 23:08/01:26:12]: collection-basic [1k]
Installing [0889/5162, time/total: 23:09/01:26:16]: collection-bibtexextra [2k]
Installing [0890/5162, time/total: 23:11/01:26:23]: collection-binextra [2k]
Installing [0891/5162, time/total: 23:12/01:26:27]: collection-context [1k]
Installing [0892/5162, time/total: 23:13/01:26:31]: collection-fontsextra [3k]
Installing [0893/5162, time/total: 23:15/01:26:38]: collection-fontsrecommended [1k]
Installing [0894/5162, time/total: 23:15/01:26:38]: collection-fontutils [1k]
Installing [0895/5162, time/total: 23:16/01:26:42]: collection-formatsextra [1k]
Installing [0896/5162, time/total: 23:17/01:26:46]: collection-games [1k]
Installing [0897/5162, time/total: 23:18/01:26:49]: collection-humanities [1k]
Installing [0898/5162, time/total: 23:20/01:26:57]: collection-langarabic [1k]
Installing [0899/5162, time/total: 23:21/01:27:01]: collection-langchinese [1k]
Installing [0900/5162, time/total: 23:22/01:27:04]: collection-langcjk [1k]
Installing [0901/5162, time/total: 23:23/01:27:08]: collection-langcyrillic [1k]
Installing [0902/5162, time/total: 23:24/01:27:12]: collection-langczechslovak [1k]
Installing [0903/5162, time/total: 23:25/01:27:15]: collection-langenglish [1k]
Installing [0904/5162, time/total: 23:26/01:27:19]: collection-langeuropean [1k]
Installing [0905/5162, time/total: 23:27/01:27:23]: collection-langfrench [1k]
Installing [0906/5162, time/total: 23:28/01:27:27]: collection-langgerman [1k]
Installing [0907/5162, time/total: 23:30/01:27:34]: collection-langgreek [1k]
Installing [0908/5162, time/total: 23:31/01:27:38]: collection-langitalian [1k]
Installing [0909/5162, time/total: 23:32/01:27:42]: collection-langjapanese [1k]
Installing [0910/5162, time/total: 23:33/01:27:45]: collection-langkorean [1k]
Installing [0911/5162, time/total: 23:34/01:27:49]: collection-langother [1k]
Installing [0912/5162, time/total: 23:36/01:27:56]: collection-langpolish [1k]
Installing [0913/5162, time/total: 23:37/01:28:00]: collection-langportuguese [1k]
Installing [0914/5162, time/total: 23:38/01:28:04]: collection-langspanish [1k]
Installing [0915/5162, time/total: 23:39/01:28:08]: collection-latex [1k]
Installing [0916/5162, time/total: 23:40/01:28:11]: collection-latexextra [8k]
Installing [0917/5162, time/total: 23:41/01:28:15]: collection-latexrecommended [1k]
Installing [0918/5162, time/total: 23:42/01:28:19]: collection-luatex [2k]
Installing [0919/5162, time/total: 23:44/01:28:26]: collection-mathscience [3k]
Installing [0920/5162, time/total: 23:45/01:28:30]: collection-metapost [1k]
Installing [0921/5162, time/total: 23:46/01:28:34]: collection-music [1k]
Installing [0922/5162, time/total: 23:47/01:28:37]: collection-pictures [2k]
Installing [0923/5162, time/total: 23:48/01:28:41]: collection-plaingeneric [2k]
Installing [0924/5162, time/total: 23:49/01:28:45]: collection-pstricks [1k]
Installing [0925/5162, time/total: 23:51/01:28:52]: collection-publishers [3k]
Installing [0926/5162, time/total: 23:52/01:28:56]: collection-texworks [1k]
Installing [0927/5162, time/total: 23:53/01:29:00]: collection-xetex [1k]
Installing [0928/5162, time/total: 23:54/01:29:03]: collref [2k]
Installing [0929/5162, time/total: 23:56/01:29:11]: colophon [2k]
Installing [0930/5162, time/total: 23:57/01:29:14]: color-edits [3k]
Installing [0931/5162, time/total: 23:58/01:29:18]: colorblind [6k]
Installing [0932/5162, time/total: 23:59/01:29:22]: colordoc [3k]
Installing [0933/5162, time/total: 24:01/01:29:29]: coloredbelts [27k]
Installing [0934/5162, time/total: 24:02/01:29:33]: coloredtheorem [2k]
Installing [0935/5162, time/total: 24:03/01:29:36]: colorframed [4k]
Installing [0936/5162, time/total: 24:05/01:29:44]: colorinfo [2k]
Installing [0937/5162, time/total: 24:06/01:29:47]: coloring [2k]
Installing [0938/5162, time/total: 24:08/01:29:55]: colorist [12k]
Installing [0939/5162, time/total: 24:09/01:29:58]: colorprofiles [86k]
Installing [0940/5162, time/total: 24:10/01:30:01]: colorsep [2k]
Installing [0941/5162, time/total: 24:12/01:30:09]: colorspace [7k]
Installing [0942/5162, time/total: 24:13/01:30:12]: colortab [8k]
Installing [0943/5162, time/total: 24:14/01:30:16]: colortbl [4k]
Installing [0944/5162, time/total: 24:15/01:30:19]: colorwav [2k]
Installing [0945/5162, time/total: 24:17/01:30:27]: colorweb [3k]
Installing [0946/5162, time/total: 24:18/01:30:31]: colourchange [3k]
Installing [0947/5162, time/total: 24:19/01:30:34]: combelow [2k]
Installing [0948/5162, time/total: 24:20/01:30:38]: combine [11k]
Installing [0949/5162, time/total: 24:21/01:30:42]: combinedgraphics [4k]
Installing [0950/5162, time/total: 24:22/01:30:45]: combofont [2k]
Installing [0951/5162, time/total: 24:23/01:30:49]: comfortaa [543k]
Installing [0952/5162, time/total: 24:26/01:30:54]: comicneue [853k]
Installing [0953/5162, time/total: 24:30/01:30:58]: comma [2k]
Installing [0954/5162, time/total: 24:30/01:30:58]: commado [3k]
Installing [0955/5162, time/total: 24:31/01:31:02]: commalists-tools [6k]
Installing [0956/5162, time/total: 24:32/01:31:05]: commath [3k]
Installing [0957/5162, time/total: 24:33/01:31:09]: commedit [4k]
Installing [0958/5162, time/total: 24:34/01:31:13]: comment [5k]
Installing [0959/5162, time/total: 24:35/01:31:16]: comment2tex [6k]
Installing [0960/5162, time/total: 24:36/01:31:20]: commonunicode [6k]
Installing [0961/5162, time/total: 24:37/01:31:24]: commutative-diagrams [13k]
Installing [0962/5162, time/total: 24:38/01:31:27]: compactbib [2k]
Installing [0963/5162, time/total: 24:39/01:31:31]: compare [1k]
Installing [0964/5162, time/total: 24:40/01:31:35]: competences [3k]
Installing [0965/5162, time/total: 24:41/01:31:38]: complexity [6k]
Installing [0966/5162, time/total: 24:44/01:31:49]: complexpolylongdiv [2k]
Installing [0967/5162, time/total: 24:45/01:31:53]: components [1k]
Installing [0968/5162, time/total: 24:46/01:31:57]: comprehensive [1k]
Installing [0969/5162, time/total: 24:48/01:32:04]: computational-complexity [32k]
Installing [0970/5162, time/total: 24:49/01:32:08]: concepts [7k]
Installing [0971/5162, time/total: 24:50/01:32:11]: concmath [3k]
Installing [0972/5162, time/total: 24:52/01:32:19]: concmath-fonts [15k]
Installing [0973/5162, time/total: 24:52/01:32:18]: concmath-otf [255k]
Installing [0974/5162, time/total: 24:55/01:32:26]: concprog [5k]
Installing [0975/5162, time/total: 24:56/01:32:30]: concrete [10k]
Installing [0976/5162, time/total: 24:57/01:32:34]: concrete-vec [4k]
Installing [0977/5162, time/total: 24:58/01:32:37]: conditext [7k]
Installing [0978/5162, time/total: 24:59/01:32:41]: confproc [16k]
Installing [0979/5162, time/total: 25:01/01:32:48]: constants [3k]
Installing [0980/5162, time/total: 25:02/01:32:52]: conteq [3k]
Installing [0981/5162, time/total: 25:02/01:32:52]: context [9620k]
Installing [0982/5162, time/total: 25:08/01:31:18]: context-animation [4k]
Installing [0983/5162, time/total: 25:10/01:31:25]: context-calendar-examples [10k]
Installing [0984/5162, time/total: 25:11/01:31:28]: context-chat [3k]
Installing [0985/5162, time/total: 25:12/01:31:32]: context-collating-marks [3k]
Installing [0986/5162, time/total: 25:13/01:31:35]: context-cyrillicnumbers [8k]
Installing [0987/5162, time/total: 25:14/01:31:39]: context-filter [7k]
Installing [0988/5162, time/total: 25:16/01:31:46]: context-gnuplot [19k]
Installing [0989/5162, time/total: 25:17/01:31:50]: context-handlecsv [14k]
Installing [0990/5162, time/total: 25:19/01:31:57]: context-legacy [2464k]
Installing [0991/5162, time/total: 25:23/01:31:42]: context-legacy.windows [3k]
Installing [0992/5162, time/total: 25:25/01:31:49]: context-letter [21k]
Installing [0993/5162, time/total: 25:26/01:31:52]: context-mathsets [5k]
Installing [0994/5162, time/total: 25:28/01:32:00]: context-notes-zh-cn [1k]
Installing [0995/5162, time/total: 25:29/01:32:03]: context-pocketdiary [25k]
Installing [0996/5162, time/total: 25:31/01:32:10]: context-simpleslides [29k]
Installing [0997/5162, time/total: 25:32/01:32:13]: context-squares [4k]
Installing [0998/5162, time/total: 25:34/01:32:21]: context-sudoku [6k]
Installing [0999/5162, time/total: 25:35/01:32:24]: context-transliterator [19k]
Installing [1000/5162, time/total: 25:36/01:32:28]: context-typescripts [8k]
Installing [1001/5162, time/total: 25:37/01:32:31]: context-vim [10k]
Installing [1002/5162, time/total: 25:38/01:32:35]: context-visualcounter [4k]
Installing [1003/5162, time/total: 25:40/01:32:42]: context.windows [1606k]
Installing [1004/5162, time/total: 25:44/01:32:37]: continue [3k]
Installing [1005/5162, time/total: 25:45/01:32:41]: contour [3k]
Installing [1006/5162, time/total: 25:46/01:32:44]: contracard [5k]
Installing [1007/5162, time/total: 25:47/01:32:48]: contract [7k]
Installing [1008/5162, time/total: 25:48/01:32:51]: conv-xkv [3k]
Installing [1009/5162, time/total: 25:49/01:32:55]: convbkmk [6k]
Installing [1010/5162, time/total: 25:50/01:32:58]: convbkmk.windows [3k]
Installing [1011/5162, time/total: 25:51/01:33:02]: convert-jpfonts [2k]
Installing [1012/5162, time/total: 25:52/01:33:05]: cooking [2k]
Installing [1013/5162, time/total: 25:53/01:33:09]: cooking-units [23k]
Installing [1014/5162, time/total: 25:54/01:33:12]: cookingsymbols [4k]
Installing [1015/5162, time/total: 25:55/01:33:16]: cool [10k]
Installing [1016/5162, time/total: 25:56/01:33:19]: coolfn [2k]
Installing [1017/5162, time/total: 25:57/01:33:23]: coollist [3k]
Installing [1018/5162, time/total: 25:57/01:33:23]: coolstr [3k]
Installing [1019/5162, time/total: 25:58/01:33:26]: coolthms [3k]
Installing [1020/5162, time/total: 25:59/01:33:30]: cooltooltips [3k]
Installing [1021/5162, time/total: 26:00/01:33:34]: coop-writing [5k]
Installing [1022/5162, time/total: 26:01/01:33:37]: cooperhewitt [913k]
Installing [1023/5162, time/total: 26:03/01:33:33]: coordsys [5k]
Installing [1024/5162, time/total: 26:04/01:33:37]: copyedit [4k]
Installing [1025/5162, time/total: 26:05/01:33:40]: copyrightbox [2k]
Installing [1026/5162, time/total: 26:06/01:33:44]: cora-macs [5k]
Installing [1027/5162, time/total: 26:06/01:33:44]: corasdiagram [118k]
Installing [1028/5162, time/total: 26:08/01:33:50]: cormorantgaramond [5442k]
Installing [1029/5162, time/total: 26:11/01:32:55]: correctmathalign [2k]
Installing [1030/5162, time/total: 26:12/01:32:59]: coseoul [1k]
Installing [1031/5162, time/total: 26:13/01:33:03]: couleurs-fr [12k]
Installing [1032/5162, time/total: 26:14/01:33:06]: count1to [2k]
Installing [1033/5162, time/total: 26:15/01:33:09]: counterz [3k]
Installing [1034/5162, time/total: 26:15/01:33:09]: countriesofeurope [215k]
Installing [1035/5162, time/total: 26:17/01:33:14]: counttexruns [1k]
Installing [1036/5162, time/total: 26:18/01:33:18]: countwords [3k]
Installing [1037/5162, time/total: 26:19/01:33:21]: courier [470k]
Installing [1038/5162, time/total: 26:21/01:33:23]: courier-scaled [3k]
Installing [1039/5162, time/total: 26:22/01:33:26]: courierten [236k]
Installing [1040/5162, time/total: 26:24/01:33:30]: courseoutline [4k]
Installing [1041/5162, time/total: 26:25/01:33:34]: coursepaper [5k]
Installing [1042/5162, time/total: 26:26/01:33:37]: coverpage [4k]
Installing [1043/5162, time/total: 26:26/01:33:37]: covington [13k]
Installing [1044/5162, time/total: 26:27/01:33:41]: cprotect [3k]
Installing [1045/5162, time/total: 26:28/01:33:44]: cprotectinside [2k]
Installing [1046/5162, time/total: 26:28/01:33:44]: cqjtuthesis [7k]
Installing [1047/5162, time/total: 26:29/01:33:48]: cqubeamer [4k]
Installing [1048/5162, time/total: 26:30/01:33:51]: cquthesis [16k]
Installing [1049/5162, time/total: 26:31/01:33:55]: crbox [2k]
Installing [1050/5162, time/total: 26:32/01:33:58]: create-theorem [16k]
Installing [1051/5162, time/total: 26:33/01:34:01]: creationboites [8k]
Installing [1052/5162, time/total: 26:33/01:34:01]: crefthe [5k]
Installing [1053/5162, time/total: 26:34/01:34:05]: crimson [1274k]
Installing [1054/5162, time/total: 26:37/01:34:00]: crimsonpro [2484k]
Installing [1055/5162, time/total: 26:39/01:33:38]: crop [5k]
Installing [1056/5162, time/total: 26:40/01:33:41]: crossrefenum [13k]
Installing [1057/5162, time/total: 26:41/01:33:45]: crossreference [2k]
Installing [1058/5162, time/total: 26:41/01:33:45]: crossreftools [4k]
Installing [1059/5162, time/total: 26:42/01:33:48]: crossrefware [21k]
Installing [1060/5162, time/total: 26:44/01:33:55]: crossrefware.windows [3k]
Installing [1061/5162, time/total: 26:44/01:33:55]: crossword [5k]
Installing [1062/5162, time/total: 26:45/01:33:58]: crosswrd [4k]
Installing [1063/5162, time/total: 26:46/01:34:02]: crumbs [3k]
Installing [1064/5162, time/total: 26:47/01:34:05]: cryptocode [22k]
Installing [1065/5162, time/total: 26:48/01:34:09]: cryst [35k]
Installing [1066/5162, time/total: 26:49/01:34:12]: cs [1757k]
Installing [1067/5162, time/total: 26:52/01:34:02]: cs-techrep [5k]
Installing [1068/5162, time/total: 26:52/01:34:01]: csassignments [4k]
Installing [1069/5162, time/total: 26:53/01:34:05]: csbulletin [13k]
Installing [1070/5162, time/total: 26:54/01:34:08]: cslatex [13k]
Installing [1071/5162, time/total: 26:55/01:34:12]: csplain [121k]
Installing [1072/5162, time/total: 26:57/01:34:17]: csplain.windows [3k]
Installing [1073/5162, time/total: 26:57/01:34:17]: csquotes [18k]
Installing [1074/5162, time/total: 26:58/01:34:20]: csquotes-de [1k]
Installing [1075/5162, time/total: 26:59/01:34:24]: css-colors [3k]
Installing [1076/5162, time/total: 27:00/01:34:27]: cssyntax [9k]
Installing [1077/5162, time/total: 27:01/01:34:31]: cstex [1k]
Installing [1078/5162, time/total: 27:01/01:34:31]: csthm [3k]
Installing [1079/5162, time/total: 27:03/01:34:38]: cstypo [3k]
Installing [1080/5162, time/total: 27:04/01:34:41]: csvmerge [3k]
Installing [1081/5162, time/total: 27:05/01:34:45]: csvsimple [12k]
Installing [1082/5162, time/total: 27:06/01:34:48]: ctable [4k]
Installing [1083/5162, time/total: 27:07/01:34:52]: ctablestack [2k]
Installing [1084/5162, time/total: 27:08/01:34:55]: ctan-o-mat [6k]
Installing [1085/5162, time/total: 27:09/01:34:58]: ctan-o-mat.windows [3k]
Installing [1086/5162, time/total: 27:09/01:34:58]: ctan_chk [1k]
Installing [1087/5162, time/total: 27:10/01:35:02]: ctanbib [4k]
Installing [1088/5162, time/total: 27:11/01:35:05]: ctanbib.windows [3k]
Installing [1089/5162, time/total: 27:13/01:35:12]: ctanify [9k]
Installing [1090/5162, time/total: 27:14/01:35:16]: ctanify.windows [3k]
Installing [1091/5162, time/total: 27:15/01:35:19]: ctanupload [5k]
Installing [1092/5162, time/total: 27:16/01:35:23]: ctanupload.windows [3k]
Installing [1093/5162, time/total: 27:17/01:35:26]: ctex [134k]
Installing [1094/5162, time/total: 27:20/01:35:35]: ctex-faq [1k]
Installing [1095/5162, time/total: 27:20/01:35:35]: ctib [114k]
Installing [1096/5162, time/total: 27:22/01:35:41]: ctie [1k]
Installing [1097/5162, time/total: 27:23/01:35:44]: ctie.windows [7k]
Installing [1098/5162, time/total: 27:24/01:35:48]: cuisine [3k]
Installing [1099/5162, time/total: 27:25/01:35:51]: culmus [1483k]
Installing [1100/5162, time/total: 27:29/01:35:47]: cuprum [85k]
Installing [1101/5162, time/total: 27:31/01:35:53]: currency [2k]
Installing [1102/5162, time/total: 27:32/01:35:57]: currfile [4k]
Installing [1103/5162, time/total: 27:33/01:36:00]: curriculum-vitae [2k]
Installing [1104/5162, time/total: 27:34/01:36:04]: currvita [3k]
Installing [1105/5162, time/total: 27:35/01:36:07]: cursolatex [1k]
Installing [1106/5162, time/total: 27:36/01:36:11]: curve [7k]
Installing [1107/5162, time/total: 27:38/01:36:17]: curve2e [11k]
Installing [1108/5162, time/total: 27:39/01:36:21]: curves [6k]
Installing [1109/5162, time/total: 27:40/01:36:24]: custom-bib [83k]
Installing [1110/5162, time/total: 27:42/01:36:30]: customdice [3k]
Installing [1111/5162, time/total: 27:43/01:36:34]: customenvs [2675k]
Installing [1112/5162, time/total: 27:48/01:36:19]: cutwin [3k]
Installing [1113/5162, time/total: 27:49/01:36:22]: cv [1k]
Installing [1114/5162, time/total: 27:51/01:36:29]: cv4tw [6k]
Installing [1115/5162, time/total: 27:52/01:36:33]: cvss [4k]
Installing [1116/5162, time/total: 27:53/01:36:36]: cweb [27k]
Installing [1117/5162, time/total: 27:55/01:36:43]: cweb-latex [36k]
Installing [1118/5162, time/total: 27:57/01:36:49]: cweb-old [10k]
Installing [1119/5162, time/total: 27:58/01:36:53]: cweb.windows [111k]
Installing [1120/5162, time/total: 28:01/01:37:02]: cyber [4k]
Installing [1121/5162, time/total: 28:02/01:37:05]: cybercic [3k]
Installing [1122/5162, time/total: 28:03/01:37:08]: cyklop [308k]
Installing [1123/5162, time/total: 28:06/01:37:15]: cyrillic [16k]
Installing [1124/5162, time/total: 28:08/01:37:22]: cyrillic-bin [2k]
Installing [1125/5162, time/total: 28:09/01:37:25]: cyrillic-modern [3172k]
Installing [1126/5162, time/total: 28:14/01:37:04]: cyrplain [9k]
Installing [1127/5162, time/total: 28:15/01:37:08]: dad [236k]
Installing [1128/5162, time/total: 28:18/01:37:15]: dancers [4k]
Installing [1129/5162, time/total: 28:20/01:37:22]: dantelogo [17k]
Installing [1130/5162, time/total: 28:21/01:37:25]: darkmode [2k]
Installing [1131/5162, time/total: 28:23/01:37:32]: dashbox [2k]
Installing [1132/5162, time/total: 28:24/01:37:36]: dashrule [2k]
Installing [1133/5162, time/total: 28:25/01:37:39]: dashrulex [2k]
Installing [1134/5162, time/total: 28:26/01:37:42]: dashundergaps [4k]
Installing [1135/5162, time/total: 28:27/01:37:46]: dataref [8k]
Installing [1136/5162, time/total: 28:29/01:37:53]: datatool [160k]
Installing [1137/5162, time/total: 28:32/01:38:01]: datatool-english [8k]
Installing [1138/5162, time/total: 28:34/01:38:08]: datatool-regions [7k]
Installing [1139/5162, time/total: 28:36/01:38:15]: datax [2k]
Installing [1140/5162, time/total: 28:37/01:38:18]: dateiliste [5k]
Installing [1141/5162, time/total: 28:39/01:38:25]: datenumber [4k]
Installing [1142/5162, time/total: 28:40/01:38:28]: datestamp [2k]
Installing [1143/5162, time/total: 28:41/01:38:32]: datetime [14k]
Installing [1144/5162, time/total: 28:43/01:38:38]: datetime2 [9k]
Installing [1145/5162, time/total: 28:45/01:38:45]: datetime2-bahasai [3k]
Installing [1146/5162, time/total: 28:46/01:38:49]: datetime2-basque [3k]
Installing [1147/5162, time/total: 28:47/01:38:52]: datetime2-breton [3k]
Installing [1148/5162, time/total: 28:48/01:38:55]: datetime2-bulgarian [3k]
Installing [1149/5162, time/total: 28:49/01:38:59]: datetime2-catalan [3k]
Installing [1150/5162, time/total: 28:50/01:39:02]: datetime2-croatian [3k]
Installing [1151/5162, time/total: 28:52/01:39:09]: datetime2-czech [3k]
Installing [1152/5162, time/total: 28:53/01:39:12]: datetime2-danish [3k]
Installing [1153/5162, time/total: 28:54/01:39:16]: datetime2-dutch [3k]
Installing [1154/5162, time/total: 28:56/01:39:23]: datetime2-en-fulltext [3k]
Installing [1155/5162, time/total: 28:57/01:39:26]: datetime2-english [6k]
Installing [1156/5162, time/total: 28:58/01:39:29]: datetime2-esperanto [3k]
Installing [1157/5162, time/total: 28:59/01:39:33]: datetime2-estonian [3k]
Installing [1158/5162, time/total: 29:00/01:39:36]: datetime2-finnish [3k]
Installing [1159/5162, time/total: 29:02/01:39:43]: datetime2-french [3k]
Installing [1160/5162, time/total: 29:03/01:39:46]: datetime2-galician [3k]
Installing [1161/5162, time/total: 29:04/01:39:50]: datetime2-german [4k]
Installing [1162/5162, time/total: 29:06/01:39:57]: datetime2-greek [3k]
Installing [1163/5162, time/total: 29:07/01:40:00]: datetime2-hebrew [3k]
Installing [1164/5162, time/total: 29:08/01:40:04]: datetime2-icelandic [3k]
Installing [1165/5162, time/total: 29:09/01:40:07]: datetime2-irish [3k]
Installing [1166/5162, time/total: 29:11/01:40:14]: datetime2-it-fulltext [4k]
Installing [1167/5162, time/total: 29:12/01:40:17]: datetime2-italian [3k]
Installing [1168/5162, time/total: 29:14/01:40:24]: datetime2-latin [3k]
Installing [1169/5162, time/total: 29:15/01:40:27]: datetime2-lsorbian [3k]
Installing [1170/5162, time/total: 29:17/01:40:34]: datetime2-magyar [3k]
Installing [1171/5162, time/total: 29:18/01:40:38]: datetime2-norsk [3k]
Installing [1172/5162, time/total: 29:19/01:40:41]: datetime2-polish [3k]
Installing [1173/5162, time/total: 29:20/01:40:44]: datetime2-portuges [3k]
Installing [1174/5162, time/total: 29:21/01:40:48]: datetime2-romanian [3k]
Installing [1175/5162, time/total: 29:23/01:40:55]: datetime2-russian [3k]
Installing [1176/5162, time/total: 29:24/01:40:58]: datetime2-samin [3k]
Installing [1177/5162, time/total: 29:25/01:41:01]: datetime2-scottish [3k]
Installing [1178/5162, time/total: 29:27/01:41:08]: datetime2-serbian [7k]
Installing [1179/5162, time/total: 29:28/01:41:12]: datetime2-slovak [3k]
Installing [1180/5162, time/total: 29:29/01:41:15]: datetime2-slovene [3k]
Installing [1181/5162, time/total: 29:30/01:41:18]: datetime2-spanish [3k]
Installing [1182/5162, time/total: 29:33/01:41:29]: datetime2-swedish [3k]
Installing [1183/5162, time/total: 29:35/01:41:36]: datetime2-turkish [3k]
Installing [1184/5162, time/total: 29:36/01:41:39]: datetime2-ukrainian [4k]
Installing [1185/5162, time/total: 29:38/01:41:46]: datetime2-usorbian [3k]
Installing [1186/5162, time/total: 29:39/01:41:49]: datetime2-welsh [3k]
Installing [1187/5162, time/total: 29:40/01:41:53]: dblfloatfix [3k]
Installing [1188/5162, time/total: 29:41/01:41:56]: dbshow [7k]
Installing [1189/5162, time/total: 29:42/01:41:59]: dccpaper [25k]
Installing [1190/5162, time/total: 29:44/01:42:06]: dcpic [14k]
Installing [1191/5162, time/total: 29:45/01:42:09]: ddphonism [3k]
Installing [1192/5162, time/total: 29:47/01:42:16]: de-macro [8k]
Installing [1193/5162, time/total: 29:49/01:42:23]: de-macro.windows [3k]
Installing [1194/5162, time/total: 29:50/01:42:26]: debate [2k]
Installing [1195/5162, time/total: 29:51/01:42:30]: decimal [2k]
Installing [1196/5162, time/total: 29:52/01:42:33]: decimalcomma [2k]
Installing [1197/5162, time/total: 29:53/01:42:36]: decision-table [3k]
Installing [1198/5162, time/total: 29:54/01:42:40]: decorule [2k]
Installing [1199/5162, time/total: 29:55/01:42:43]: defoldfonts [2k]
Installing [1200/5162, time/total: 29:56/01:42:47]: dehyph [46k]
Installing [1201/5162, time/total: 29:58/01:42:53]: dehyph-exptl [132k]
Installing [1202/5162, time/total: 30:00/01:42:58]: dejavu [10474k]
Installing [1203/5162, time/total: 30:23/01:42:06]: dejavu-otf [3k]
Installing [1204/5162, time/total: 30:24/01:42:09]: delim [2k]
Installing [1205/5162, time/total: 30:25/01:42:12]: delimseasy [5k]
Installing [1206/5162, time/total: 30:26/01:42:16]: delimset [5k]
Installing [1207/5162, time/total: 30:28/01:42:22]: delimtxt [2k]
Installing [1208/5162, time/total: 30:29/01:42:26]: delvierre [12k]
Installing [1209/5162, time/total: 30:30/01:42:29]: democodetools [8k]
Installing [1210/5162, time/total: 30:32/01:42:36]: denisbdoc [18k]
Installing [1211/5162, time/total: 30:33/01:42:39]: dental-palmer [7k]
Installing [1212/5162, time/total: 30:34/01:42:42]: derivative [11k]
Installing [1213/5162, time/total: 30:35/01:42:45]: detex [1k]
Installing [1214/5162, time/total: 30:36/01:42:49]: detex.windows [18k]
Installing [1215/5162, time/total: 30:38/01:42:55]: deutschesmuseum [4k]
Installing [1216/5162, time/total: 30:39/01:42:58]: dfg-crc [63k]
Installing [1217/5162, time/total: 30:41/01:43:04]: dhua [5k]
Installing [1218/5162, time/total: 30:43/01:43:11]: diabetes-logbook [7k]
Installing [1219/5162, time/total: 30:44/01:43:14]: diadia [7k]
Installing [1220/5162, time/total: 30:45/01:43:18]: diadia.windows [3k]
Installing [1221/5162, time/total: 30:46/01:43:21]: diagbox [4k]
Installing [1222/5162, time/total: 30:47/01:43:24]: diagmac2 [11k]
Installing [1223/5162, time/total: 30:48/01:43:27]: diagnose [1k]
Installing [1224/5162, time/total: 30:50/01:43:34]: dialogl [22k]
Installing [1225/5162, time/total: 30:51/01:43:37]: dice [4k]
Installing [1226/5162, time/total: 30:53/01:43:44]: dichokey [2k]
Installing [1227/5162, time/total: 30:54/01:43:47]: dichromacy [10k]
Installing [1228/5162, time/total: 30:55/01:43:50]: dickimaw [1k]
Installing [1229/5162, time/total: 30:56/01:43:54]: dictsym [31k]
Installing [1230/5162, time/total: 30:57/01:43:57]: didactic [5k]
Installing [1231/5162, time/total: 30:58/01:44:00]: didec [6k]
Installing [1232/5162, time/total: 30:59/01:44:03]: diffcoeff [14k]
Installing [1233/5162, time/total: 31:00/01:44:07]: digestif [627k]
Installing [1234/5162, time/total: 31:03/01:44:09]: digestif.windows [3k]
Installing [1235/5162, time/total: 31:05/01:44:15]: digiconfigs [3k]
Installing [1236/5162, time/total: 31:06/01:44:19]: dijkstra [6k]
Installing [1237/5162, time/total: 31:07/01:44:22]: dimnum [3k]
Installing [1238/5162, time/total: 31:08/01:44:25]: din1505 [17k]
Installing [1239/5162, time/total: 31:10/01:44:32]: dinat [9k]
Installing [1240/5162, time/total: 31:11/01:44:35]: dinbrief [13k]
Installing [1241/5162, time/total: 31:12/01:44:38]: dingbat [10k]
Installing [1242/5162, time/total: 31:14/01:44:45]: directory [12k]
Installing [1243/5162, time/total: 31:15/01:44:48]: dirtree [3k]
Installing [1244/5162, time/total: 31:16/01:44:52]: dirtreex [24k]
Installing [1245/5162, time/total: 31:17/01:44:55]: dirtytalk [2k]
Installing [1246/5162, time/total: 31:18/01:44:58]: disser [13k]
Installing [1247/5162, time/total: 31:20/01:45:04]: ditaa [2k]
Installing [1248/5162, time/total: 31:21/01:45:08]: dithesis [6k]
Installing [1249/5162, time/total: 31:22/01:45:11]: dk-bib [14k]
Installing [1250/5162, time/total: 31:24/01:45:18]: dlfltxb [22k]
Installing [1251/5162, time/total: 31:26/01:45:24]: dlrg-templates [56k]
Installing [1252/5162, time/total: 31:27/01:45:27]: dnaseq [2k]
Installing [1253/5162, time/total: 31:28/01:45:30]: dnp [1k]
Installing [1254/5162, time/total: 31:30/01:45:37]: dnsrecord [4k]
Installing [1255/5162, time/total: 31:31/01:45:40]: doc-pictex [1k]
Installing [1256/5162, time/total: 31:32/01:45:43]: docbytex [11k]
Installing [1257/5162, time/total: 31:33/01:45:47]: docext [4k]
Installing [1258/5162, time/total: 31:34/01:45:50]: doclicense [232k]
Installing [1259/5162, time/total: 31:37/01:45:57]: docmfp [2k]
Installing [1260/5162, time/total: 31:38/01:46:00]: docmute [1k]
Installing [1261/5162, time/total: 31:39/01:46:04]: docshots [4k]
Installing [1262/5162, time/total: 31:40/01:46:07]: docsurvey [1k]
Installing [1263/5162, time/total: 31:42/01:46:14]: doctools [6k]
Installing [1264/5162, time/total: 31:43/01:46:17]: documentation [2k]
Installing [1265/5162, time/total: 31:45/01:46:24]: docutils [3k]
Installing [1266/5162, time/total: 31:46/01:46:27]: doi [3k]
Installing [1267/5162, time/total: 31:47/01:46:30]: doibanner [2k]
Installing [1268/5162, time/total: 31:49/01:46:37]: doipubmed [2k]
Installing [1269/5162, time/total: 31:49/01:46:37]: domaincoloring [9k]
Installing [1270/5162, time/total: 31:51/01:46:44]: domitian [1345k]
Installing [1271/5162, time/total: 31:55/01:46:40]: dosepsbin [5k]
Installing [1272/5162, time/total: 31:56/01:46:43]: dosepsbin.windows [3k]
Installing [1273/5162, time/total: 31:57/01:46:46]: dot2texi [4k]
Installing [1274/5162, time/total: 31:59/01:46:53]: dotarrow [2k]
Installing [1275/5162, time/total: 32:00/01:46:56]: dotlessi [2k]
Installing [1276/5162, time/total: 32:02/01:47:03]: dotseqn [2k]
Installing [1277/5162, time/total: 32:03/01:47:06]: dottex [3k]
Installing [1278/5162, time/total: 32:05/01:47:13]: doublestroke [66k]
Installing [1279/5162, time/total: 32:07/01:47:19]: doulossil [396k]
Installing [1280/5162, time/total: 32:11/01:47:27]: dowith [7k]
Installing [1281/5162, time/total: 32:12/01:47:30]: download [3k]
Installing [1282/5162, time/total: 32:13/01:47:34]: dox [3k]
Installing [1283/5162, time/total: 32:14/01:47:37]: dozenal [100k]
Installing [1284/5162, time/total: 32:18/01:47:49]: dpcircling [3k]
Installing [1285/5162, time/total: 32:19/01:47:52]: dpfloat [2k]
Installing [1286/5162, time/total: 32:20/01:47:56]: dprogress [2k]
Installing [1287/5162, time/total: 32:21/01:47:59]: drac [2k]
Installing [1288/5162, time/total: 32:22/01:48:02]: draftcopy [5k]
Installing [1289/5162, time/total: 32:24/01:48:09]: draftfigure [2k]
Installing [1290/5162, time/total: 32:25/01:48:12]: draftwatermark [3k]
Installing [1291/5162, time/total: 32:26/01:48:16]: dramatist [4k]
Installing [1292/5162, time/total: 32:28/01:48:22]: dratex [45k]
Installing [1293/5162, time/total: 32:30/01:48:28]: drawing-with-metapost [1k]
Installing [1294/5162, time/total: 32:31/01:48:32]: drawmatrix [3k]
Installing [1295/5162, time/total: 32:32/01:48:35]: drawstack [3k]
Installing [1296/5162, time/total: 32:33/01:48:38]: drm [12757k]
Installing [1297/5162, time/total: 32:40/01:46:19]: droid [3121k]
Installing [1298/5162, time/total: 32:44/01:45:54]: droit-fr [10k]
Installing [1299/5162, time/total: 32:46/01:46:00]: drs [5k]
Installing [1300/5162, time/total: 32:47/01:46:03]: drv [17k]
Installing [1301/5162, time/total: 32:49/01:46:10]: dsptricks [12k]
Installing [1302/5162, time/total: 32:51/01:46:16]: dsserif [89k]
Installing [1303/5162, time/total: 32:53/01:46:21]: dtk [15k]
Installing [1304/5162, time/total: 32:54/01:46:25]: dtk-bibliography [64k]
Installing [1305/5162, time/total: 32:57/01:46:33]: dtl [1k]
Installing [1306/5162, time/total: 32:58/01:46:37]: dtl.windows [17k]
Installing [1307/5162, time/total: 32:59/01:46:40]: dtxdescribe [8k]
Installing [1308/5162, time/total: 33:01/01:46:46]: dtxgallery [1k]
Installing [1309/5162, time/total: 33:02/01:46:49]: dtxgen [8k]
Installing [1310/5162, time/total: 33:03/01:46:52]: dtxtut [1k]
Installing [1311/5162, time/total: 33:04/01:46:56]: ducksay [10k]
Installing [1312/5162, time/total: 33:06/01:47:02]: duckuments [474k]
Installing [1313/5162, time/total: 33:09/01:47:06]: duerer [15k]
Installing [1314/5162, time/total: 33:10/01:47:09]: duerer-latex [2k]
Installing [1315/5162, time/total: 33:12/01:47:15]: duotenzor [6k]
Installing [1316/5162, time/total: 33:13/01:47:19]: dutchcal [36k]
Installing [1317/5162, time/total: 33:15/01:47:25]: dvdcoll [16k]
Installing [1318/5162, time/total: 33:16/01:47:28]: dvgloss [2k]
Installing [1319/5162, time/total: 33:17/01:47:31]: dvi2tty [1k]
Installing [1320/5162, time/total: 33:19/01:47:37]: dvi2tty.windows [41k]
Installing [1321/5162, time/total: 33:20/01:47:40]: dviasm [11k]
Installing [1322/5162, time/total: 33:22/01:47:46]: dviasm.windows [3k]
Installing [1323/5162, time/total: 33:23/01:47:50]: dvicopy [1k]
Installing [1324/5162, time/total: 33:25/01:47:56]: dvicopy.windows [28k]
Installing [1325/5162, time/total: 33:26/01:47:59]: dvidvi [1k]
Installing [1326/5162, time/total: 33:27/01:48:02]: dvidvi.windows [10k]
Installing [1327/5162, time/total: 33:28/01:48:05]: dviincl [2k]
Installing [1328/5162, time/total: 33:30/01:48:12]: dviinfox [4k]
Installing [1329/5162, time/total: 33:31/01:48:15]: dviinfox.windows [3k]
Installing [1330/5162, time/total: 33:32/01:48:18]: dviljk [1k]
Installing [1331/5162, time/total: 33:34/01:48:24]: dviljk.windows [46k]
Installing [1332/5162, time/total: 33:36/01:48:30]: dviout-util [1k]
Installing [1333/5162, time/total: 33:36/01:48:30]: dviout-util.windows [44k]
Installing [1334/5162, time/total: 33:38/01:48:36]: dvipdfmx [27k]
Installing [1335/5162, time/total: 33:39/01:48:39]: dvipdfmx.windows [346k]
Installing [1336/5162, time/total: 33:42/01:48:45]: dvipng [1k]
Installing [1337/5162, time/total: 33:43/01:48:48]: dvipng.windows [438k]
Installing [1338/5162, time/total: 33:46/01:48:52]: dvipos [1k]
Installing [1339/5162, time/total: 33:47/01:48:55]: dvipos.windows [18k]
Installing [1340/5162, time/total: 33:49/01:49:01]: dvips [57k]
Installing [1341/5162, time/total: 33:51/01:49:07]: dvips.windows [108k]
Installing [1342/5162, time/total: 33:53/01:49:12]: dvipsconfig [12k]
Installing [1343/5162, time/total: 33:55/01:49:18]: dvisvgm [1k]
Installing [1344/5162, time/total: 33:57/01:49:25]: dvisvgm.windows [1624k]
Installing [1345/5162, time/total: 34:03/01:49:24]: dynamicnumber [2k]
Installing [1346/5162, time/total: 34:05/01:49:30]: dynblocks [3k]
Installing [1347/5162, time/total: 34:06/01:49:33]: dynkin-diagrams [21k]
Installing [1348/5162, time/total: 34:08/01:49:40]: dyntree [4k]
Installing [1349/5162, time/total: 34:09/01:49:43]: e-french [50k]
Installing [1350/5162, time/total: 34:11/01:49:48]: ean [4k]
Installing [1351/5162, time/total: 34:12/01:49:52]: ean13isbn [2k]
Installing [1352/5162, time/total: 34:13/01:49:55]: easing [3k]
Installing [1353/5162, time/total: 34:15/01:50:01]: easter [3k]
Installing [1354/5162, time/total: 34:16/01:50:04]: easy [13k]
Installing [1355/5162, time/total: 34:17/01:50:07]: easy-todo [2k]
Installing [1356/5162, time/total: 34:19/01:50:14]: easybook [20k]
Installing [1357/5162, time/total: 34:20/01:50:17]: easydtx [3k]
Installing [1358/5162, time/total: 34:21/01:50:20]: easydtx.windows [3k]
Installing [1359/5162, time/total: 34:22/01:50:23]: easyfig [2k]
Installing [1360/5162, time/total: 34:24/01:50:30]: easyfloats [10k]
Installing [1361/5162, time/total: 34:25/01:50:33]: easyformat [3k]
Installing [1362/5162, time/total: 34:27/01:50:39]: easylist [6k]
Installing [1363/5162, time/total: 34:28/01:50:42]: easyreview [2k]
Installing [1364/5162, time/total: 34:30/01:50:49]: ebezier [4k]
Installing [1365/5162, time/total: 34:31/01:50:52]: ebgaramond [8195k]
Installing [1366/5162, time/total: 34:38/01:49:31]: ebgaramond-maths [6k]
Installing [1367/5162, time/total: 34:39/01:49:34]: ebong [3k]
Installing [1368/5162, time/total: 34:41/01:49:40]: ebong.windows [3k]
Installing [1369/5162, time/total: 34:42/01:49:44]: ebook [2k]
Installing [1370/5162, time/total: 34:43/01:49:47]: ebproof [5k]
Installing [1371/5162, time/total: 34:44/01:49:50]: ebsthesis [6k]
Installing [1372/5162, time/total: 34:45/01:49:53]: ec [258k]
Installing [1373/5162, time/total: 34:49/01:50:02]: ecc [17k]
Installing [1374/5162, time/total: 34:50/01:50:05]: ecclesiastic [3k]
Installing [1375/5162, time/total: 34:52/01:50:12]: ecgdraw [4k]
Installing [1376/5162, time/total: 34:52/01:50:12]: ecltree [3k]
Installing [1377/5162, time/total: 34:53/01:50:15]: ecnuthesis [62k]
Installing [1378/5162, time/total: 34:55/01:50:20]: eco [141k]
Installing [1379/5162, time/total: 34:58/01:50:28]: ecobiblatex [2k]
Installing [1380/5162, time/total: 34:59/01:50:31]: econ-bst [20k]
Installing [1381/5162, time/total: 35:01/01:50:37]: econlipsum [79k]
Installing [1382/5162, time/total: 35:03/01:50:43]: econometrics [3k]
Installing [1383/5162, time/total: 35:04/01:50:46]: economic [31k]
Installing [1384/5162, time/total: 35:05/01:50:48]: ecothesis [1k]
Installing [1385/5162, time/total: 35:06/01:50:52]: ecv [4k]
Installing [1386/5162, time/total: 35:08/01:50:58]: eczar [401k]
Installing [1387/5162, time/total: 35:11/01:51:02]: ed [3k]
Installing [1388/5162, time/total: 35:12/01:51:05]: edfnotes [14k]
Installing [1389/5162, time/total: 35:13/01:51:08]: edichokey [2k]
Installing [1390/5162, time/total: 35:14/01:51:12]: edmac [13k]
Installing [1391/5162, time/total: 35:15/01:51:15]: edmargin [5k]
Installing [1392/5162, time/total: 35:16/01:51:18]: edmaths [5k]
Installing [1393/5162, time/total: 35:17/01:51:21]: eemeir [2k]
Installing [1394/5162, time/total: 35:18/01:51:24]: eepic [12k]
Installing [1395/5162, time/total: 35:20/01:51:30]: efbox [2k]
Installing [1396/5162, time/total: 35:21/01:51:33]: egameps [7k]
Installing [1397/5162, time/total: 35:24/01:51:43]: egpeirce [21k]
Installing [1398/5162, time/total: 35:25/01:51:45]: egplot [4k]
Installing [1399/5162, time/total: 35:26/01:51:49]: ehhline [2k]
Installing [1400/5162, time/total: 35:27/01:51:52]: eiad [26k]
Installing [1401/5162, time/total: 35:29/01:51:58]: eiad-ltx [4k]
Installing [1402/5162, time/total: 35:31/01:52:04]: eigo [8k]
Installing [1403/5162, time/total: 35:32/01:52:07]: eijkhout [7k]
Installing [1404/5162, time/total: 35:34/01:52:13]: einfart [6k]
Installing [1405/5162, time/total: 35:35/01:52:16]: ejpecp [6k]
Installing [1406/5162, time/total: 35:36/01:52:19]: ekaia [3k]
Installing [1407/5162, time/total: 35:37/01:52:23]: ekdosis [22k]
Installing [1408/5162, time/total: 35:39/01:52:29]: ektype-tanka [1854k]
Installing [1409/5162, time/total: 35:44/01:52:21]: elbioimp [3k]
Installing [1410/5162, time/total: 35:45/01:52:24]: electrumadf [710k]
Installing [1411/5162, time/total: 35:48/01:52:24]: eledform [2k]
Installing [1412/5162, time/total: 35:49/01:52:28]: eledmac [39k]
Installing [1413/5162, time/total: 35:51/01:52:33]: elegantbook [12k]
Installing [1414/5162, time/total: 35:52/01:52:36]: elegantnote [5k]
Installing [1415/5162, time/total: 35:53/01:52:39]: elegantpaper [4k]
Installing [1416/5162, time/total: 35:54/01:52:43]: elements [9k]
Installing [1417/5162, time/total: 35:56/01:52:49]: ellipse [3k]
Installing [1418/5162, time/total: 35:56/01:52:49]: ellipsis [2k]
Installing [1419/5162, time/total: 35:57/01:52:52]: elmath [3k]
Installing [1420/5162, time/total: 35:59/01:52:58]: elocalloc [2k]
Installing [1421/5162, time/total: 36:00/01:53:01]: elpres [74k]
Installing [1422/5162, time/total: 36:02/01:53:06]: els-cas-templates [54k]
Installing [1423/5162, time/total: 36:03/01:53:09]: elsarticle [19k]
Installing [1424/5162, time/total: 36:05/01:53:15]: elteiktdk [3k]
Installing [1425/5162, time/total: 36:06/01:53:18]: elteikthesis [6k]
Installing [1426/5162, time/total: 36:07/01:53:21]: eltex [13k]
Installing [1427/5162, time/total: 36:08/01:53:24]: elvish [11k]
Installing [1428/5162, time/total: 36:09/01:53:27]: elzcards [6k]
Installing [1429/5162, time/total: 36:10/01:53:30]: emarks [2k]
Installing [1430/5162, time/total: 36:12/01:53:36]: embedall [2k]
Installing [1431/5162, time/total: 36:13/01:53:40]: embedfile [6k]
Installing [1432/5162, time/total: 36:14/01:53:43]: embrac [4k]
Installing [1433/5162, time/total: 36:15/01:53:46]: emf [2k]
Installing [1434/5162, time/total: 36:17/01:53:52]: emisa [16k]
Installing [1435/5162, time/total: 36:18/01:53:55]: emo [117k]
Installing [1436/5162, time/total: 36:20/01:54:00]: emoji [43k]
Installing [1437/5162, time/total: 36:22/01:54:05]: emojicite [2k]
Installing [1438/5162, time/total: 36:23/01:54:09]: emojinames [18k]
Installing [1439/5162, time/total: 36:25/01:54:15]: emotion [2k]
Installing [1440/5162, time/total: 36:26/01:54:18]: emp [4k]
Installing [1441/5162, time/total: 36:28/01:54:24]: emptypage [2k]
Installing [1442/5162, time/total: 36:29/01:54:27]: emulateapj [18k]
Installing [1443/5162, time/total: 36:30/01:54:30]: enctex [24k]
Installing [1444/5162, time/total: 36:32/01:54:36]: encxvlna [3k]
Installing [1445/5162, time/total: 36:33/01:54:39]: endfloat [5k]
Installing [1446/5162, time/total: 36:34/01:54:42]: endheads [3k]
Installing [1447/5162, time/total: 36:36/01:54:48]: endiagram [9k]
Installing [1448/5162, time/total: 36:37/01:54:51]: endnotes [6k]
Installing [1449/5162, time/total: 36:39/01:54:58]: endnotes-hy [2k]
Installing [1450/5162, time/total: 36:39/01:54:58]: endnotesj [6k]
Installing [1451/5162, time/total: 36:40/01:55:01]: endofproofwd [2k]
Installing [1452/5162, time/total: 36:42/01:55:07]: engpron [4k]
Installing [1453/5162, time/total: 36:43/01:55:10]: engrec [2k]
Installing [1454/5162, time/total: 36:44/01:55:13]: engtlc [4k]
Installing [1455/5162, time/total: 36:45/01:55:16]: enigma [18k]
Installing [1456/5162, time/total: 36:47/01:55:22]: enotez [8k]
Installing [1457/5162, time/total: 36:48/01:55:25]: enslyonreview [15k]
Installing [1458/5162, time/total: 36:50/01:55:31]: enslyonstage [12k]
Installing [1459/5162, time/total: 36:51/01:55:34]: ensps-colorscheme [2k]
Installing [1460/5162, time/total: 36:52/01:55:38]: enumext [26k]
Installing [1461/5162, time/total: 36:54/01:55:43]: enumitem [14k]
Installing [1462/5162, time/total: 36:55/01:55:46]: enumitem-zref [8k]
Installing [1463/5162, time/total: 36:57/01:55:53]: enumsub [2k]
Installing [1464/5162, time/total: 36:58/01:55:56]: envbig [2k]
Installing [1465/5162, time/total: 37:00/01:56:02]: envelope-letter [3k]
Installing [1466/5162, time/total: 37:01/01:56:05]: enverb [4k]
Installing [1467/5162, time/total: 37:02/01:56:08]: environ [2k]
Installing [1468/5162, time/total: 37:03/01:56:11]: envlab [6k]
Installing [1469/5162, time/total: 37:04/01:56:14]: eolang [9k]
Installing [1470/5162, time/total: 37:06/01:56:21]: eolang.windows [3k]
Installing [1471/5162, time/total: 37:07/01:56:24]: eoldef [2k]
Installing [1472/5162, time/total: 37:09/01:56:30]: epcqrcode [5k]
Installing [1473/5162, time/total: 37:11/01:56:36]: epigrafica [336k]
Installing [1474/5162, time/total: 37:14/01:56:41]: epigram [1k]
Installing [1475/5162, time/total: 37:15/01:56:44]: epigraph [2k]
Installing [1476/5162, time/total: 37:17/01:56:50]: epigraph-keys [2k]
Installing [1477/5162, time/total: 37:19/01:56:57]: epiolmec [107k]
Installing [1478/5162, time/total: 37:22/01:57:05]: eplain [43k]
Installing [1479/5162, time/total: 37:23/01:57:07]: eplain.windows [3k]
Installing [1480/5162, time/total: 37:24/01:57:10]: epsdice [6k]
Installing [1481/5162, time/total: 37:26/01:57:17]: epsf [8k]
Installing [1482/5162, time/total: 37:27/01:57:20]: epsf-dvipdfmx [2k]
Installing [1483/5162, time/total: 37:28/01:57:23]: epsincl [2k]
Installing [1484/5162, time/total: 37:30/01:57:29]: epslatex-fr [1k]
Installing [1485/5162, time/total: 37:31/01:57:32]: epspdf [32k]
Installing [1486/5162, time/total: 37:33/01:57:38]: epspdf.windows [18k]
Installing [1487/5162, time/total: 37:34/01:57:41]: epspdfconversion [4k]
Installing [1488/5162, time/total: 37:35/01:57:44]: epstopdf [15k]
Installing [1489/5162, time/total: 37:37/01:57:50]: epstopdf-pkg [5k]
Installing [1490/5162, time/total: 37:38/01:57:53]: epstopdf.windows [3k]
Installing [1491/5162, time/total: 37:39/01:57:56]: eq-pin2corr [4k]
Installing [1492/5162, time/total: 37:41/01:58:02]: eqell [1k]
Installing [1493/5162, time/total: 37:42/01:58:06]: eqexpl [2k]
Installing [1494/5162, time/total: 37:43/01:58:09]: eqlist [2k]
Installing [1495/5162, time/total: 37:44/01:58:12]: eqnalign [2k]
Installing [1496/5162, time/total: 37:46/01:58:18]: eqname [1k]
Installing [1497/5162, time/total: 37:47/01:58:21]: eqnarray [3k]
Installing [1498/5162, time/total: 37:48/01:58:24]: eqnlines [29k]
Installing [1499/5162, time/total: 37:50/01:58:30]: eqnnumwarn [4k]
Installing [1500/5162, time/total: 37:52/01:58:36]: eqparbox [3k]
Installing [1501/5162, time/total: 37:53/01:58:39]: erdc [6k]
Installing [1502/5162, time/total: 37:55/01:58:46]: erewhon [2555k]
Installing [1503/5162, time/total: 38:04/01:58:40]: erewhon-math [331k]
Installing [1504/5162, time/total: 38:06/01:58:42]: errata [2k]
Installing [1505/5162, time/total: 38:08/01:58:48]: erw-l3 [4k]
Installing [1506/5162, time/total: 38:09/01:58:51]: es-tex-faq [1k]
Installing [1507/5162, time/total: 38:10/01:58:54]: esami [21k]
Installing [1508/5162, time/total: 38:12/01:59:00]: esdiff [2k]
Installing [1509/5162, time/total: 38:13/01:59:03]: esieecv [2k]
Installing [1510/5162, time/total: 38:15/01:59:09]: esindex [4k]
Installing [1511/5162, time/total: 38:16/01:59:12]: esint [6k]
Installing [1512/5162, time/total: 38:17/01:59:15]: esint-type1 [31k]
Installing [1513/5162, time/total: 38:18/01:59:18]: esk [4k]
Installing [1514/5162, time/total: 38:20/01:59:24]: eskd [4k]
Installing [1515/5162, time/total: 38:21/01:59:27]: eskdx [17k]
Installing [1516/5162, time/total: 38:22/01:59:30]: eso-pic [4k]
Installing [1517/5162, time/total: 38:24/01:59:36]: esrelation [33k]
Installing [1518/5162, time/total: 38:26/01:59:42]: essaykit [2k]
Installing [1519/5162, time/total: 38:27/01:59:45]: esstix [198k]
Installing [1520/5162, time/total: 38:29/01:59:49]: estcpmm [4k]
Installing [1521/5162, time/total: 38:31/01:59:55]: esvect [66k]
Installing [1522/5162, time/total: 38:33/02:00:01]: etaremune [2k]
Installing [1523/5162, time/total: 38:35/02:00:07]: etbb [1028k]
Installing [1524/5162, time/total: 38:38/02:00:02]: etdipa [1k]
Installing [1525/5162, time/total: 38:40/02:00:09]: etex [12k]
Installing [1526/5162, time/total: 38:41/02:00:11]: etex-pkg [6k]
Installing [1527/5162, time/total: 38:42/02:00:14]: etexcmds [3k]
Installing [1528/5162, time/total: 38:43/02:00:18]: etextools [12k]
Installing [1529/5162, time/total: 38:45/02:00:24]: ethiop [60k]
Installing [1530/5162, time/total: 38:47/02:00:29]: ethiop-t1 [5063k]
Installing [1531/5162, time/total: 38:52/01:59:37]: etl [5k]
Installing [1532/5162, time/total: 38:54/01:59:43]: etoc [15k]
Installing [1533/5162, time/total: 38:55/01:59:46]: etoolbox [9k]
Installing [1534/5162, time/total: 38:57/01:59:52]: etoolbox-de [1k]
Installing [1535/5162, time/total: 38:58/01:59:55]: etoolbox-generic [2k]
Installing [1536/5162, time/total: 38:59/01:59:58]: etsvthor [2k]
Installing [1537/5162, time/total: 39:00/02:00:01]: euclidean-lattice [3k]
Installing [1538/5162, time/total: 39:01/02:00:04]: euclideangeometry [6k]
Installing [1539/5162, time/total: 39:03/02:00:11]: euenc [4k]
Installing [1540/5162, time/total: 39:04/02:00:14]: euflag [2k]
Installing [1541/5162, time/total: 39:05/02:00:17]: eukdate [2k]
Installing [1542/5162, time/total: 39:06/02:00:20]: euler [4k]
Installing [1543/5162, time/total: 39:08/02:00:26]: euler-math [261k]
Installing [1544/5162, time/total: 39:10/02:00:29]: eulerpx [3k]
Installing [1545/5162, time/total: 39:12/02:00:35]: eulervm [14k]
Installing [1546/5162, time/total: 39:13/02:00:38]: eurion [3k]
Installing [1547/5162, time/total: 39:14/02:00:41]: euro [3k]
Installing [1548/5162, time/total: 39:16/02:00:47]: euro-ce [6k]
Installing [1549/5162, time/total: 39:17/02:00:50]: euromoney [2322k]
Installing [1550/5162, time/total: 39:23/02:00:37]: europasscv [30k]
Installing [1551/5162, time/total: 39:25/02:00:43]: europasscv2025 [15k]
Installing [1552/5162, time/total: 39:26/02:00:46]: europecv [58k]
Installing [1553/5162, time/total: 39:28/02:00:51]: eurosym [137k]
Installing [1554/5162, time/total: 39:31/02:00:59]: euxm [26k]
Installing [1555/5162, time/total: 39:32/02:01:01]: evangelion-jfm [4k]
Installing [1556/5162, time/total: 39:33/02:01:04]: everyhook [3k]
Installing [1557/5162, time/total: 39:35/02:01:10]: everypage [2k]
Installing [1558/5162, time/total: 39:36/02:01:14]: everysel [3k]
Installing [1559/5162, time/total: 39:38/02:01:20]: everyshi [2k]
Installing [1560/5162, time/total: 39:39/02:01:23]: exam [50k]
Installing [1561/5162, time/total: 39:41/02:01:28]: exam-lite [4k]
Installing [1562/5162, time/total: 39:42/02:01:31]: exam-ltr [6k]
Installing [1563/5162, time/total: 39:44/02:01:37]: exam-n [14k]
Installing [1564/5162, time/total: 39:45/02:01:40]: exam-randomizechoices [6k]
Installing [1565/5162, time/total: 39:46/02:01:43]: exam-rtl [7k]
Installing [1566/5162, time/total: 39:48/02:01:49]: exam-zh [44k]
Installing [1567/5162, time/total: 39:50/02:01:55]: examdesign [11k]
Installing [1568/5162, time/total: 39:51/02:01:58]: example [6k]
Installing [1569/5162, time/total: 39:53/02:02:04]: examplep [33k]
Installing [1570/5162, time/total: 39:55/02:02:09]: examz [3k]
Installing [1571/5162, time/total: 39:56/02:02:12]: exceltex [7k]
Installing [1572/5162, time/total: 39:57/02:02:15]: exceltex.windows [3k]
Installing [1573/5162, time/total: 39:58/02:02:18]: excludeonly [2k]
Installing [1574/5162, time/total: 40:00/02:02:24]: exercise [8k]
Installing [1575/5162, time/total: 40:01/02:02:27]: exercisebank [9k]
Installing [1576/5162, time/total: 40:02/02:02:30]: exercisepoints [4k]
Installing [1577/5162, time/total: 40:04/02:02:36]: exercises [3k]
Installing [1578/5162, time/total: 40:07/02:02:46]: exercisesheets [13k]
Installing [1579/5162, time/total: 40:08/02:02:48]: exesheet [7k]
Installing [1580/5162, time/total: 40:10/02:02:54]: exframe [12k]
Installing [1581/5162, time/total: 40:11/02:02:57]: exp-testopt [2k]
Installing [1582/5162, time/total: 40:13/02:03:03]: expdlist [3k]
Installing [1583/5162, time/total: 40:14/02:03:07]: expex [19k]
Installing [1584/5162, time/total: 40:15/02:03:09]: expex-acro [5k]
Installing [1585/5162, time/total: 40:16/02:03:12]: expex-glossonly [3k]
Installing [1586/5162, time/total: 40:18/02:03:18]: expkv-bundle [20k]
Installing [1587/5162, time/total: 40:19/02:03:21]: expltools [91k]
Installing [1588/5162, time/total: 40:22/02:03:29]: expltools.windows [3k]
Installing [1589/5162, time/total: 40:24/02:03:35]: export [7k]
Installing [1590/5162, time/total: 40:25/02:03:38]: expose-expl3-dunkerque-2019 [1k]
Installing [1591/5162, time/total: 40:26/02:03:41]: expressg [19k]
Installing [1592/5162, time/total: 40:28/02:03:47]: exsheets [24k]
Installing [1593/5162, time/total: 40:29/02:03:50]: exsol [4k]
Installing [1594/5162, time/total: 40:31/02:03:56]: extarrows [1k]
Installing [1595/5162, time/total: 40:32/02:03:59]: exteps [3k]
Installing [1596/5162, time/total: 40:34/02:04:05]: extpfeil [2k]
Installing [1597/5162, time/total: 40:35/02:04:08]: extract [5k]
Installing [1598/5162, time/total: 40:36/02:04:11]: extractbb [6k]
Installing [1599/5162, time/total: 40:37/02:04:14]: extractbb.windows [3k]
Installing [1600/5162, time/total: 40:39/02:04:20]: extsizes [12k]
Installing [1601/5162, time/total: 40:41/02:04:26]: ezedits [3k]
Installing [1602/5162, time/total: 40:42/02:04:29]: facsimile [5k]
Installing [1603/5162, time/total: 40:44/02:04:35]: factura [27k]
Installing [1604/5162, time/total: 40:46/02:04:41]: facture [4k]
Installing [1605/5162, time/total: 40:47/02:04:44]: facture-belge-simple-sans-tva [1k]
Installing [1606/5162, time/total: 40:48/02:04:47]: fadingimage [2k]
Installing [1607/5162, time/total: 40:49/02:04:50]: fail-fast [2k]
Installing [1608/5162, time/total: 40:50/02:04:53]: faktor [2k]
Installing [1609/5162, time/total: 40:51/02:04:56]: familytree [7k]
Installing [1610/5162, time/total: 40:53/02:05:02]: fancybox [8k]
Installing [1611/5162, time/total: 40:55/02:05:08]: fancyhandout [4k]
Installing [1612/5162, time/total: 40:56/02:05:11]: fancyhdr [9k]
Installing [1613/5162, time/total: 40:57/02:05:14]: fancyhdr-it [1k]
Installing [1614/5162, time/total: 40:58/02:05:17]: fancylabel [6k]
Installing [1615/5162, time/total: 40:59/02:05:20]: fancymag [2066k]
Installing [1616/5162, time/total: 41:03/02:05:04]: fancynum [2k]
Installing [1617/5162, time/total: 41:04/02:05:07]: fancypar [3k]
Installing [1618/5162, time/total: 41:06/02:05:13]: fancyqr [11k]
Installing [1619/5162, time/total: 41:07/02:05:16]: fancyref [4k]
Installing [1620/5162, time/total: 41:08/02:05:19]: fancyslides [2k]
Installing [1621/5162, time/total: 41:09/02:05:22]: fancytabs [2k]
Installing [1622/5162, time/total: 41:11/02:05:28]: fancytooltips [9k]
Installing [1623/5162, time/total: 41:12/02:05:31]: fancyvrb [12k]
Installing [1624/5162, time/total: 41:13/02:05:34]: fandol [21077k]
Installing [1625/5162, time/total: 41:23/02:01:25]: fantasquesansmono-otf [212k]
Installing [1626/5162, time/total: 41:26/02:01:31]: faq-fr [1k]
Installing [1627/5162, time/total: 41:27/02:01:34]: faq-fr-gutenberg [2k]
Installing [1628/5162, time/total: 41:29/02:01:40]: farbe [15k]
Installing [1629/5162, time/total: 41:30/02:01:43]: fariscovernew [6k]
Installing [1630/5162, time/total: 41:31/02:01:46]: fascicules [6k]
Installing [1631/5162, time/total: 41:32/02:01:49]: fast-diagram [5k]
Installing [1632/5162, time/total: 41:33/02:01:52]: fbb [1095k]
Installing [1633/5162, time/total: 41:38/02:01:52]: fbithesis [7k]
Installing [1634/5162, time/total: 41:40/02:01:58]: fbox [2k]
Installing [1635/5162, time/total: 41:41/02:02:01]: fbs [6k]
Installing [1636/5162, time/total: 41:42/02:02:04]: fc [126k]
Installing [1637/5162, time/total: 41:45/02:02:11]: fcavtex [16k]
Installing [1638/5162, time/total: 41:46/02:02:14]: fcltxdoc [11k]
Installing [1639/5162, time/total: 41:48/02:02:19]: fcolumn [6k]
Installing [1640/5162, time/total: 41:49/02:02:22]: fdsymbol [859k]
Installing [1641/5162, time/total: 41:53/02:02:23]: fduthesis [106k]
Installing [1642/5162, time/total: 41:55/02:02:27]: featpost [32k]
Installing [1643/5162, time/total: 41:57/02:02:33]: fei [8k]
Installing [1644/5162, time/total: 41:58/02:02:36]: fenetrecas [4k]
Installing [1645/5162, time/total: 42:00/02:02:41]: fenixpar [4k]
Installing [1646/5162, time/total: 42:02/02:02:47]: fetamont [3460k]
Installing [1647/5162, time/total: 42:15/02:02:41]: fetchcls [2k]
Installing [1648/5162, time/total: 42:19/02:02:52]: feupphdteses [7k]
Installing [1649/5162, time/total: 42:21/02:02:58]: fewerfloatpages [3k]
Installing [1650/5162, time/total: 42:25/02:03:10]: feyn [14k]
Installing [1651/5162, time/total: 42:29/02:03:21]: feynmf [20k]
Installing [1652/5162, time/total: 42:34/02:03:35]: feynmp-auto [2k]
Installing [1653/5162, time/total: 42:36/02:03:41]: ffcode [4k]
Installing [1654/5162, time/total: 42:39/02:03:50]: ffslides [5k]
Installing [1655/5162, time/total: 42:42/02:03:59]: fge [38k]
Installing [1656/5162, time/total: 42:46/02:04:10]: fgruler [6k]
Installing [1657/5162, time/total: 42:48/02:04:15]: fhj-script [19k]
Installing [1658/5162, time/total: 42:51/02:04:24]: fifinddo-info [1k]
Installing [1659/5162, time/total: 42:54/02:04:33]: fifo-stack [3k]
Installing [1660/5162, time/total: 42:58/02:04:44]: fig4latex [3k]
Installing [1661/5162, time/total: 43:04/02:05:02]: fig4latex.windows [3k]
Installing [1662/5162, time/total: 43:09/02:05:16]: figbas [19k]
Installing [1663/5162, time/total: 43:13/02:05:27]: figbib [4k]
Installing [1664/5162, time/total: 43:17/02:05:39]: figchild [283k]
Installing [1665/5162, time/total: 43:21/02:05:47]: figflow [3k]
Installing [1666/5162, time/total: 43:23/02:05:53]: figput [9k]
Installing [1667/5162, time/total: 43:25/02:05:58]: figsize [2k]
Installing [1668/5162, time/total: 43:27/02:06:04]: figureversions [4k]
Installing [1669/5162, time/total: 43:28/02:06:07]: filecontents [3k]
Installing [1670/5162, time/total: 43:29/02:06:10]: filecontentsdef [3k]
Installing [1671/5162, time/total: 43:30/02:06:13]: filedate [7k]
Installing [1672/5162, time/total: 43:31/02:06:16]: filehook [5k]
Installing [1673/5162, time/total: 43:32/02:06:18]: fileinfo [7k]
Installing [1674/5162, time/total: 43:34/02:06:24]: filemod [4k]
Installing [1675/5162, time/total: 43:35/02:06:27]: fillpages [3k]
Installing [1676/5162, time/total: 43:36/02:06:30]: fillwith [4k]
Installing [1677/5162, time/total: 43:37/02:06:33]: finbib [6k]
Installing [1678/5162, time/total: 43:38/02:06:36]: findhyph [4k]
Installing [1679/5162, time/total: 43:39/02:06:38]: findhyph.windows [3k]
Installing [1680/5162, time/total: 43:39/02:06:38]: fink [3k]
Installing [1681/5162, time/total: 43:41/02:06:44]: finstrut [4k]
Installing [1682/5162, time/total: 43:42/02:06:47]: fira [15170k]
Installing [1683/5162, time/total: 43:49/02:03:52]: firamath [98k]
Installing [1684/5162, time/total: 43:50/02:03:54]: firamath-otf [2k]
Installing [1685/5162, time/total: 43:51/02:03:57]: first-latex-doc [1k]
Installing [1686/5162, time/total: 43:52/02:03:59]: firstaid [5k]
Installing [1687/5162, time/total: 43:53/02:04:02]: firstindexletter [3k]
Installing [1688/5162, time/total: 43:54/02:04:05]: fistrum [33k]
Installing [1689/5162, time/total: 43:56/02:04:10]: fitbox [3k]
Installing [1690/5162, time/total: 43:57/02:04:13]: fitch [4k]
Installing [1691/5162, time/total: 43:58/02:04:16]: fithesis [779k]
Installing [1692/5162, time/total: 44:00/02:04:12]: fits-astro [2k]
Installing [1693/5162, time/total: 44:01/02:04:14]: fix2col [3k]
Installing [1694/5162, time/total: 44:02/02:04:17]: fixcmex [2k]
Installing [1695/5162, time/total: 44:03/02:04:20]: fixdif [2k]
Installing [1696/5162, time/total: 44:05/02:04:26]: fixfoot [4k]
Installing [1697/5162, time/total: 44:06/02:04:28]: fixjfm [3k]
Installing [1698/5162, time/total: 44:07/02:04:31]: fixlatvian [3k]
Installing [1699/5162, time/total: 44:08/02:04:34]: fixltxhyph [2k]
Installing [1700/5162, time/total: 44:10/02:04:40]: fixmath [2k]
Installing [1701/5162, time/total: 44:11/02:04:42]: fixme [9k]
Installing [1702/5162, time/total: 44:11/02:04:42]: fixmetodonotes [2k]
Installing [1703/5162, time/total: 44:12/02:04:45]: fixpdfmag [2k]
Installing [1704/5162, time/total: 44:14/02:04:51]: fixtounicode [5k]
Installing [1705/5162, time/total: 44:15/02:04:54]: fiziko [23k]
Installing [1706/5162, time/total: 44:16/02:04:56]: fjodor [2k]
Installing [1707/5162, time/total: 44:18/02:05:02]: flabels [3k]
Installing [1708/5162, time/total: 44:19/02:05:05]: flacards [3k]
Installing [1709/5162, time/total: 44:20/02:05:07]: flagderiv [3k]
Installing [1710/5162, time/total: 44:21/02:05:10]: flashcards [4k]
Installing [1711/5162, time/total: 44:22/02:05:13]: flashmovie [20k]
Installing [1712/5162, time/total: 44:23/02:05:15]: flexipage [4k]
Installing [1713/5162, time/total: 44:24/02:05:18]: flipbook [2k]
Installing [1714/5162, time/total: 44:26/02:05:24]: flippdf [2k]
Installing [1715/5162, time/total: 44:27/02:05:27]: float [3k]
Installing [1716/5162, time/total: 44:28/02:05:29]: floatbytocbasic [2k]
Installing [1717/5162, time/total: 44:29/02:05:32]: floatflt [3k]
Installing [1718/5162, time/total: 44:30/02:05:35]: floatrow [16k]
Installing [1719/5162, time/total: 44:32/02:05:40]: floatrowbytocbasic [3k]
Installing [1720/5162, time/total: 44:32/02:05:40]: flowchart [3k]
Installing [1721/5162, time/total: 44:33/02:05:43]: flowfram [59k]
Installing [1722/5162, time/total: 44:35/02:05:48]: fltpoint [4k]
Installing [1723/5162, time/total: 44:36/02:05:51]: fmp [2k]
Installing [1724/5162, time/total: 44:38/02:05:57]: fmtcount [27k]
Installing [1725/5162, time/total: 44:39/02:05:59]: fn2end [2k]
Installing [1726/5162, time/total: 44:41/02:06:05]: fnbreak [3k]
Installing [1727/5162, time/total: 44:42/02:06:07]: fncychap [5k]
Installing [1728/5162, time/total: 44:43/02:06:10]: fncylab [2k]
Installing [1729/5162, time/total: 44:44/02:06:13]: fnpara [4k]
Installing [1730/5162, time/total: 44:45/02:06:16]: fnpct [15k]
Installing [1731/5162, time/total: 44:46/02:06:18]: fnspe [3k]
Installing [1732/5162, time/total: 44:47/02:06:21]: fntproof [7k]
Installing [1733/5162, time/total: 44:48/02:06:24]: fnumprint [2k]
Installing [1734/5162, time/total: 44:50/02:06:30]: fodot [2k]
Installing [1735/5162, time/total: 44:51/02:06:32]: foekfont [9k]
Installing [1736/5162, time/total: 44:52/02:06:35]: foilhtml [4k]
Installing [1737/5162, time/total: 44:53/02:06:38]: foliono [5k]
Installing [1738/5162, time/total: 44:54/02:06:41]: fonetika [64k]
Installing [1739/5162, time/total: 44:55/02:06:43]: font-change [19k]
Installing [1740/5162, time/total: 44:57/02:06:48]: font-change-xetex [6k]
Installing [1741/5162, time/total: 44:58/02:06:51]: fontawesome [270k]
Installing [1742/5162, time/total: 45:00/02:06:53]: fontawesome5 [847k]
Installing [1743/5162, time/total: 45:03/02:06:51]: fontawesome6 [1837k]
Installing [1744/5162, time/total: 45:07/02:06:38]: fontawesome7 [825k]
Installing [1745/5162, time/total: 45:10/02:06:36]: fontawesomescaled [2k]
Installing [1746/5162, time/total: 45:11/02:06:39]: fontaxes [4k]
Installing [1747/5162, time/total: 45:12/02:06:42]: fontbook [2k]
Installing [1748/5162, time/total: 45:13/02:06:45]: fontch [16k]
Installing [1749/5162, time/total: 45:14/02:06:47]: fontinst [84k]
Installing [1750/5162, time/total: 45:15/02:06:49]: fontinstallationguide [1k]
Installing [1751/5162, time/total: 45:16/02:06:52]: fontmfizz [39k]
Installing [1752/5162, time/total: 45:18/02:06:57]: fontname [18k]
Installing [1753/5162, time/total: 45:19/02:07:00]: fontools [59k]
Installing [1754/5162, time/total: 45:21/02:07:04]: fontools.windows [3k]
Installing [1755/5162, time/total: 45:23/02:07:10]: fonts-arundina [843k]
Installing [1756/5162, time/total: 45:26/02:07:08]: fonts-churchslavonic [2023k]
Installing [1757/5162, time/total: 45:29/02:06:50]: fonts-tlwg [4932k]
Installing [1758/5162, time/total: 45:32/02:05:57]: fontscale [6k]
Installing [1759/5162, time/total: 45:33/02:05:59]: fontscripts [29k]
Installing [1760/5162, time/total: 45:34/02:06:02]: fontsetup [15k]
Installing [1761/5162, time/total: 45:35/02:06:04]: fontsize [6k]
Installing [1762/5162, time/total: 45:36/02:06:07]: fontspec [27k]
Installing [1763/5162, time/total: 45:37/02:06:09]: fonttable [6k]
Installing [1764/5162, time/total: 45:38/02:06:12]: fontware [1k]
Installing [1765/5162, time/total: 45:39/02:06:15]: fontware.windows [68k]
Installing [1766/5162, time/total: 45:41/02:06:20]: fontwrap [13k]
Installing [1767/5162, time/total: 45:42/02:06:22]: footbib [7k]
Installing [1768/5162, time/total: 45:43/02:06:25]: footmisc [8k]
Installing [1769/5162, time/total: 45:44/02:06:28]: footmisx [6k]
Installing [1770/5162, time/total: 45:45/02:06:30]: footnotebackref [2k]
Installing [1771/5162, time/total: 45:46/02:06:33]: footnotehyper [4k]
Installing [1772/5162, time/total: 45:47/02:06:36]: footnoterange [3k]
Installing [1773/5162, time/total: 45:47/02:06:36]: footnpag [8k]
Installing [1774/5162, time/total: 45:48/02:06:38]: forarray [5k]
Installing [1775/5162, time/total: 45:49/02:06:41]: foreign [2k]
Installing [1776/5162, time/total: 45:50/02:06:44]: forest [55k]
Installing [1777/5162, time/total: 45:51/02:06:46]: forest-ext [10k]
Installing [1778/5162, time/total: 45:52/02:06:49]: forest-quickstart [1k]
Installing [1779/5162, time/total: 45:53/02:06:51]: forloop [2k]
Installing [1780/5162, time/total: 45:54/02:06:54]: formal-grammar [2k]
Installing [1781/5162, time/total: 45:55/02:06:57]: formation-latex-ul [1k]
Installing [1782/5162, time/total: 45:56/02:07:00]: formlett [16k]
Installing [1783/5162, time/total: 45:56/02:06:59]: forms16be [3k]
Installing [1784/5162, time/total: 45:57/02:07:02]: formular [4k]
Installing [1785/5162, time/total: 45:58/02:07:05]: forum [660k]
Installing [1786/5162, time/total: 45:59/02:06:59]: fouridx [2k]
Installing [1787/5162, time/total: 46:01/02:07:05]: fourier [269k]
Installing [1788/5162, time/total: 46:02/02:07:04]: fouriernc [13k]
Installing [1789/5162, time/total: 46:03/02:07:07]: fox-listings [3k]
Installing [1790/5162, time/total: 46:04/02:07:09]: fp [19k]
Installing [1791/5162, time/total: 46:05/02:07:12]: fpl [282k]
Installing [1792/5162, time/total: 46:07/02:07:14]: fragmaster [7k]
Installing [1793/5162, time/total: 46:08/02:07:17]: fragmaster.windows [3k]
Installing [1794/5162, time/total: 46:08/02:07:17]: fragments [3k]
Installing [1795/5162, time/total: 46:09/02:07:19]: fragoli [17k]
Installing [1796/5162, time/total: 46:10/02:07:22]: frame [2k]
Installing [1797/5162, time/total: 46:11/02:07:25]: framed [8k]
Installing [1798/5162, time/total: 46:12/02:07:27]: framedsyntax [4k]
Installing [1799/5162, time/total: 46:12/02:07:27]: francais-bst [8k]
Installing [1800/5162, time/total: 46:13/02:07:30]: frankenstein [134k]
Installing [1801/5162, time/total: 46:15/02:07:34]: frcursive [1746k]
Installing [1802/5162, time/total: 46:18/02:07:20]: frederika2016 [41k]
Installing [1803/5162, time/total: 46:18/02:07:20]: freealign [2k]
Installing [1804/5162, time/total: 46:19/02:07:22]: freemath [3k]
Installing [1805/5162, time/total: 46:20/02:07:25]: frege [5k]
Installing [1806/5162, time/total: 46:21/02:07:28]: frenchmath [3k]
Installing [1807/5162, time/total: 46:21/02:07:28]: fretplot [12k]
Installing [1808/5162, time/total: 46:22/02:07:30]: frimurer [16k]
Installing [1809/5162, time/total: 46:23/02:07:33]: frletter [2k]
Installing [1810/5162, time/total: 46:25/02:07:38]: frontespizio [6k]
Installing [1811/5162, time/total: 46:25/02:07:38]: froufrou [4k]
Installing [1812/5162, time/total: 46:26/02:07:41]: frpseudocode [2k]
Installing [1813/5162, time/total: 46:27/02:07:44]: ftc-notebook [7k]
Installing [1814/5162, time/total: 46:28/02:07:46]: ftcap [2k]
Installing [1815/5162, time/total: 46:29/02:07:49]: ftnxtra [2k]
Installing [1816/5162, time/total: 46:29/02:07:49]: fullblck [2k]
Installing [1817/5162, time/total: 46:30/02:07:52]: fullminipage [2k]
Installing [1818/5162, time/total: 46:31/02:07:55]: fullwidth [4k]
Installing [1819/5162, time/total: 46:32/02:07:57]: functan [3k]
Installing [1820/5162, time/total: 46:32/02:07:57]: functional [11k]
Installing [1821/5162, time/total: 46:33/02:08:00]: fundus-calligra [2k]
Installing [1822/5162, time/total: 46:34/02:08:03]: fundus-cyr [2k]
Installing [1823/5162, time/total: 46:35/02:08:05]: fundus-suetterlin [2k]
Installing [1824/5162, time/total: 46:36/02:08:08]: futharksymb [2k]
Installing [1825/5162, time/total: 46:37/02:08:11]: fvextra [17k]
Installing [1826/5162, time/total: 46:38/02:08:13]: fwlw [3k]
Installing [1827/5162, time/total: 46:39/02:08:16]: g-brief [5k]
Installing [1828/5162, time/total: 46:39/02:08:16]: gaceta [18k]
Installing [1829/5162, time/total: 46:40/02:08:18]: galois [3k]
Installing [1830/5162, time/total: 46:41/02:08:21]: gamebook [2k]
Installing [1831/5162, time/total: 46:42/02:08:24]: gamebooklib [4k]
Installing [1832/5162, time/total: 46:43/02:08:27]: gammas [10k]
Installing [1833/5162, time/total: 46:44/02:08:29]: garamond-libre [6975k]
Installing [1834/5162, time/total: 46:48/02:07:13]: garamond-math [398k]
Installing [1835/5162, time/total: 46:50/02:07:13]: garrigues [9k]
Installing [1836/5162, time/total: 46:50/02:07:13]: garuda-c90 [4k]
Installing [1837/5162, time/total: 46:51/02:07:16]: gastex [19k]
Installing [1838/5162, time/total: 46:52/02:07:18]: gates [11k]
Installing [1839/5162, time/total: 46:53/02:07:21]: gatherenum [2k]
Installing [1840/5162, time/total: 46:53/02:07:21]: gauss [17k]
Installing [1841/5162, time/total: 46:54/02:07:24]: gb4e [7k]
Installing [1842/5162, time/total: 46:55/02:07:26]: gb4e-next [2k]
Installing [1843/5162, time/total: 46:56/02:07:29]: gbt7714 [44k]
Installing [1844/5162, time/total: 46:57/02:07:31]: gbt9704 [5k]
Installing [1845/5162, time/total: 46:58/02:07:34]: gcard [2k]
Installing [1846/5162, time/total: 46:59/02:07:36]: gchords [4k]
Installing [1847/5162, time/total: 47:00/02:07:39]: gcite [2k]
Installing [1848/5162, time/total: 47:01/02:07:42]: gckanbun [8k]
Installing [1849/5162, time/total: 47:01/02:07:42]: geist-font [7451k]
Installing [1850/5162, time/total: 47:06/02:06:24]: gelasio [1529k]
Installing [1851/5162, time/total: 47:10/02:06:16]: gelasiomath [125k]
Installing [1852/5162, time/total: 47:11/02:06:17]: gender [2k]
Installing [1853/5162, time/total: 47:12/02:06:20]: gene-logic [2k]
Installing [1854/5162, time/total: 47:13/02:06:22]: genealogy [3k]
Installing [1855/5162, time/total: 47:14/02:06:25]: genealogy-profiles [8k]
Installing [1856/5162, time/total: 47:15/02:06:28]: genealogytree [37k]
Installing [1857/5162, time/total: 47:17/02:06:33]: genmpage [3k]
Installing [1858/5162, time/total: 47:18/02:06:35]: gensymb [3k]
Installing [1859/5162, time/total: 47:19/02:06:38]: gentium-otf [3k]
Installing [1860/5162, time/total: 47:20/02:06:40]: gentium-sil [15166k]
Installing [1861/5162, time/total: 47:26/02:03:56]: gentle [1k]
Installing [1862/5162, time/total: 47:27/02:03:59]: gentombow [11k]
Installing [1863/5162, time/total: 47:28/02:04:02]: geometry [9k]
Installing [1864/5162, time/total: 47:29/02:04:04]: geradwp [6k]
Installing [1865/5162, time/total: 47:30/02:04:07]: german [7k]
Installing [1866/5162, time/total: 47:31/02:04:09]: germbib [12k]
Installing [1867/5162, time/total: 47:32/02:04:12]: germkorr [3k]
Installing [1868/5162, time/total: 47:33/02:04:14]: geschichtsfrkl [6k]
Installing [1869/5162, time/total: 47:33/02:04:14]: getfiledate [3k]
Installing [1870/5162, time/total: 47:34/02:04:17]: getitems [2k]
Installing [1871/5162, time/total: 47:35/02:04:19]: getmap [8k]
Installing [1872/5162, time/total: 47:36/02:04:22]: getmap.windows [3k]
Installing [1873/5162, time/total: 47:37/02:04:24]: getoptk [5k]
Installing [1874/5162, time/total: 47:38/02:04:27]: gettitlestring [3k]
Installing [1875/5162, time/total: 47:39/02:04:30]: gfdl [13k]
Installing [1876/5162, time/total: 47:40/02:04:32]: gfnotation [15k]
Installing [1877/5162, time/total: 47:41/02:04:34]: gfsartemisia [959k]
Installing [1878/5162, time/total: 47:44/02:04:31]: gfsbaskerville [114k]
Installing [1879/5162, time/total: 47:45/02:04:32]: gfsbodoni [886k]
Installing [1880/5162, time/total: 47:48/02:04:30]: gfscomplutum [121k]
Installing [1881/5162, time/total: 47:50/02:04:34]: gfsdidot [1312k]
Installing [1882/5162, time/total: 47:53/02:04:26]: gfsdidotclassic [30k]
Installing [1883/5162, time/total: 47:54/02:04:29]: gfsneohellenic [955k]
Installing [1884/5162, time/total: 47:56/02:04:23]: gfsneohellenicmath [290k]
Installing [1885/5162, time/total: 47:58/02:04:25]: gfsporson [123k]
Installing [1886/5162, time/total: 47:59/02:04:26]: gfssolomos [101k]
Installing [1887/5162, time/total: 48:01/02:04:30]: ghab [3k]
Installing [1888/5162, time/total: 48:02/02:04:32]: ghsystem [1791k]
Installing [1889/5162, time/total: 48:04/02:04:17]: gia-handout [4k]
Installing [1890/5162, time/total: 48:04/02:04:17]: gillcm [14k]
Installing [1891/5162, time/total: 48:05/02:04:19]: gillius [920k]
Installing [1892/5162, time/total: 48:08/02:04:16]: gincltex [2k]
Installing [1893/5162, time/total: 48:09/02:04:19]: gindex [3k]
Installing [1894/5162, time/total: 48:10/02:04:22]: ginpenc [3k]
Installing [1895/5162, time/total: 48:11/02:04:24]: git-latexdiff [9k]
Installing [1896/5162, time/total: 48:12/02:04:27]: gitfile-info [3k]
Installing [1897/5162, time/total: 48:13/02:04:29]: gitinfo [2k]
Installing [1898/5162, time/total: 48:14/02:04:32]: gitinfo-lua [6k]
Installing [1899/5162, time/total: 48:15/02:04:34]: gitinfo2 [4k]
Installing [1900/5162, time/total: 48:15/02:04:34]: gitlog [3k]
Installing [1901/5162, time/total: 48:16/02:04:37]: gitstatus [2k]
Installing [1902/5162, time/total: 48:17/02:04:39]: gitver [3k]
Installing [1903/5162, time/total: 48:18/02:04:42]: glmatrix [9k]
Installing [1904/5162, time/total: 48:19/02:04:44]: globalvals [2k]
Installing [1905/5162, time/total: 48:20/02:04:47]: glosmathtools [4k]
Installing [1906/5162, time/total: 48:21/02:04:49]: gloss [5k]
Installing [1907/5162, time/total: 48:22/02:04:52]: gloss-occitan [1k]
Installing [1908/5162, time/total: 48:23/02:04:55]: glossaries [106k]
Installing [1909/5162, time/total: 48:24/02:04:56]: glossaries-danish [2k]
Installing [1910/5162, time/total: 48:25/02:04:59]: glossaries-dutch [2k]
Installing [1911/5162, time/total: 48:26/02:05:01]: glossaries-english [2k]
Installing [1912/5162, time/total: 48:27/02:05:04]: glossaries-estonian [2k]
Installing [1913/5162, time/total: 48:27/02:05:04]: glossaries-extra [105k]
Installing [1914/5162, time/total: 48:29/02:05:08]: glossaries-finnish [2k]
Installing [1915/5162, time/total: 48:30/02:05:10]: glossaries-french [2k]
Installing [1916/5162, time/total: 48:31/02:05:13]: glossaries-german [2k]
Installing [1917/5162, time/total: 48:32/02:05:15]: glossaries-irish [2k]
Installing [1918/5162, time/total: 48:33/02:05:18]: glossaries-italian [2k]
Installing [1919/5162, time/total: 48:34/02:05:20]: glossaries-magyar [2k]
Installing [1920/5162, time/total: 48:35/02:05:23]: glossaries-norsk [2k]
Installing [1921/5162, time/total: 48:36/02:05:25]: glossaries-nynorsk [2k]
Installing [1922/5162, time/total: 48:36/02:05:25]: glossaries-polish [2k]
Installing [1923/5162, time/total: 48:37/02:05:28]: glossaries-portuges [2k]
Installing [1924/5162, time/total: 48:38/02:05:31]: glossaries-serbian [2k]
Installing [1925/5162, time/total: 48:39/02:05:33]: glossaries-slovene [2k]
Installing [1926/5162, time/total: 48:40/02:05:36]: glossaries-spanish [2k]
Installing [1927/5162, time/total: 48:41/02:05:38]: glossaries-ukrainian [2k]
Installing [1928/5162, time/total: 48:43/02:05:43]: glossaries.windows [3k]
Installing [1929/5162, time/total: 48:44/02:05:46]: glyphlist [25k]
Installing [1930/5162, time/total: 48:46/02:05:51]: gmdoc [46k]
Installing [1931/5162, time/total: 48:47/02:05:53]: gmdoc-enhance [4k]
Installing [1932/5162, time/total: 48:48/02:05:55]: gmiflink [4k]
Installing [1933/5162, time/total: 48:49/02:05:58]: gmp [4k]
Installing [1934/5162, time/total: 48:50/02:06:01]: gmutils [65k]
Installing [1935/5162, time/total: 48:52/02:06:05]: gmverb [16k]
Installing [1936/5162, time/total: 48:53/02:06:07]: gmverse [11k]
Installing [1937/5162, time/total: 48:54/02:06:10]: gnu-freefont [6928k]
Installing [1938/5162, time/total: 48:59/02:05:03]: gnuplottex [4k]
Installing [1939/5162, time/total: 49:00/02:05:05]: go [9k]
Installing [1940/5162, time/total: 49:02/02:05:10]: gobble [2k]
Installing [1941/5162, time/total: 49:03/02:05:13]: gofonts [1330k]
Installing [1942/5162, time/total: 49:06/02:05:05]: gost [18k]
Installing [1943/5162, time/total: 49:07/02:05:08]: gothic [127k]
Installing [1944/5162, time/total: 49:09/02:05:11]: gotoh [3k]
Installing [1945/5162, time/total: 49:10/02:05:14]: grabbox [2k]
Installing [1946/5162, time/total: 49:11/02:05:16]: gradient-text [2k]
Installing [1947/5162, time/total: 49:12/02:05:19]: gradientframe [2k]
Installing [1948/5162, time/total: 49:13/02:05:21]: grading-scheme [5k]
Installing [1949/5162, time/total: 49:14/02:05:24]: gradstudentresume [2k]
Installing [1950/5162, time/total: 49:15/02:05:26]: grafcet [4k]
Installing [1951/5162, time/total: 49:16/02:05:29]: grant [6k]
Installing [1952/5162, time/total: 49:18/02:05:34]: graph-theory-symbol [3k]
Installing [1953/5162, time/total: 49:19/02:05:36]: graph35 [22k]
Installing [1954/5162, time/total: 49:20/02:05:39]: graphbox [2k]
Installing [1955/5162, time/total: 49:22/02:05:44]: graphics [16k]
Installing [1956/5162, time/total: 49:24/02:05:49]: graphics-cfg [2k]
Installing [1957/5162, time/total: 49:25/02:05:51]: graphics-def [11k]
Installing [1958/5162, time/total: 49:28/02:05:59]: graphics-pln [9k]
Installing [1959/5162, time/total: 49:30/02:06:04]: graphicscache [4k]
Installing [1960/5162, time/total: 49:30/02:06:04]: graphicx-psmin [3k]
Installing [1961/5162, time/total: 49:32/02:06:09]: graphicxbox [2k]
Installing [1962/5162, time/total: 49:33/02:06:11]: graphicxpsd [3k]
Installing [1963/5162, time/total: 49:34/02:06:14]: graphpaper [5k]
Installing [1964/5162, time/total: 49:36/02:06:19]: graphviz [2k]
Installing [1965/5162, time/total: 49:37/02:06:21]: gratzer-color-scheme [1k]
Installing [1966/5162, time/total: 49:38/02:06:24]: grayhints [4k]
Installing [1967/5162, time/total: 49:39/02:06:26]: greek-fontenc [33k]
Installing [1968/5162, time/total: 49:40/02:06:29]: greek-inputenc [7k]
Installing [1969/5162, time/total: 49:42/02:06:34]: greekdates [4k]
Installing [1970/5162, time/total: 49:43/02:06:36]: greektex [6k]
Installing [1971/5162, time/total: 49:44/02:06:39]: greektonoi [37k]
Installing [1972/5162, time/total: 49:46/02:06:43]: greenpoint [2k]
Installing [1973/5162, time/total: 49:47/02:06:46]: gregoriotex [18317k]
Installing [1974/5162, time/total: 49:55/02:03:40]: gregoriotex.windows [325k]
Installing [1975/5162, time/total: 49:57/02:03:41]: grfext [3k]
Installing [1976/5162, time/total: 49:58/02:03:43]: grffile [4k]
Installing [1977/5162, time/total: 50:00/02:03:48]: grfpaste [4k]
Installing [1978/5162, time/total: 50:01/02:03:51]: grid [4k]
Installing [1979/5162, time/total: 50:02/02:03:53]: grid-system [2k]
Installing [1980/5162, time/total: 50:02/02:03:53]: gridpapers [6k]
Installing [1981/5162, time/total: 50:04/02:03:58]: gridset [3k]
Installing [1982/5162, time/total: 50:05/02:04:01]: gridslides [3k]
Installing [1983/5162, time/total: 50:07/02:04:05]: grotesq [47k]
Installing [1984/5162, time/total: 50:08/02:04:07]: grundgesetze [3k]
Installing [1985/5162, time/total: 50:10/02:04:12]: gs1 [4k]
Installing [1986/5162, time/total: 50:11/02:04:15]: gsemthesis [3k]
Installing [1987/5162, time/total: 50:12/02:04:17]: gsftopk [4k]
Installing [1988/5162, time/total: 50:13/02:04:20]: gsftopk.windows [14k]
Installing [1989/5162, time/total: 50:15/02:04:24]: gtl [4k]
Installing [1990/5162, time/total: 50:16/02:04:27]: gtrcrd [4k]
Installing [1991/5162, time/total: 50:17/02:04:29]: gtrlib-largetrees [3k]
Installing [1992/5162, time/total: 50:18/02:04:32]: gu [6k]
Installing [1993/5162, time/total: 50:19/02:04:34]: gudea [179k]
Installing [1994/5162, time/total: 50:22/02:04:40]: guide-to-latex [1k]
Installing [1995/5162, time/total: 50:24/02:04:45]: guitar [3k]
Installing [1996/5162, time/total: 50:25/02:04:47]: guitarchordschemes [5k]
Installing [1997/5162, time/total: 50:26/02:04:50]: guitartabs [3k]
Installing [1998/5162, time/total: 50:27/02:04:52]: guitlogo [4k]
Installing [1999/5162, time/total: 50:29/02:04:57]: gustlib [40k]
Installing [2000/5162, time/total: 50:30/02:04:59]: gustprog [1k]
Installing [2001/5162, time/total: 50:32/02:05:04]: gzt [35k]
Installing [2002/5162, time/total: 50:34/02:05:08]: h2020proposal [9k]
Installing [2003/5162, time/total: 50:34/02:05:08]: ha-prosper [28k]
Installing [2004/5162, time/total: 50:36/02:05:13]: hackthefootline [5k]
Installing [2005/5162, time/total: 50:37/02:05:15]: hacm [221k]
Installing [2006/5162, time/total: 50:39/02:05:18]: hadith [6759k]
Installing [2007/5162, time/total: 50:45/02:04:18]: hagenberg-thesis [25k]
Installing [2008/5162, time/total: 50:46/02:04:21]: halloweenmath [9k]
Installing [2009/5162, time/total: 50:48/02:04:25]: hamnosys [21k]
Installing [2010/5162, time/total: 50:49/02:04:28]: handin [4k]
Installing [2011/5162, time/total: 50:50/02:04:30]: handout [3k]
Installing [2012/5162, time/total: 50:51/02:04:32]: handoutwithnotes [4k]
Installing [2013/5162, time/total: 50:52/02:04:35]: hands [3k]
Installing [2014/5162, time/total: 50:53/02:04:37]: handstroke [2k]
Installing [2015/5162, time/total: 50:55/02:04:42]: hang [2k]
Installing [2016/5162, time/total: 50:55/02:04:42]: hanging [2k]
Installing [2017/5162, time/total: 50:56/02:04:45]: hanoi [2k]
Installing [2018/5162, time/total: 50:57/02:04:47]: hanzibox [8k]
Installing [2019/5162, time/total: 50:58/02:04:49]: happy4th [1k]
Installing [2020/5162, time/total: 50:59/02:04:52]: har2nat [2k]
Installing [2021/5162, time/total: 51:01/02:04:57]: haranoaji [25645k]
Installing [2022/5162, time/total: 51:08/02:00:42]: haranoaji-extra [25491k]
Installing [2023/5162, time/total: 51:16/01:56:49]: hardwrap [3k]
Installing [2024/5162, time/total: 51:17/01:56:52]: harmony [3k]
Installing [2025/5162, time/total: 51:18/01:56:54]: harnon-cv [3k]
Installing [2026/5162, time/total: 51:19/01:56:56]: harpoon [2k]
Installing [2027/5162, time/total: 51:20/01:56:59]: harvard [16k]
Installing [2028/5162, time/total: 51:22/01:57:03]: harveyballs [2k]
Installing [2029/5162, time/total: 51:23/01:57:05]: harvmac [6k]
Installing [2030/5162, time/total: 51:24/01:57:07]: hatching [2k]
Installing [2031/5162, time/total: 51:25/01:57:10]: hausarbeit-jura [6k]
Installing [2032/5162, time/total: 51:27/01:57:14]: havannah [3k]
Installing [2033/5162, time/total: 51:27/01:57:14]: hawkdraw [30k]
Installing [2034/5162, time/total: 51:29/01:57:18]: hc [13k]
Installing [2035/5162, time/total: 51:30/01:57:21]: hduthesis [253k]
Installing [2036/5162, time/total: 51:33/01:57:25]: he-she [4k]
Installing [2037/5162, time/total: 51:34/01:57:27]: hebdomon [4k]
Installing [2038/5162, time/total: 51:35/01:57:30]: hebrew-fonts [7k]
Installing [2039/5162, time/total: 51:36/01:57:32]: hecthese [4k]
Installing [2040/5162, time/total: 51:38/01:57:36]: helmholtz-ellis-ji-notation [17k]
Installing [2041/5162, time/total: 51:38/01:57:36]: helvetic [527k]
Installing [2042/5162, time/total: 51:41/01:57:38]: hep [3k]
Installing [2043/5162, time/total: 51:42/01:57:40]: hep-acronym [3k]
Installing [2044/5162, time/total: 51:43/01:57:42]: hep-bibliography [4k]
Installing [2045/5162, time/total: 51:45/01:57:47]: hep-float [2k]
Installing [2046/5162, time/total: 51:46/01:57:49]: hep-font [3k]
Installing [2047/5162, time/total: 51:47/01:57:51]: hep-graphic [4k]
Installing [2048/5162, time/total: 51:49/01:57:56]: hep-math [4k]
Installing [2049/5162, time/total: 51:49/01:57:56]: hep-math-font [4k]
Installing [2050/5162, time/total: 51:50/01:57:58]: hep-paper [4k]
Installing [2051/5162, time/total: 51:51/01:58:00]: hep-reference [2k]
Installing [2052/5162, time/total: 51:52/01:58:03]: hep-text [2k]
Installing [2053/5162, time/total: 51:53/01:58:05]: hep-title [5k]
Installing [2054/5162, time/total: 51:54/01:58:07]: hepnames [7k]
Installing [2055/5162, time/total: 51:56/01:58:12]: hepparticles [5k]
Installing [2056/5162, time/total: 51:57/01:58:14]: hepthesis [8k]
Installing [2057/5162, time/total: 51:58/01:58:16]: hepunits [2k]
Installing [2058/5162, time/total: 51:59/01:58:18]: here [1k]
Installing [2059/5162, time/total: 52:00/01:58:21]: hereapplies [6k]
Installing [2060/5162, time/total: 52:01/01:58:23]: heria [20k]
Installing [2061/5162, time/total: 52:02/01:58:25]: heros-otf [3k]
Installing [2062/5162, time/total: 52:03/01:58:27]: hershey-mp [2k]
Installing [2063/5162, time/total: 52:04/01:58:29]: heuristica [1054k]
Installing [2064/5162, time/total: 52:06/01:58:24]: hexboard [4k]
Installing [2065/5162, time/total: 52:07/01:58:26]: hexdumptikz [11k]
Installing [2066/5162, time/total: 52:08/01:58:28]: hexgame [2k]
Installing [2067/5162, time/total: 52:08/01:58:28]: hf-tikz [4k]
Installing [2068/5162, time/total: 52:09/01:58:30]: hfbright [814k]
Installing [2069/5162, time/total: 52:11/01:58:27]: hfoldsty [168k]
Installing [2070/5162, time/total: 52:13/01:58:30]: hfutexam [5k]
Installing [2071/5162, time/total: 52:14/01:58:32]: hfutthesis [25k]
Installing [2072/5162, time/total: 52:16/01:58:37]: hhtensor [2k]
Installing [2073/5162, time/total: 52:17/01:58:39]: hicite [65k]
Installing [2074/5162, time/total: 52:18/01:58:41]: hideanswer [2k]
Installing [2075/5162, time/total: 52:19/01:58:43]: hideproofs [4k]
Installing [2076/5162, time/total: 52:20/01:58:45]: highlightlatex [4k]
Installing [2077/5162, time/total: 52:21/01:58:47]: highlightx [4k]
Installing [2078/5162, time/total: 52:22/01:58:49]: hindawi-latex-template [1k]
Installing [2079/5162, time/total: 52:24/01:58:54]: hindmadurai [1164k]
Installing [2080/5162, time/total: 52:27/01:58:50]: histogr [2k]
Installing [2081/5162, time/total: 52:28/01:58:52]: historische-zeitschrift [6k]
Installing [2082/5162, time/total: 52:30/01:58:56]: hitec [6k]
Installing [2083/5162, time/total: 52:31/01:58:59]: hitex [6k]
Installing [2084/5162, time/total: 52:31/01:58:58]: hitex.windows [1356k]
Installing [2085/5162, time/total: 52:35/01:58:54]: hithesis [26k]
Installing [2086/5162, time/total: 52:36/01:58:56]: hitreport [11k]
Installing [2087/5162, time/total: 52:38/01:59:01]: hitszbeamer [12k]
Installing [2088/5162, time/total: 52:39/01:59:03]: hitszthesis [25k]
Installing [2089/5162, time/total: 52:41/01:59:07]: hletter [9k]
Installing [2090/5162, time/total: 52:42/01:59:10]: hlist [10k]
Installing [2091/5162, time/total: 52:43/01:59:12]: hmtrump [19k]
Installing [2092/5162, time/total: 52:44/01:59:14]: hobby [10k]
Installing [2093/5162, time/total: 52:45/01:59:16]: hobete [7k]
Installing [2094/5162, time/total: 52:47/01:59:20]: hobsub [2k]
Installing [2095/5162, time/total: 52:48/01:59:23]: hologo [11k]
Installing [2096/5162, time/total: 52:49/01:59:25]: homework [4k]
Installing [2097/5162, time/total: 52:50/01:59:27]: hook-pre-commit-pkg [1k]
Installing [2098/5162, time/total: 52:52/01:59:32]: hopatch [3k]
Installing [2099/5162, time/total: 52:53/01:59:34]: horoscop [11k]
Installing [2100/5162, time/total: 52:53/01:59:34]: hpsdiss [6k]
Installing [2101/5162, time/total: 52:54/01:59:36]: href-ul [2k]
Installing [2102/5162, time/total: 52:55/01:59:38]: hrefhide [3k]
Installing [2103/5162, time/total: 52:56/01:59:40]: hrlatex [4k]
Installing [2104/5162, time/total: 52:57/01:59:43]: hu-berlin-bundle [9k]
Installing [2105/5162, time/total: 52:58/01:59:45]: huawei [255k]
Installing [2106/5162, time/total: 53:00/01:59:47]: huaz [8k]
Installing [2107/5162, time/total: 53:01/01:59:49]: huffman [4k]
Installing [2108/5162, time/total: 53:02/01:59:51]: hulipsum [55k]
Installing [2109/5162, time/total: 53:04/01:59:55]: hust-beamer [7k]
Installing [2110/5162, time/total: 53:05/01:59:57]: hustthesis [15k]
Installing [2111/5162, time/total: 53:06/02:00:00]: hustvisual [39k]
Installing [2112/5162, time/total: 53:07/02:00:01]: hvarabic [2k]
Installing [2113/5162, time/total: 53:08/02:00:04]: hvextern [10k]
Installing [2114/5162, time/total: 53:09/02:00:06]: hvfloat [15k]
Installing [2115/5162, time/total: 53:10/02:00:08]: hvindex [2k]
Installing [2116/5162, time/total: 53:11/02:00:10]: hvlogos [23k]
Installing [2117/5162, time/total: 53:12/02:00:12]: hvpygmentex [4k]
Installing [2118/5162, time/total: 53:13/02:00:14]: hvqrurl [2k]
Installing [2119/5162, time/total: 53:14/02:00:17]: hwemoji [4175k]
Installing [2120/5162, time/total: 53:18/01:59:45]: hycolor [4k]
Installing [2121/5162, time/total: 53:19/01:59:48]: hypcap [3k]
Installing [2122/5162, time/total: 53:20/01:59:50]: hypdestopt [3k]
Installing [2123/5162, time/total: 53:21/01:59:52]: hypdoc [4k]
Installing [2124/5162, time/total: 53:22/01:59:54]: hypdvips [24k]
Installing [2125/5162, time/total: 53:24/01:59:58]: hyper [16k]
Installing [2126/5162, time/total: 53:25/02:00:01]: hyperbar [3k]
Installing [2127/5162, time/total: 53:26/02:00:03]: hypernat [2k]
Installing [2128/5162, time/total: 53:27/02:00:05]: hyperref [88k]
Installing [2129/5162, time/total: 53:29/02:00:09]: hyperxmp [15k]
Installing [2130/5162, time/total: 53:30/02:00:11]: hyperxmp.windows [3k]
Installing [2131/5162, time/total: 53:32/02:00:15]: hyph-utf8 [16k]
Installing [2132/5162, time/total: 53:33/02:00:17]: hyphen-afrikaans [37k]
Installing [2133/5162, time/total: 53:35/02:00:21]: hyphen-albanian [4k]
Installing [2134/5162, time/total: 53:36/02:00:24]: hyphen-ancientgreek [38k]
Installing [2135/5162, time/total: 53:37/02:00:26]: hyphen-arabic [1k]
Installing [2136/5162, time/total: 53:39/02:00:30]: hyphen-armenian [3k]
Installing [2137/5162, time/total: 53:41/02:00:35]: hyphen-basque [4k]
Installing [2138/5162, time/total: 53:42/02:00:37]: hyphen-belarusian [12k]
Installing [2139/5162, time/total: 53:44/02:00:41]: hyphen-bulgarian [28k]
Installing [2140/5162, time/total: 53:46/02:00:45]: hyphen-catalan [5k]
Installing [2141/5162, time/total: 53:47/02:00:48]: hyphen-chinese [4k]
Installing [2142/5162, time/total: 53:48/02:00:50]: hyphen-churchslavonic [31k]
Installing [2143/5162, time/total: 53:50/02:00:54]: hyphen-coptic [7k]
Installing [2144/5162, time/total: 53:51/02:00:56]: hyphen-croatian [6k]
Installing [2145/5162, time/total: 53:52/02:00:58]: hyphen-czech [16k]
Installing [2146/5162, time/total: 53:54/02:01:03]: hyphen-danish [6k]
Installing [2147/5162, time/total: 53:55/02:01:05]: hyphen-dutch [38k]
Installing [2148/5162, time/total: 53:57/02:01:09]: hyphen-english [41k]
Installing [2149/5162, time/total: 53:59/02:01:13]: hyphen-esperanto [11k]
Installing [2150/5162, time/total: 54:00/02:01:15]: hyphen-estonian [15k]
Installing [2151/5162, time/total: 54:02/02:01:20]: hyphen-ethiopic [5k]
Installing [2152/5162, time/total: 54:03/02:01:22]: hyphen-farsi [1k]
Installing [2153/5162, time/total: 54:05/02:01:26]: hyphen-finnish [5k]
Installing [2154/5162, time/total: 54:06/02:01:28]: hyphen-french [12k]
Installing [2155/5162, time/total: 54:08/02:01:33]: hyphen-friulan [4k]
Installing [2156/5162, time/total: 54:09/02:01:35]: hyphen-galician [11k]
Installing [2157/5162, time/total: 54:10/02:01:37]: hyphen-georgian [11k]
Installing [2158/5162, time/total: 54:11/02:01:39]: hyphen-german [225k]
Installing [2159/5162, time/total: 54:14/02:01:44]: hyphen-greek [13k]
Installing [2160/5162, time/total: 54:15/02:01:46]: hyphen-hebrew [1k]
Installing [2161/5162, time/total: 54:17/02:01:51]: hyphen-hungarian [279k]
Installing [2162/5162, time/total: 54:19/02:01:52]: hyphen-icelandic [20k]
Installing [2163/5162, time/total: 54:21/02:01:57]: hyphen-indic [6k]
Installing [2164/5162, time/total: 54:22/02:01:59]: hyphen-indonesian [3k]
Installing [2165/5162, time/total: 54:24/02:02:03]: hyphen-interlingua [3k]
Installing [2166/5162, time/total: 54:25/02:02:05]: hyphen-irish [30k]
Installing [2167/5162, time/total: 54:27/02:02:10]: hyphen-italian [4k]
Installing [2168/5162, time/total: 54:28/02:02:12]: hyphen-kazakh [5k]
Installing [2169/5162, time/total: 54:29/02:02:14]: hyphen-kurmanji [3k]
Installing [2170/5162, time/total: 54:30/02:02:16]: hyphen-latin [100k]
Installing [2171/5162, time/total: 54:32/02:02:20]: hyphen-latvian [52k]
Installing [2172/5162, time/total: 54:34/02:02:24]: hyphen-lithuanian [8k]
Installing [2173/5162, time/total: 54:35/02:02:26]: hyphen-macedonian [6k]
Installing [2174/5162, time/total: 54:37/02:02:30]: hyphen-mongolian [11k]
Installing [2175/5162, time/total: 54:38/02:02:33]: hyphen-norwegian [94k]
Installing [2176/5162, time/total: 54:40/02:02:36]: hyphen-occitan [4k]
Installing [2177/5162, time/total: 54:42/02:02:41]: hyphen-piedmontese [4k]
Installing [2178/5162, time/total: 54:43/02:02:43]: hyphen-polish [13k]
Installing [2179/5162, time/total: 54:44/02:02:45]: hyphen-portuguese [4k]
Installing [2180/5162, time/total: 54:46/02:02:49]: hyphen-romanian [5k]
Installing [2181/5162, time/total: 54:47/02:02:51]: hyphen-romansh [5k]
Installing [2182/5162, time/total: 54:51/02:03:00]: hyphen-russian [34k]
Installing [2183/5162, time/total: 54:53/02:03:05]: hyphen-sanskrit [4k]
Installing [2184/5162, time/total: 54:55/02:03:09]: hyphen-serbian [25k]
Installing [2185/5162, time/total: 54:57/02:03:13]: hyphen-slovak [11k]
Installing [2186/5162, time/total: 54:58/02:03:15]: hyphen-slovenian [7k]
Installing [2187/5162, time/total: 55:00/02:03:20]: hyphen-spanish [17k]
Installing [2188/5162, time/total: 55:01/02:03:22]: hyphen-swedish [18k]
Installing [2189/5162, time/total: 55:03/02:03:26]: hyphen-thai [33k]
Installing [2190/5162, time/total: 55:05/02:03:30]: hyphen-turkish [4k]
Installing [2191/5162, time/total: 55:07/02:03:35]: hyphen-turkmen [7k]
Installing [2192/5162, time/total: 55:10/02:03:42]: hyphen-ukrainian [19k]
Installing [2193/5162, time/total: 55:12/02:03:46]: hyphen-uppersorbian [6k]
Installing [2194/5162, time/total: 55:13/02:03:48]: hyphen-vietnamese [1k]
Installing [2195/5162, time/total: 55:15/02:03:52]: hyphen-welsh [20k]
Installing [2196/5162, time/total: 55:16/02:03:55]: hyphenat [2k]
Installing [2197/5162, time/total: 55:18/02:03:59]: hyphenex [9k]
Installing [2198/5162, time/total: 55:19/02:04:01]: hyplain [4k]
Installing [2199/5162, time/total: 55:21/02:04:06]: iacrj [10k]
Installing [2200/5162, time/total: 55:22/02:04:08]: iaria [3k]
Installing [2201/5162, time/total: 55:23/02:04:10]: iaria-lite [2k]
Installing [2202/5162, time/total: 55:25/02:04:14]: ibarra [770k]
Installing [2203/5162, time/total: 55:28/02:04:13]: ibrackets [2k]
Installing [2204/5162, time/total: 55:30/02:04:18]: ibycus-babel [3k]
Installing [2205/5162, time/total: 55:31/02:04:20]: ibygrk [136k]
Installing [2206/5162, time/total: 55:34/02:04:26]: icite [3k]
Installing [2207/5162, time/total: 55:35/02:04:28]: icsv [4k]
Installing [2208/5162, time/total: 55:36/02:04:30]: ideavault [4k]
Installing [2209/5162, time/total: 55:38/02:04:34]: identkey [2k]
Installing [2210/5162, time/total: 55:40/02:04:39]: idxcmds [3k]
Installing [2211/5162, time/total: 55:41/02:04:41]: idxlayout [3k]
Installing [2212/5162, time/total: 55:42/02:04:43]: ieeeconf [3k]
Installing [2213/5162, time/total: 55:44/02:04:48]: ieeepes [10k]
Installing [2214/5162, time/total: 55:45/02:04:50]: ieeetran [88k]
Installing [2215/5162, time/total: 55:47/02:04:54]: ieejtran [18k]
Installing [2216/5162, time/total: 55:48/02:04:56]: ietfbibs [1k]
Installing [2217/5162, time/total: 55:50/02:05:00]: iexec [3k]
Installing [2218/5162, time/total: 55:51/02:05:02]: ifallfalse [2k]
Installing [2219/5162, time/total: 55:53/02:05:07]: iffont [2k]
Installing [2220/5162, time/total: 55:54/02:05:09]: ifis-macros [4k]
Installing [2221/5162, time/total: 55:55/02:05:11]: ifmslide [238k]
Installing [2222/5162, time/total: 55:57/02:05:13]: ifmtarg [1k]
Installing [2223/5162, time/total: 55:59/02:05:18]: ifnextok [11k]
Installing [2224/5162, time/total: 56:00/02:05:20]: ifoddpage [2k]
Installing [2225/5162, time/total: 56:01/02:05:22]: ifplatform [2k]
Installing [2226/5162, time/total: 56:03/02:05:27]: ifptex [5k]
Installing [2227/5162, time/total: 56:04/02:05:29]: ifsym [10k]
Installing [2228/5162, time/total: 56:06/02:05:33]: iftex [4k]
Installing [2229/5162, time/total: 56:06/02:05:33]: ifthenx [5k]
Installing [2230/5162, time/total: 56:08/02:05:38]: ifxptex [2k]
Installing [2231/5162, time/total: 56:09/02:05:40]: iitem [2k]
Installing [2232/5162, time/total: 56:10/02:05:42]: ijmart [11k]
Installing [2233/5162, time/total: 56:12/02:05:46]: ijqc [6k]
Installing [2234/5162, time/total: 56:13/02:05:49]: ijsra [309k]
Installing [2235/5162, time/total: 56:17/02:05:54]: imac [7k]
Installing [2236/5162, time/total: 56:18/02:05:57]: image-gallery [2k]
Installing [2237/5162, time/total: 56:19/02:05:59]: imakeidx [4k]
Installing [2238/5162, time/total: 56:20/02:06:01]: imfellenglish [3023k]
Installing [2239/5162, time/total: 56:25/02:05:42]: impatient [1k]
Installing [2240/5162, time/total: 56:26/02:05:44]: impatient-cn [1k]
Installing [2241/5162, time/total: 56:27/02:05:46]: impatient-fr [1k]
Installing [2242/5162, time/total: 56:28/02:05:48]: impnattypo [4k]
Installing [2243/5162, time/total: 56:30/02:05:53]: import [3k]
Installing [2244/5162, time/total: 56:31/02:05:55]: imsproc [15k]
Installing [2245/5162, time/total: 56:32/02:05:57]: imtekda [5k]
Installing [2246/5162, time/total: 56:34/02:06:01]: incgraph [6k]
Installing [2247/5162, time/total: 56:35/02:06:04]: includernw [4k]
Installing [2248/5162, time/total: 56:37/02:06:08]: inconsolata [293k]
Installing [2249/5162, time/total: 56:39/02:06:10]: inconsolata-nerd-font [2544k]
Installing [2250/5162, time/total: 56:44/02:05:55]: index [4k]
Installing [2251/5162, time/total: 56:46/02:06:00]: indextools [5k]
Installing [2252/5162, time/total: 56:47/02:06:02]: indextra [4k]
Installing [2253/5162, time/total: 56:49/02:06:06]: infufrgs [10k]
Installing [2254/5162, time/total: 56:49/02:06:06]: infwarerr [3k]
Installing [2255/5162, time/total: 56:51/02:06:10]: initials [3060k]
Installing [2256/5162, time/total: 56:55/02:05:49]: inkpaper [3k]
Installing [2257/5162, time/total: 56:57/02:05:53]: inline-images [1k]
Installing [2258/5162, time/total: 56:58/02:05:55]: inlinebib [7k]
Installing [2259/5162, time/total: 57:00/02:06:00]: inlinedef [4k]
Installing [2260/5162, time/total: 57:01/02:06:02]: inlinegraphicx [3k]
Installing [2261/5162, time/total: 57:02/02:06:04]: inlinelabel [2k]
Installing [2262/5162, time/total: 57:03/02:06:06]: innerscript [4k]
Installing [2263/5162, time/total: 57:05/02:06:11]: inputenx [30k]
Installing [2264/5162, time/total: 57:06/02:06:13]: inputnormalization [2k]
Installing [2265/5162, time/total: 57:08/02:06:17]: inputtrc [3k]
Installing [2266/5162, time/total: 57:09/02:06:19]: inriafonts [2099k]
Installing [2267/5162, time/total: 57:17/02:06:16]: insbox [3k]
Installing [2268/5162, time/total: 57:19/02:06:20]: inspirehep [7k]
Installing [2269/5162, time/total: 57:20/02:06:22]: install-latex-guide-zh-cn [1k]
Installing [2270/5162, time/total: 57:21/02:06:25]: installfont [5k]
Installing [2271/5162, time/total: 57:22/02:06:27]: installfont.windows [3k]
Installing [2272/5162, time/total: 57:23/02:06:29]: intcalc [6k]
Installing [2273/5162, time/total: 57:24/02:06:31]: integramme [9k]
Installing [2274/5162, time/total: 57:25/02:06:33]: inter [13144k]
Installing [2275/5162, time/total: 57:31/02:04:37]: interactiveworkbook [6k]
Installing [2276/5162, time/total: 57:32/02:04:39]: interchar [6k]
Installing [2277/5162, time/total: 57:33/02:04:41]: interfaces [28k]
Installing [2278/5162, time/total: 57:35/02:04:45]: interlinear [10k]
Installing [2279/5162, time/total: 57:37/02:04:50]: interpreter [7k]
Installing [2280/5162, time/total: 57:39/02:04:54]: interval [2k]
Installing [2281/5162, time/total: 57:40/02:04:56]: intexgral [6k]
Installing [2282/5162, time/total: 57:42/02:05:00]: intopdf [2k]
Installing [2283/5162, time/total: 57:43/02:05:03]: intro-scientific [1k]
Installing [2284/5162, time/total: 57:44/02:05:05]: inversepath [2k]
Installing [2285/5162, time/total: 57:45/02:05:07]: invoice [9k]
Installing [2286/5162, time/total: 57:47/02:05:11]: invoice-class [3k]
Installing [2287/5162, time/total: 57:48/02:05:13]: invoice2 [4k]
Installing [2288/5162, time/total: 57:50/02:05:18]: iodhbwm [40k]
Installing [2289/5162, time/total: 57:52/02:05:22]: ionumbers [5k]
Installing [2290/5162, time/total: 57:53/02:05:24]: iopart-num [8k]
Installing [2291/5162, time/total: 57:54/02:05:26]: ipaex [15494k]
Installing [2292/5162, time/total: 58:03/02:03:17]: ipaex-type1 [12853k]
Installing [2293/5162, time/total: 59:13/02:03:45]: ipsum [15k]
Installing [2294/5162, time/total: 59:15/02:03:49]: iptconf [5k]
Installing [2295/5162, time/total: 59:16/02:03:51]: iran-bibtex [15k]
Installing [2296/5162, time/total: 59:18/02:03:55]: is-bst [10k]
Installing [2297/5162, time/total: 59:19/02:03:57]: iscram [3k]
Installing [2298/5162, time/total: 59:20/02:03:59]: iso [15k]
Installing [2299/5162, time/total: 59:21/02:04:01]: iso10303 [43k]
Installing [2300/5162, time/total: 59:22/02:04:03]: isodate [8k]
Installing [2301/5162, time/total: 59:23/02:04:05]: isodoc [10k]
Installing [2302/5162, time/total: 59:24/02:04:07]: isomath [5k]
Installing [2303/5162, time/total: 59:25/02:04:09]: isonums [3k]
Installing [2304/5162, time/total: 59:26/02:04:11]: isopt [2k]
Installing [2305/5162, time/total: 59:27/02:04:13]: isorot [3k]
Installing [2306/5162, time/total: 59:28/02:04:15]: isosigns [969k]
Installing [2307/5162, time/total: 59:30/02:04:10]: isotope [2k]
Installing [2308/5162, time/total: 59:31/02:04:12]: isphysicalmath [4k]
Installing [2309/5162, time/total: 59:32/02:04:14]: issuulinks [3k]
Installing [2310/5162, time/total: 59:33/02:04:16]: istgame [18k]
Installing [2311/5162, time/total: 59:34/02:04:18]: itnumpar [3k]
Installing [2312/5162, time/total: 59:35/02:04:20]: iwona [3811k]
Installing [2313/5162, time/total: 59:39/02:03:53]: iwonamath [3k]
Installing [2314/5162, time/total: 59:40/02:03:55]: jablantile [4k]
Installing [2315/5162, time/total: 59:41/02:03:57]: jacow [8k]
Installing [2316/5162, time/total: 59:42/02:03:59]: jadetex [30k]
Installing [2317/5162, time/total: 59:43/02:04:01]: jadetex.windows [3k]
Installing [2318/5162, time/total: 59:44/02:04:03]: jamtimes [45k]
Installing [2319/5162, time/total: 59:46/02:04:07]: japanese-mathformulas [22k]
Installing [2320/5162, time/total: 59:47/02:04:09]: japanese-otf [147k]
Installing [2321/5162, time/total: 59:50/02:04:14]: jbact [10k]
Installing [2322/5162, time/total: 59:51/02:04:16]: jetbrainsmono-otf [676k]
Installing [2323/5162, time/total: 59:53/02:04:14]: jeuxcartes [9985k]
Installing [2324/5162, time/total: 59:58/02:02:53]: jfmutil [26k]
Installing [2325/5162, time/total: 01:00:00/02:02:57]: jfmutil.windows [3k]
Installing [2326/5162, time/total: 01:00:00/02:02:57]: jieeetran [18k]
Installing [2327/5162, time/total: 01:00:02/02:03:01]: jiffy [10k]
Installing [2328/5162, time/total: 01:00:02/02:03:01]: jigsaw [2k]
Installing [2329/5162, time/total: 01:00:03/02:03:03]: jkmath [2k]
Installing [2330/5162, time/total: 01:00:04/02:03:05]: jknapltx [9k]
Installing [2331/5162, time/total: 01:00:05/02:03:07]: jlabels [2k]
Installing [2332/5162, time/total: 01:00:06/02:03:09]: jlreq [105k]
Installing [2333/5162, time/total: 01:00:08/02:03:12]: jlreq-deluxe [17k]
Installing [2334/5162, time/total: 01:00:09/02:03:14]: jmb [10k]
Installing [2335/5162, time/total: 01:00:10/02:03:16]: jmlr [18k]
Installing [2336/5162, time/total: 01:00:11/02:03:18]: jmn [40k]
Installing [2337/5162, time/total: 01:00:12/02:03:19]: jmsdelim [3k]
Installing [2338/5162, time/total: 01:00:13/02:03:21]: jneurosci [7k]
Installing [2339/5162, time/total: 01:00:14/02:03:23]: jnuexam [6k]
Installing [2340/5162, time/total: 01:00:15/02:03:25]: jobname-suffix [2k]
Installing [2341/5162, time/total: 01:00:16/02:03:27]: joinbox [4k]
Installing [2342/5162, time/total: 01:00:17/02:03:29]: josefin [1072k]
Installing [2343/5162, time/total: 01:00:20/02:03:26]: jourcl [3k]
Installing [2344/5162, time/total: 01:00:21/02:03:28]: jourrr [3k]
Installing [2345/5162, time/total: 01:00:22/02:03:30]: jouthesis [10k]
Installing [2346/5162, time/total: 01:00:23/02:03:32]: jpneduenumerate [3k]
Installing [2347/5162, time/total: 01:00:24/02:03:34]: jpnedumathsymbols [6k]
Installing [2348/5162, time/total: 01:00:24/02:03:34]: jpsj [8k]
Installing [2349/5162, time/total: 01:00:26/02:03:38]: js-misc [14k]
Installing [2350/5162, time/total: 01:00:27/02:03:40]: jsclasses [22k]
Installing [2351/5162, time/total: 01:00:28/02:03:42]: jslectureplanner [14k]
Installing [2352/5162, time/total: 01:00:30/02:03:46]: jsonparse [9k]
Installing [2353/5162, time/total: 01:00:31/02:03:48]: jsonresume [9k]
Installing [2354/5162, time/total: 01:00:33/02:03:52]: juliamono [6866k]
Installing [2355/5162, time/total: 01:00:50/02:03:24]: jumplines [4k]
Installing [2356/5162, time/total: 01:00:51/02:03:26]: junicode [79045k]
Installing [2357/5162, time/total: 01:01:10/01:53:15]: junicodevf [2188k]
Installing [2358/5162, time/total: 01:01:12/01:53:02]: jupynotex [6k]
Installing [2359/5162, time/total: 01:01:14/01:53:06]: jura [4k]
Installing [2360/5162, time/total: 01:01:15/01:53:07]: juraabbrev [4k]
Installing [2361/5162, time/total: 01:01:15/01:53:07]: jurabib [51k]
Installing [2362/5162, time/total: 01:01:17/01:53:11]: juramisc [25k]
Installing [2363/5162, time/total: 01:01:18/01:53:12]: jurarsp [10k]
Installing [2364/5162, time/total: 01:01:19/01:53:14]: jvlisting [3k]
Installing [2365/5162, time/total: 01:01:20/01:53:16]: jwjournal [5k]
Installing [2366/5162, time/total: 01:01:21/01:53:18]: jyu-chem-thesis [3k]
Installing [2367/5162, time/total: 01:01:23/01:53:21]: kalendarium [4k]
Installing [2368/5162, time/total: 01:01:24/01:53:23]: kanaparser [5k]
Installing [2369/5162, time/total: 01:01:25/01:53:25]: kanbun [7k]
Installing [2370/5162, time/total: 01:01:26/01:53:27]: kantlipsum [24k]
Installing [2371/5162, time/total: 01:01:28/01:53:30]: karnaugh [5k]
Installing [2372/5162, time/total: 01:01:28/01:53:30]: karnaugh-map [6k]
Installing [2373/5162, time/total: 01:01:29/01:53:32]: karnaughmap [4k]
Installing [2374/5162, time/total: 01:01:29/01:53:32]: kastrup [2k]
Installing [2375/5162, time/total: 01:01:30/01:53:34]: kaytannollista-latexia [1k]
Installing [2376/5162, time/total: 01:01:31/01:53:36]: kblocks [8k]
Installing [2377/5162, time/total: 01:01:32/01:53:38]: kbordermatrix [3k]
Installing [2378/5162, time/total: 01:01:33/01:53:39]: kdgdocs [4k]
Installing [2379/5162, time/total: 01:01:34/01:53:41]: kdpcover [23k]
Installing [2380/5162, time/total: 01:01:35/01:53:43]: keisennote [4k]
Installing [2381/5162, time/total: 01:01:36/01:53:45]: kerkis [1969k]
Installing [2382/5162, time/total: 01:01:38/01:53:34]: kerntest [12k]
Installing [2383/5162, time/total: 01:01:39/01:53:35]: ketcindy [2470k]
Installing [2384/5162, time/total: 01:01:42/01:53:22]: ketcindy.windows [3k]
Installing [2385/5162, time/total: 01:01:43/01:53:24]: keycommand [5k]
Installing [2386/5162, time/total: 01:01:44/01:53:26]: keyfloat [7k]
Installing [2387/5162, time/total: 01:01:45/01:53:28]: keyindex [2k]
Installing [2388/5162, time/total: 01:01:47/01:53:32]: keyparse [2k]
Installing [2389/5162, time/total: 01:01:48/01:53:33]: keyreader [9k]
Installing [2390/5162, time/total: 01:01:49/01:53:35]: keystroke [7k]
Installing [2391/5162, time/total: 01:01:49/01:53:35]: keytheorems [24k]
Installing [2392/5162, time/total: 01:01:51/01:53:39]: keyval2e [4k]
Installing [2393/5162, time/total: 01:01:52/01:53:40]: keyvaltable [10k]
Installing [2394/5162, time/total: 01:01:53/01:53:42]: kfupm-math-exam [5k]
Installing [2395/5162, time/total: 01:01:54/01:53:44]: khatalmaqala [230k]
Installing [2396/5162, time/total: 01:01:57/01:53:48]: kinematikz [23k]
Installing [2397/5162, time/total: 01:01:59/01:53:51]: kix [2k]
Installing [2398/5162, time/total: 01:02:00/01:53:53]: kixfont [2k]
Installing [2399/5162, time/total: 01:02:00/01:53:53]: kkluaverb [8k]
Installing [2400/5162, time/total: 01:02:02/01:53:57]: kkran [8k]
Installing [2401/5162, time/total: 01:02:03/01:53:58]: kksymbols [19k]
Installing [2402/5162, time/total: 01:02:04/01:54:00]: kluwer [53k]
Installing [2403/5162, time/total: 01:02:07/01:54:05]: knitting [565k]
Installing [2404/5162, time/total: 01:02:10/01:54:07]: knittingpattern [2k]
Installing [2405/5162, time/total: 01:02:11/01:54:08]: knowledge [24k]
Installing [2406/5162, time/total: 01:02:12/01:54:10]: knuth-errata [1k]
Installing [2407/5162, time/total: 01:02:13/01:54:12]: knuth-hint [1k]
Installing [2408/5162, time/total: 01:02:14/01:54:14]: knuth-lib [30k]
Installing [2409/5162, time/total: 01:02:16/01:54:17]: knuth-local [23k]
Installing [2410/5162, time/total: 01:02:18/01:54:21]: knuth-pdf [1k]
Installing [2411/5162, time/total: 01:02:19/01:54:23]: koma-moderncvclassic [4k]
Installing [2412/5162, time/total: 01:02:20/01:54:24]: koma-script [6823k]
Installing [2413/5162, time/total: 01:02:46/01:54:21]: koma-script-examples [1k]
Installing [2414/5162, time/total: 01:02:47/01:54:23]: koma-script-sfs [4k]
Installing [2415/5162, time/total: 01:02:48/01:54:24]: komacv [8k]
Installing [2416/5162, time/total: 01:02:50/01:54:28]: komacv-rg [4k]
Installing [2417/5162, time/total: 01:02:51/01:54:30]: korigamik [4k]
Installing [2418/5162, time/total: 01:02:53/01:54:33]: kotex-oblivoir [46k]
Installing [2419/5162, time/total: 01:02:55/01:54:37]: kotex-plain [9k]
Installing [2420/5162, time/total: 01:02:56/01:54:38]: kotex-utf [21k]
Installing [2421/5162, time/total: 01:02:58/01:54:42]: kotex-utils [30k]
Installing [2422/5162, time/total: 01:03:00/01:54:45]: kotex-utils.windows [3k]
Installing [2423/5162, time/total: 01:03:02/01:54:49]: kpathsea.windows [507k]
Installing [2424/5162, time/total: 01:03:05/01:54:51]: kpfonts [2190k]
Installing [2425/5162, time/total: 01:03:09/01:54:42]: kpfonts-otf [1114k]
Installing [2426/5162, time/total: 01:03:13/01:54:41]: ksfh_nat [4k]
Installing [2427/5162, time/total: 01:03:15/01:54:44]: ksp-thesis [5k]
Installing [2428/5162, time/total: 01:03:15/01:54:44]: ktbox [4k]
Installing [2429/5162, time/total: 01:03:17/01:54:48]: ktv-texdata [3k]
Installing [2430/5162, time/total: 01:03:18/01:54:49]: ku-template [1k]
Installing [2431/5162, time/total: 01:03:20/01:54:53]: kurdishlipsum [35k]
Installing [2432/5162, time/total: 01:03:22/01:54:56]: kurier [3772k]
Installing [2433/5162, time/total: 01:03:27/01:54:37]: kvdefinekeys [3k]
Installing [2434/5162, time/total: 01:03:28/01:54:39]: kvmap [3k]
Installing [2435/5162, time/total: 01:03:30/01:54:43]: kvoptions [8k]
Installing [2436/5162, time/total: 01:03:31/01:54:45]: kvsetkeys [4k]
Installing [2437/5162, time/total: 01:03:33/01:54:48]: l2picfaq [1k]
Installing [2438/5162, time/total: 01:03:34/01:54:50]: l2tabu [1k]
Installing [2439/5162, time/total: 01:03:36/01:54:54]: l2tabu-english [1k]
Installing [2440/5162, time/total: 01:03:37/01:54:55]: l2tabu-french [1k]
Installing [2441/5162, time/total: 01:03:38/01:54:57]: l2tabu-italian [1k]
Installing [2442/5162, time/total: 01:03:39/01:54:59]: l2tabu-spanish [1k]
Installing [2443/5162, time/total: 01:03:41/01:55:03]: l3build [38k]
Installing [2444/5162, time/total: 01:03:43/01:55:06]: l3build.windows [3k]
Installing [2445/5162, time/total: 01:03:45/01:55:10]: l3experimental [11k]
Installing [2446/5162, time/total: 01:03:47/01:55:13]: l3kernel [202k]
Installing [2447/5162, time/total: 01:03:49/01:55:15]: l3kernel-dev [201k]
Installing [2448/5162, time/total: 01:03:51/01:55:17]: l3packages [20k]
Installing [2449/5162, time/total: 01:03:53/01:55:21]: l3sys-query [6k]
Installing [2450/5162, time/total: 01:03:54/01:55:23]: l3sys-query.windows [3k]
Installing [2451/5162, time/total: 01:03:56/01:55:26]: labbook [5k]
Installing [2452/5162, time/total: 01:03:57/01:55:28]: labels [4k]
Installing [2453/5162, time/total: 01:03:58/01:55:30]: labels4easylist [2k]
Installing [2454/5162, time/total: 01:03:59/01:55:31]: labelschanged [2k]
Installing [2455/5162, time/total: 01:04:00/01:55:33]: labyrinth [3k]
Installing [2456/5162, time/total: 01:04:02/01:55:37]: lacheck [1k]
Installing [2457/5162, time/total: 01:04:03/01:55:39]: lacheck.windows [22k]
Installing [2458/5162, time/total: 01:04:05/01:55:42]: ladder [2k]
Installing [2459/5162, time/total: 01:04:06/01:55:44]: lambda [47k]
Installing [2460/5162, time/total: 01:04:08/01:55:47]: lambda-lists [2k]
Installing [2461/5162, time/total: 01:04:09/01:55:49]: lambdax [2k]
Installing [2462/5162, time/total: 01:04:10/01:55:51]: langcode [3k]
Installing [2463/5162, time/total: 01:04:11/01:55:53]: langnames [123k]
Installing [2464/5162, time/total: 01:04:14/01:55:57]: langsci [65k]
Installing [2465/5162, time/total: 01:04:16/01:56:00]: langsci-avm [5k]
Installing [2466/5162, time/total: 01:04:17/01:56:02]: lapdf [12k]
Installing [2467/5162, time/total: 01:04:19/01:56:05]: lastbib [1k]
Installing [2468/5162, time/total: 01:04:20/01:56:07]: lastpackage [1k]
Installing [2469/5162, time/total: 01:04:21/01:56:09]: lastpage [5k]
Installing [2470/5162, time/total: 01:04:23/01:56:13]: latex [259k]
Installing [2471/5162, time/total: 01:04:26/01:56:16]: latex-amsmath-dev [31k]
Installing [2472/5162, time/total: 01:04:29/01:56:21]: latex-base-dev [258k]
Installing [2473/5162, time/total: 01:04:31/01:56:23]: latex-bin [1k]
Installing [2474/5162, time/total: 01:04:33/01:56:27]: latex-bin-dev [1k]
Installing [2475/5162, time/total: 01:04:34/01:56:28]: latex-bin-dev.windows [4k]
Installing [2476/5162, time/total: 01:04:36/01:56:32]: latex-bin.windows [4k]
Installing [2477/5162, time/total: 01:04:38/01:56:36]: latex-brochure [1k]
Installing [2478/5162, time/total: 01:04:39/01:56:37]: latex-context-ppchtex [1k]
Installing [2479/5162, time/total: 01:04:40/01:56:39]: latex-course [1k]
Installing [2480/5162, time/total: 01:04:41/01:56:41]: latex-doc-ptr [1k]
Installing [2481/5162, time/total: 01:04:42/01:56:43]: latex-firstaid-dev [6k]
Installing [2482/5162, time/total: 01:04:44/01:56:46]: latex-fonts [18k]
Installing [2483/5162, time/total: 01:04:46/01:56:50]: latex-for-undergraduates [1k]
Installing [2484/5162, time/total: 01:04:47/01:56:52]: latex-git-log [5k]
Installing [2485/5162, time/total: 01:04:49/01:56:55]: latex-git-log.windows [3k]
Installing [2486/5162, time/total: 01:04:50/01:56:57]: latex-graphics-companion [1k]
Installing [2487/5162, time/total: 01:04:52/01:57:01]: latex-graphics-dev [16k]
Installing [2488/5162, time/total: 01:04:52/01:57:00]: latex-lab [63k]
Installing [2489/5162, time/total: 01:04:54/01:57:04]: latex-lab-dev [66k]
Installing [2490/5162, time/total: 01:04:56/01:57:07]: latex-make [10k]
Installing [2491/5162, time/total: 01:04:57/01:57:08]: latex-mr [1k]
Installing [2492/5162, time/total: 01:04:59/01:57:12]: latex-notes-zh-cn [1k]
Installing [2493/5162, time/total: 01:05:00/01:57:14]: latex-papersize [8k]
Installing [2494/5162, time/total: 01:05:01/01:57:16]: latex-papersize.windows [3k]
Installing [2495/5162, time/total: 01:05:02/01:57:17]: latex-refsheet [1k]
Installing [2496/5162, time/total: 01:05:03/01:57:19]: latex-tagging-status [14k]
Installing [2497/5162, time/total: 01:05:04/01:57:21]: latex-tools-dev [48k]
Installing [2498/5162, time/total: 01:05:05/01:57:22]: latex-uni8 [5k]
Installing [2499/5162, time/total: 01:05:06/01:57:24]: latex-veryshortguide [1k]
Installing [2500/5162, time/total: 01:05:07/01:57:26]: latex-via-exemplos [1k]
Installing [2501/5162, time/total: 01:05:08/01:57:28]: latex-web-companion [1k]
Installing [2502/5162, time/total: 01:05:09/01:57:29]: latex2e-help-texinfo [1k]
Installing [2503/5162, time/total: 01:05:10/01:57:31]: latex2e-help-texinfo-fr [1k]
Installing [2504/5162, time/total: 01:05:11/01:57:33]: latex2e-help-texinfo-spanish [1k]
Installing [2505/5162, time/total: 01:05:13/01:57:37]: latex2man [14k]
Installing [2506/5162, time/total: 01:05:13/01:57:37]: latex2man.windows [3k]
Installing [2507/5162, time/total: 01:05:14/01:57:38]: latex2nemeth [7126k]
Installing [2508/5162, time/total: 01:05:18/01:56:52]: latex2nemeth.windows [3k]
Installing [2509/5162, time/total: 01:05:19/01:56:54]: latex2pydata [4k]
Installing [2510/5162, time/total: 01:05:20/01:56:55]: latex4musicians [1k]
Installing [2511/5162, time/total: 01:05:21/01:56:57]: latex4wp [1k]
Installing [2512/5162, time/total: 01:05:22/01:56:59]: latex4wp-it [1k]
Installing [2513/5162, time/total: 01:05:23/01:57:01]: latexbangla [4k]
Installing [2514/5162, time/total: 01:05:24/01:57:02]: latexbug [9k]
Installing [2515/5162, time/total: 01:05:25/01:57:04]: latexcheat [1k]
Installing [2516/5162, time/total: 01:05:26/01:57:06]: latexcheat-de [1k]
Installing [2517/5162, time/total: 01:05:27/01:57:08]: latexcheat-esmx [1k]
Installing [2518/5162, time/total: 01:05:28/01:57:10]: latexcheat-ptbr [1k]
Installing [2519/5162, time/total: 01:05:29/01:57:11]: latexcolors [8k]
Installing [2520/5162, time/total: 01:05:30/01:57:13]: latexconfig [3k]
Installing [2521/5162, time/total: 01:05:32/01:57:17]: latexcourse-rug [1k]
Installing [2522/5162, time/total: 01:05:33/01:57:18]: latexdemo [3k]
Installing [2523/5162, time/total: 01:05:34/01:57:20]: latexdiff [81k]
Installing [2524/5162, time/total: 01:05:35/01:57:21]: latexdiff.windows [3k]
Installing [2525/5162, time/total: 01:05:36/01:57:23]: latexfileinfo-pkgs [1k]
Installing [2526/5162, time/total: 01:05:38/01:57:27]: latexfileversion [2k]
Installing [2527/5162, time/total: 01:05:39/01:57:29]: latexgit [2k]
Installing [2528/5162, time/total: 01:05:40/01:57:30]: latexindent [72k]
Installing [2529/5162, time/total: 01:05:42/01:57:33]: latexindent.windows [4214k]
Installing [2530/5162, time/total: 01:05:46/01:57:09]: latexmk [126k]
Installing [2531/5162, time/total: 01:05:48/01:57:11]: latexmk.windows [3k]
Installing [2532/5162, time/total: 01:05:49/01:57:13]: latexmp [6k]
Installing [2533/5162, time/total: 01:05:50/01:57:15]: latexpand [8k]
Installing [2534/5162, time/total: 01:05:51/01:57:17]: latexpand.windows [3k]
Installing [2535/5162, time/total: 01:05:52/01:57:18]: latino-sine-flexione [2k]
Installing [2536/5162, time/total: 01:05:53/01:57:20]: lato [12034k]
Installing [2537/5162, time/total: 01:05:58/01:56:00]: layaureo [2k]
Installing [2538/5162, time/total: 01:05:58/01:56:00]: layouts [14k]
Installing [2539/5162, time/total: 01:05:59/01:56:02]: lazylist [2k]
Installing [2540/5162, time/total: 01:06:00/01:56:04]: lccaps [2k]
Installing [2541/5162, time/total: 01:06:01/01:56:05]: lcd [4k]
Installing [2542/5162, time/total: 01:06:02/01:56:07]: lcdftypetools [1k]
Installing [2543/5162, time/total: 01:06:03/01:56:09]: lcdftypetools.windows [827k]
Installing [2544/5162, time/total: 01:06:05/01:56:06]: lcg [3k]
Installing [2545/5162, time/total: 01:06:06/01:56:08]: lcyw [4k]
Installing [2546/5162, time/total: 01:06:07/01:56:10]: leading [2k]
Installing [2547/5162, time/total: 01:06:08/01:56:11]: leadsheets [17k]
Installing [2548/5162, time/total: 01:06:09/01:56:13]: leaflet [6k]
Installing [2549/5162, time/total: 01:06:10/01:56:15]: lebhart [6k]
Installing [2550/5162, time/total: 01:06:11/01:56:17]: lecturenotes [7k]
Installing [2551/5162, time/total: 01:06:13/01:56:20]: lecturer [19k]
Installing [2552/5162, time/total: 01:06:14/01:56:22]: lectures [7k]
Installing [2553/5162, time/total: 01:06:16/01:56:25]: lectureslides [2k]
Installing [2554/5162, time/total: 01:06:17/01:56:27]: ledmac [25k]
Installing [2555/5162, time/total: 01:06:17/01:56:27]: leftidx [1k]
Installing [2556/5162, time/total: 01:06:18/01:56:28]: leftindex [2k]
Installing [2557/5162, time/total: 01:06:19/01:56:30]: leipzig [6k]
Installing [2558/5162, time/total: 01:06:20/01:56:32]: lengthconvert [2k]
Installing [2559/5162, time/total: 01:06:21/01:56:34]: leporello [10k]
Installing [2560/5162, time/total: 01:06:22/01:56:35]: lete-sans-math [293k]
Installing [2561/5162, time/total: 01:06:24/01:56:37]: letgut [63k]
Installing [2562/5162, time/total: 01:06:25/01:56:38]: letltxmacro [3k]
Installing [2563/5162, time/total: 01:06:26/01:56:40]: letterspacing [6k]
Installing [2564/5162, time/total: 01:06:27/01:56:41]: letterswitharrows [4k]
Installing [2565/5162, time/total: 01:06:28/01:56:43]: lettre [25k]
Installing [2566/5162, time/total: 01:06:29/01:56:45]: lettrine [9k]
Installing [2567/5162, time/total: 01:06:30/01:56:46]: levy [34k]
Installing [2568/5162, time/total: 01:06:31/01:56:48]: lewis [2k]
Installing [2569/5162, time/total: 01:06:32/01:56:50]: lexend [183k]
Installing [2570/5162, time/total: 01:06:34/01:56:52]: lexikon [3k]
Installing [2571/5162, time/total: 01:06:35/01:56:54]: lexref [4k]
Installing [2572/5162, time/total: 01:06:36/01:56:55]: lfb [18k]
Installing [2573/5162, time/total: 01:06:37/01:56:57]: lgreek [2k]
Installing [2574/5162, time/total: 01:06:38/01:56:59]: lgrmath [4k]
Installing [2575/5162, time/total: 01:06:39/01:57:00]: lh [353k]
Installing [2576/5162, time/total: 01:06:41/01:57:01]: lhcyr [54k]
Installing [2577/5162, time/total: 01:06:42/01:57:03]: lhelp [6k]
Installing [2578/5162, time/total: 01:06:44/01:57:06]: libertine [13523k]
Installing [2579/5162, time/total: 01:06:49/01:55:37]: libertinegc [39k]
Installing [2580/5162, time/total: 01:06:50/01:55:38]: libertinus [1k]
Installing [2581/5162, time/total: 01:06:51/01:55:40]: libertinus-fonts [1754k]
Installing [2582/5162, time/total: 01:06:54/01:55:33]: libertinus-otf [5k]
Installing [2583/5162, time/total: 01:06:56/01:55:36]: libertinus-type1 [7552k]
Installing [2584/5162, time/total: 01:07:00/01:54:49]: libertinust1math [1220k]
Installing [2585/5162, time/total: 01:07:04/01:54:47]: libgreek [5k]
Installing [2586/5162, time/total: 01:07:05/01:54:49]: librarian [7k]
Installing [2587/5162, time/total: 01:07:06/01:54:51]: librebaskerville [563k]
Installing [2588/5162, time/total: 01:07:10/01:54:54]: librebodoni [535k]
Installing [2589/5162, time/total: 01:07:12/01:54:53]: librecaslon [678k]
Installing [2590/5162, time/total: 01:07:15/01:54:54]: librefranklin [2926k]
Installing [2591/5162, time/total: 01:07:20/01:54:42]: libris [235k]
Installing [2592/5162, time/total: 01:07:22/01:54:44]: lie-hasse [11k]
Installing [2593/5162, time/total: 01:07:23/01:54:45]: liederbuch [12k]
Installing [2594/5162, time/total: 01:07:24/01:54:47]: liftarm [7k]
Installing [2595/5162, time/total: 01:07:25/01:54:48]: light-latex-make [11k]
Installing [2596/5162, time/total: 01:07:26/01:54:50]: light-latex-make.windows [3k]
Installing [2597/5162, time/total: 01:07:27/01:54:52]: ligtype [11k]
Installing [2598/5162, time/total: 01:07:29/01:54:55]: lilyglyphs [362k]
Installing [2599/5162, time/total: 01:07:31/01:54:56]: lilyglyphs.windows [3k]
Installing [2600/5162, time/total: 01:07:32/01:54:58]: limap [5k]
Installing [2601/5162, time/total: 01:07:33/01:54:59]: limecv [9k]
Installing [2602/5162, time/total: 01:07:34/01:55:01]: lineara [149k]
Installing [2603/5162, time/total: 01:07:36/01:55:03]: linearregression [4k]
Installing [2604/5162, time/total: 01:07:38/01:55:07]: linebreaker [7k]
Installing [2605/5162, time/total: 01:07:39/01:55:08]: linegoal [2k]
Installing [2606/5162, time/total: 01:07:40/01:55:10]: lineno [62k]
Installing [2607/5162, time/total: 01:07:42/01:55:13]: ling-macros [6k]
Installing [2608/5162, time/total: 01:07:43/01:55:15]: linguex [7k]
Installing [2609/5162, time/total: 01:07:44/01:55:16]: linguexx [36k]
Installing [2610/5162, time/total: 01:07:45/01:55:18]: linguisticspro [1346k]
Installing [2611/5162, time/total: 01:07:49/01:55:15]: linguistix [14k]
Installing [2612/5162, time/total: 01:07:50/01:55:17]: linkedthm [2k]
Installing [2613/5162, time/total: 01:07:52/01:55:20]: linop [2k]
Installing [2614/5162, time/total: 01:07:53/01:55:22]: lion-msc [46k]
Installing [2615/5162, time/total: 01:07:54/01:55:23]: lipsum [123k]
Installing [2616/5162, time/total: 01:07:57/01:55:27]: lisp-on-tex [14k]
Installing [2617/5162, time/total: 01:07:58/01:55:29]: listbib [21k]
Installing [2618/5162, time/total: 01:08:00/01:55:32]: listbib.windows [3k]
Installing [2619/5162, time/total: 01:08:01/01:55:34]: listing [2k]
Installing [2620/5162, time/total: 01:08:02/01:55:36]: listings [149k]
Installing [2621/5162, time/total: 01:08:04/01:55:38]: listings-ext [5k]
Installing [2622/5162, time/total: 01:08:05/01:55:40]: listingsutf8 [3k]
Installing [2623/5162, time/total: 01:08:06/01:55:41]: listlbls [2k]
Installing [2624/5162, time/total: 01:08:07/01:55:43]: listliketab [2k]
Installing [2625/5162, time/total: 01:08:08/01:55:45]: listofitems [8k]
Installing [2626/5162, time/total: 01:08:09/01:55:46]: listofsymbols [3k]
Installing [2627/5162, time/total: 01:08:10/01:55:48]: listparskip [3k]
Installing [2628/5162, time/total: 01:08:11/01:55:50]: litetable [4k]
Installing [2629/5162, time/total: 01:08:12/01:55:51]: lithuanian [64k]
Installing [2630/5162, time/total: 01:08:14/01:55:54]: liturg [7k]
Installing [2631/5162, time/total: 01:08:15/01:55:56]: liturgy-cw [3k]
Installing [2632/5162, time/total: 01:08:16/01:55:58]: lkproof [3k]
Installing [2633/5162, time/total: 01:08:17/01:55:59]: llncs [17k]
Installing [2634/5162, time/total: 01:08:18/01:56:01]: llncsconf [3k]
Installing [2635/5162, time/total: 01:08:19/01:56:03]: lm [11665k]
Installing [2636/5162, time/total: 01:08:24/01:54:50]: lm-math [369k]
Installing [2637/5162, time/total: 01:08:26/01:54:50]: lmake [2k]
Installing [2638/5162, time/total: 01:08:27/01:54:52]: lni [8k]
Installing [2639/5162, time/total: 01:08:29/01:54:55]: lobster2 [503k]
Installing [2640/5162, time/total: 01:08:32/01:54:57]: locality [3k]
Installing [2641/5162, time/total: 01:08:33/01:54:59]: localloc [3k]
Installing [2642/5162, time/total: 01:08:35/01:55:02]: logbox [2k]
Installing [2643/5162, time/total: 01:08:36/01:55:04]: logical-markup-utils [2k]
Installing [2644/5162, time/total: 01:08:37/01:55:05]: logicproof [2k]
Installing [2645/5162, time/total: 01:08:38/01:55:07]: logicpuzzle [15k]
Installing [2646/5162, time/total: 01:08:40/01:55:10]: logictools [5k]
Installing [2647/5162, time/total: 01:08:41/01:55:12]: logix [2289k]
Installing [2648/5162, time/total: 01:08:45/01:55:03]: logoetalab [14k]
Installing [2649/5162, time/total: 01:08:46/01:55:04]: logpap [6k]
Installing [2650/5162, time/total: 01:08:47/01:55:06]: logreq [4k]
Installing [2651/5162, time/total: 01:08:49/01:55:09]: lollipop [51k]
Installing [2652/5162, time/total: 01:08:51/01:55:12]: lollipop.windows [3k]
Installing [2653/5162, time/total: 01:08:52/01:55:14]: longdivision [11k]
Installing [2654/5162, time/total: 01:08:54/01:55:17]: longfbox [17k]
Installing [2655/5162, time/total: 01:08:55/01:55:19]: longfigure [5k]
Installing [2656/5162, time/total: 01:08:57/01:55:22]: longmath [9k]
Installing [2657/5162, time/total: 01:08:58/01:55:24]: longnamefilelist [4k]
Installing [2658/5162, time/total: 01:09:00/01:55:27]: longtwocolumn [2k]
Installing [2659/5162, time/total: 01:09:02/01:55:30]: loops [12k]
Installing [2660/5162, time/total: 01:09:03/01:55:32]: lora [168k]
Installing [2661/5162, time/total: 01:09:06/01:55:36]: lparse [5k]
Installing [2662/5162, time/total: 01:09:07/01:55:38]: lpform [2k]
Installing [2663/5162, time/total: 01:09:08/01:55:39]: lpic [6k]
Installing [2664/5162, time/total: 01:09:10/01:55:43]: lplfitch [2k]
Installing [2665/5162, time/total: 01:09:11/01:55:44]: lps [3k]
Installing [2666/5162, time/total: 01:09:13/01:55:47]: lroundrect [3k]
Installing [2667/5162, time/total: 01:09:14/01:55:49]: lsc [14k]
Installing [2668/5162, time/total: 01:09:16/01:55:52]: lscapeenhanced [2k]
Installing [2669/5162, time/total: 01:09:17/01:55:54]: lshort-bulgarian [1k]
Installing [2670/5162, time/total: 01:09:19/01:55:57]: lshort-chinese [1k]
Installing [2671/5162, time/total: 01:09:20/01:55:59]: lshort-czech [1k]
Installing [2672/5162, time/total: 01:09:21/01:56:01]: lshort-dutch [1k]
Installing [2673/5162, time/total: 01:09:22/01:56:02]: lshort-english [1k]
Installing [2674/5162, time/total: 01:09:24/01:56:06]: lshort-estonian [1k]
Installing [2675/5162, time/total: 01:09:25/01:56:07]: lshort-finnish [1k]
Installing [2676/5162, time/total: 01:09:27/01:56:11]: lshort-french [1k]
Installing [2677/5162, time/total: 01:09:28/01:56:12]: lshort-german [1k]
Installing [2678/5162, time/total: 01:09:29/01:56:14]: lshort-italian [1k]
Installing [2679/5162, time/total: 01:09:30/01:56:16]: lshort-japanese [1k]
Installing [2680/5162, time/total: 01:09:32/01:56:19]: lshort-korean [1k]
Installing [2681/5162, time/total: 01:09:33/01:56:21]: lshort-mongol [1k]
Installing [2682/5162, time/total: 01:09:34/01:56:22]: lshort-persian [1k]
Installing [2683/5162, time/total: 01:09:36/01:56:26]: lshort-polish [1k]
Installing [2684/5162, time/total: 01:09:37/01:56:27]: lshort-portuguese [1k]
Installing [2685/5162, time/total: 01:09:38/01:56:29]: lshort-russian [1k]
Installing [2686/5162, time/total: 01:09:40/01:56:32]: lshort-slovak [1k]
Installing [2687/5162, time/total: 01:09:41/01:56:34]: lshort-slovenian [1k]
Installing [2688/5162, time/total: 01:09:42/01:56:36]: lshort-spanish [1k]
Installing [2689/5162, time/total: 01:09:43/01:56:38]: lshort-thai [1k]
Installing [2690/5162, time/total: 01:09:44/01:56:39]: lshort-turkish [1k]
Installing [2691/5162, time/total: 01:09:46/01:56:43]: lshort-ukr [1k]
Installing [2692/5162, time/total: 01:09:47/01:56:44]: lshort-vietnamese [1k]
Installing [2693/5162, time/total: 01:09:49/01:56:48]: lstaddons [3k]
Installing [2694/5162, time/total: 01:09:50/01:56:49]: lstbayes [3k]
Installing [2695/5162, time/total: 01:09:51/01:56:51]: lstfiracode [3k]
Installing [2696/5162, time/total: 01:09:52/01:56:52]: lt3graph [11k]
Installing [2697/5162, time/total: 01:09:53/01:56:54]: lt3luabridge [4k]
Installing [2698/5162, time/total: 01:09:55/01:56:57]: lt3rawobjects [5k]
Installing [2699/5162, time/total: 01:09:56/01:56:59]: ltablex [3k]
Installing [2700/5162, time/total: 01:09:57/01:57:01]: ltabptch [5k]
Installing [2701/5162, time/total: 01:09:58/01:57:02]: ltb2bib [3k]
Installing [2702/5162, time/total: 01:10:00/01:57:06]: ltmermaid [6k]
Installing [2703/5162, time/total: 01:10:01/01:57:07]: ltx-talk [16k]
Installing [2704/5162, time/total: 01:10:02/01:57:09]: ltxcmds [5k]
Installing [2705/5162, time/total: 01:10:03/01:57:11]: ltxdockit [7k]
Installing [2706/5162, time/total: 01:10:05/01:57:14]: ltxfileinfo [6k]
Installing [2707/5162, time/total: 01:10:06/01:57:15]: ltxguidex [3k]
Installing [2708/5162, time/total: 01:10:07/01:57:17]: ltximg [26k]
Installing [2709/5162, time/total: 01:10:09/01:57:20]: ltximg.windows [3k]
Installing [2710/5162, time/total: 01:10:10/01:57:22]: ltxkeys [25k]
Installing [2711/5162, time/total: 01:10:12/01:57:25]: ltxmisc [16k]
Installing [2712/5162, time/total: 01:10:13/01:57:27]: ltxnew [3k]
Installing [2713/5162, time/total: 01:10:14/01:57:28]: ltxtools [51k]
Installing [2714/5162, time/total: 01:10:16/01:57:31]: lua-alt-getopt [2k]
Installing [2715/5162, time/total: 01:10:18/01:57:35]: lua-calendrica [52k]
Installing [2716/5162, time/total: 01:10:20/01:57:38]: lua-check-hyphen [4k]
Installing [2717/5162, time/total: 01:10:21/01:57:39]: lua-list-hyphen [10k]
Installing [2718/5162, time/total: 01:10:23/01:57:43]: lua-physical [352k]
Installing [2719/5162, time/total: 01:10:25/01:57:43]: lua-placeholders [10k]
Installing [2720/5162, time/total: 01:10:27/01:57:47]: lua-regression [7k]
Installing [2721/5162, time/total: 01:10:29/01:57:50]: lua-tikz3dtools [22k]
Installing [2722/5162, time/total: 01:10:31/01:57:53]: lua-tinyyaml [6k]
Installing [2723/5162, time/total: 01:10:32/01:57:55]: lua-typo [14k]
Installing [2724/5162, time/total: 01:10:34/01:57:58]: lua-uca [245k]
Installing [2725/5162, time/total: 01:10:37/01:58:01]: lua-ul [8k]
Installing [2726/5162, time/total: 01:10:38/01:58:03]: lua-uni-algos [13k]
Installing [2727/5162, time/total: 01:10:40/01:58:06]: lua-unicode-math [19k]
Installing [2728/5162, time/total: 01:10:42/01:58:09]: lua-visual-debug [5k]
Installing [2729/5162, time/total: 01:10:44/01:58:13]: lua-widow-control [20k]
Installing [2730/5162, time/total: 01:10:45/01:58:14]: luaaddplot [2k]
Installing [2731/5162, time/total: 01:10:46/01:58:16]: luabibentry [3k]
Installing [2732/5162, time/total: 01:10:47/01:58:18]: luabidi [5k]
Installing [2733/5162, time/total: 01:10:48/01:58:19]: luabreakurl [2k]
Installing [2734/5162, time/total: 01:10:50/01:58:23]: luacas [63k]
Installing [2735/5162, time/total: 01:10:52/01:58:26]: luacensor [9k]
Installing [2736/5162, time/total: 01:10:53/01:58:27]: luacode [3k]
Installing [2737/5162, time/total: 01:10:54/01:58:29]: luacolor [5k]
Installing [2738/5162, time/total: 01:10:55/01:58:30]: luacomplex [2k]
Installing [2739/5162, time/total: 01:10:56/01:58:32]: luadraw [158k]
Installing [2740/5162, time/total: 01:10:59/01:58:36]: luafindfont [6k]
Installing [2741/5162, time/total: 01:11:00/01:58:38]: luafindfont.windows [3k]
Installing [2742/5162, time/total: 01:11:01/01:58:39]: luagcd [3k]
Installing [2743/5162, time/total: 01:11:03/01:58:43]: luahbtex [1k]
Installing [2744/5162, time/total: 01:11:04/01:58:44]: luahbtex.windows [2284k]
Installing [2745/5162, time/total: 01:11:07/01:58:33]: luahttp [5k]
Installing [2746/5162, time/total: 01:11:09/01:58:36]: luahyperbolic [15k]
Installing [2747/5162, time/total: 01:11:10/01:58:38]: luahyphenrules [3k]
Installing [2748/5162, time/total: 01:11:11/01:58:40]: luaimageembed [2k]
Installing [2749/5162, time/total: 01:11:12/01:58:41]: luaindex [5k]
Installing [2750/5162, time/total: 01:11:14/01:58:45]: luainputenc [5k]
Installing [2751/5162, time/total: 01:11:15/01:58:46]: luajittex [1k]
Installing [2752/5162, time/total: 01:11:16/01:58:48]: luajittex.windows [4484k]
Installing [2753/5162, time/total: 01:11:35/01:58:48]: luakeys [17k]
Installing [2754/5162, time/total: 01:11:36/01:58:49]: luakeyval [2k]
Installing [2755/5162, time/total: 01:11:38/01:58:53]: lualatex-doc-de [1k]
Installing [2756/5162, time/total: 01:11:39/01:58:54]: lualatex-math [4k]
Installing [2757/5162, time/total: 01:11:40/01:58:56]: lualatex-truncate [2k]
Installing [2758/5162, time/total: 01:11:41/01:58:57]: lualibs [131k]
Installing [2759/5162, time/total: 01:11:44/01:59:02]: lualinalg [7k]
Installing [2760/5162, time/total: 01:11:46/01:59:05]: lualineno [13k]
Installing [2761/5162, time/total: 01:11:47/01:59:06]: luamathaccents [3k]
Installing [2762/5162, time/total: 01:11:49/01:59:10]: luamathalign [4k]
Installing [2763/5162, time/total: 01:11:49/01:59:10]: luamaths [5k]
Installing [2764/5162, time/total: 01:11:50/01:59:11]: luamesh [13k]
Installing [2765/5162, time/total: 01:11:52/01:59:15]: luamml [26k]
Installing [2766/5162, time/total: 01:11:53/01:59:16]: luamodulartables [2k]
Installing [2767/5162, time/total: 01:11:55/01:59:19]: luamplib [34k]
Installing [2768/5162, time/total: 01:11:56/01:59:21]: luanumbers [6k]
Installing [2769/5162, time/total: 01:11:58/01:59:24]: luanumint [3k]
Installing [2770/5162, time/total: 01:11:59/01:59:26]: luaoptions [6k]
Installing [2771/5162, time/total: 01:12:00/01:59:27]: luaotfload [609k]
Installing [2772/5162, time/total: 01:12:03/01:59:28]: luaotfload.windows [3k]
Installing [2773/5162, time/total: 01:12:05/01:59:31]: luapackageloader [2k]
Installing [2774/5162, time/total: 01:12:06/01:59:33]: luaplot [3k]
Installing [2775/5162, time/total: 01:12:07/01:59:35]: luaprogtable [7k]
Installing [2776/5162, time/total: 01:12:09/01:59:38]: luapstricks [34k]
Installing [2777/5162, time/total: 01:12:10/01:59:39]: luaquotes [4k]
Installing [2778/5162, time/total: 01:12:11/01:59:41]: luarandom [2k]
Installing [2779/5162, time/total: 01:12:13/01:59:44]: luaset [2k]
Installing [2780/5162, time/total: 01:12:14/01:59:46]: luasseq [11k]
Installing [2781/5162, time/total: 01:12:15/01:59:47]: luatbls [5k]
Installing [2782/5162, time/total: 01:12:16/01:59:49]: luatex-cn [254k]
Installing [2783/5162, time/total: 01:12:19/01:59:52]: luatex-type-definitions [143k]
Installing [2784/5162, time/total: 01:12:21/01:59:54]: luatex.windows [2059k]
Installing [2785/5162, time/total: 01:12:25/01:59:46]: luatex85 [2k]
Installing [2786/5162, time/total: 01:12:26/01:59:48]: luatexbase [4k]
Installing [2787/5162, time/total: 01:12:27/01:59:50]: luatexja [197k]
Installing [2788/5162, time/total: 01:12:29/01:59:52]: luatexko [30k]
Installing [2789/5162, time/total: 01:12:31/01:59:55]: luatextra [2k]
Installing [2790/5162, time/total: 01:12:32/01:59:56]: luatikz [8k]
Installing [2791/5162, time/total: 01:12:33/01:59:58]: luatodonotes [27k]
Installing [2792/5162, time/total: 01:12:34/01:59:59]: luatruthtable [3k]
Installing [2793/5162, time/total: 01:12:36/02:00:03]: luavlna [10k]
Installing [2794/5162, time/total: 01:12:38/02:00:06]: luaxml [47k]
Installing [2795/5162, time/total: 01:12:40/02:00:09]: lucide-admonitions [3k]
Installing [2796/5162, time/total: 01:12:41/02:00:11]: lucide-icons [368k]
Installing [2797/5162, time/total: 01:12:43/02:00:11]: luciole [333k]
Installing [2798/5162, time/total: 01:12:46/02:00:14]: lutabulartools [8k]
Installing [2799/5162, time/total: 01:12:48/02:00:17]: luwa-ul [5k]
Installing [2800/5162, time/total: 01:12:49/02:00:19]: luwiantype [190k]
Installing [2801/5162, time/total: 01:12:52/02:00:22]: lwarp [223k]
Installing [2802/5162, time/total: 01:12:54/02:00:24]: lwarp.windows [3k]
Installing [2803/5162, time/total: 01:12:55/02:00:26]: lxfonts [910k]
Installing [2804/5162, time/total: 01:12:59/02:00:26]: lxgw-fonts [39035k]
Installing [2805/5162, time/total: 01:13:09/01:56:14]: ly1 [54k]
Installing [2806/5162, time/total: 01:13:12/01:56:19]: lydtype [27k]
Installing [2807/5162, time/total: 01:13:14/01:56:22]: lyluatex [16k]
Installing [2808/5162, time/total: 01:13:15/01:56:23]: m-tx [5k]
Installing [2809/5162, time/total: 01:13:16/01:56:25]: m-tx.windows [45k]
Installing [2810/5162, time/total: 01:13:18/01:56:28]: macrolist [3k]
Installing [2811/5162, time/total: 01:13:20/01:56:31]: macros2e [1k]
Installing [2812/5162, time/total: 01:13:21/01:56:32]: macroswap [2k]
Installing [2813/5162, time/total: 01:13:23/01:56:36]: mafr [3k]
Installing [2814/5162, time/total: 01:13:25/01:56:39]: magaz [5k]
Installing [2815/5162, time/total: 01:13:26/01:56:40]: magicnum [5k]
Installing [2816/5162, time/total: 01:13:27/01:56:42]: magicthegathering [968k]
Installing [2817/5162, time/total: 01:13:31/01:56:42]: magicwatermark [3k]
Installing [2818/5162, time/total: 01:13:32/01:56:43]: magra [176k]
Installing [2819/5162, time/total: 01:13:35/01:56:47]: mahjong [94k]
Installing [2820/5162, time/total: 01:13:37/01:56:49]: mahjong-tiles [97k]
Installing [2821/5162, time/total: 01:13:39/01:56:52]: mahjonggame [96k]
Installing [2822/5162, time/total: 01:13:41/01:56:55]: mailing [2k]
Installing [2823/5162, time/total: 01:13:43/01:56:58]: mailmerge [2k]
Installing [2824/5162, time/total: 01:13:45/01:57:01]: maine-thesis [8k]
Installing [2825/5162, time/total: 01:13:47/01:57:04]: make-paper-tarball [6k]
Installing [2826/5162, time/total: 01:13:48/01:57:06]: make-paper-tarball.windows [3k]
Installing [2827/5162, time/total: 01:13:50/01:57:09]: make4ht [82k]
Installing [2828/5162, time/total: 01:13:52/01:57:11]: make4ht.windows [3k]
Installing [2829/5162, time/total: 01:13:54/01:57:15]: makebarcode [5k]
Installing [2830/5162, time/total: 01:13:55/01:57:16]: makebase [2k]
Installing [2831/5162, time/total: 01:13:57/01:57:19]: makebox [1k]
Installing [2832/5162, time/total: 01:13:58/01:57:21]: makecell [5k]
Installing [2833/5162, time/total: 01:14:00/01:57:24]: makecirc [13k]
Installing [2834/5162, time/total: 01:14:01/01:57:25]: makecmds [2k]
Installing [2835/5162, time/total: 01:14:03/01:57:29]: makecookbook [1k]
Installing [2836/5162, time/total: 01:14:05/01:57:32]: makedtx [9k]
Installing [2837/5162, time/total: 01:14:07/01:57:35]: makedtx.windows [3k]
Installing [2838/5162, time/total: 01:14:09/01:57:38]: makeglos [1k]
Installing [2839/5162, time/total: 01:14:11/01:57:41]: makegobbler [3k]
Installing [2840/5162, time/total: 01:14:13/01:57:44]: makeindex [5k]
Installing [2841/5162, time/total: 01:14:14/01:57:46]: makeindex.windows [21k]
Installing [2842/5162, time/total: 01:14:16/01:57:49]: makelabels [4k]
Installing [2843/5162, time/total: 01:14:17/01:57:51]: makeplot [5k]
Installing [2844/5162, time/total: 01:14:19/01:57:54]: maker [5k]
Installing [2845/5162, time/total: 01:14:20/01:57:55]: makerobust [2k]
Installing [2846/5162, time/total: 01:14:21/01:57:57]: makeshape [2k]
Installing [2847/5162, time/total: 01:14:23/01:58:00]: malagasy-numberwords [6k]
Installing [2848/5162, time/total: 01:14:24/01:58:02]: mandi [11k]
Installing [2849/5162, time/total: 01:14:26/01:58:05]: manfnt [2k]
Installing [2850/5162, time/total: 01:14:27/01:58:06]: manfnt-font [26k]
Installing [2851/5162, time/total: 01:14:30/01:58:11]: manuscript [2k]
Installing [2852/5162, time/total: 01:14:31/01:58:12]: manyind [3k]
Installing [2853/5162, time/total: 01:14:32/01:58:14]: marathi [6k]
Installing [2854/5162, time/total: 01:14:33/01:58:16]: marcellus [174k]
Installing [2855/5162, time/total: 01:14:37/01:58:21]: margbib [2k]
Installing [2856/5162, time/total: 01:14:39/01:58:24]: marginalia [9k]
Installing [2857/5162, time/total: 01:14:41/01:58:27]: marginfit [2k]
Installing [2858/5162, time/total: 01:14:42/01:58:29]: marginfix [4k]
Installing [2859/5162, time/total: 01:14:43/01:58:30]: marginnote [4k]
Installing [2860/5162, time/total: 01:14:44/01:58:32]: maritime [4k]
Installing [2861/5162, time/total: 01:14:46/01:58:35]: markdown [99k]
Installing [2862/5162, time/total: 01:14:49/01:58:39]: markdown.windows [3k]
Installing [2863/5162, time/total: 01:14:50/01:58:40]: marvosym [131k]
Installing [2864/5162, time/total: 01:14:53/01:58:44]: matapli [9k]
Installing [2865/5162, time/total: 01:14:54/01:58:46]: matc3 [2k]
Installing [2866/5162, time/total: 01:14:55/01:58:47]: matc3mem [3k]
Installing [2867/5162, time/total: 01:14:56/01:58:49]: match_parens [4k]
Installing [2868/5162, time/total: 01:14:58/01:58:52]: match_parens.windows [3k]
Installing [2869/5162, time/total: 01:14:59/01:58:54]: math-into-latex-4 [1k]
Installing [2870/5162, time/total: 01:15:01/01:58:57]: math-operator [7k]
Installing [2871/5162, time/total: 01:15:03/01:59:00]: mathabx [101k]
Installing [2872/5162, time/total: 01:15:04/01:59:01]: mathabx-type1 [1815k]
Installing [2873/5162, time/total: 01:15:07/01:58:53]: mathador [227k]
Installing [2874/5162, time/total: 01:15:10/01:58:57]: mathalpha [125k]
Installing [2875/5162, time/total: 01:15:13/01:59:01]: mathastext [19k]
Installing [2876/5162, time/total: 01:15:14/01:59:02]: mathcommand [5k]
Installing [2877/5162, time/total: 01:15:15/01:59:04]: mathcomp [2k]
Installing [2878/5162, time/total: 01:15:16/01:59:05]: mathdesign [2120k]
Installing [2879/5162, time/total: 01:15:20/01:58:57]: mathdots [3k]
Installing [2880/5162, time/total: 01:15:21/01:58:59]: mathexam [2k]
Installing [2881/5162, time/total: 01:15:23/01:59:02]: mathfam256 [5k]
Installing [2882/5162, time/total: 01:15:24/01:59:03]: mathfixs [5k]
Installing [2883/5162, time/total: 01:15:25/01:59:05]: mathfont [26k]
Installing [2884/5162, time/total: 01:15:27/01:59:08]: mathformule [7k]
Installing [2885/5162, time/total: 01:15:28/01:59:10]: mathgreeks [6k]
Installing [2886/5162, time/total: 01:15:29/01:59:11]: mathlig [3k]
Installing [2887/5162, time/total: 01:15:31/01:59:14]: mathpartir [5k]
Installing [2888/5162, time/total: 01:15:33/01:59:17]: mathpazo [63k]
Installing [2889/5162, time/total: 01:15:35/01:59:20]: mathpunctspace [2k]
Installing [2890/5162, time/total: 01:15:36/01:59:22]: maths-symbols [1k]
Installing [2891/5162, time/total: 01:15:38/01:59:25]: mathsemantics [8k]
Installing [2892/5162, time/total: 01:15:39/01:59:26]: mathspec [10k]
Installing [2893/5162, time/total: 01:15:41/01:59:29]: mathspic [18k]
Installing [2894/5162, time/total: 01:15:43/01:59:32]: mathspic.windows [3k]
Installing [2895/5162, time/total: 01:15:45/01:59:36]: mathtools [21k]
Installing [2896/5162, time/total: 01:15:46/01:59:37]: matlab-prettifier [5k]
Installing [2897/5162, time/total: 01:15:47/01:59:39]: matrix-skeleton [4k]
Installing [2898/5162, time/total: 01:15:49/01:59:42]: matrixdiagrams [4k]
Installing [2899/5162, time/total: 01:15:50/01:59:43]: mattens [3k]
Installing [2900/5162, time/total: 01:15:51/01:59:45]: mayanumber [4k]
Installing [2901/5162, time/total: 01:15:53/01:59:48]: maybemath [2k]
Installing [2902/5162, time/total: 01:15:54/01:59:50]: maze [3k]
Installing [2903/5162, time/total: 01:15:56/01:59:53]: mcaption [2k]
Installing [2904/5162, time/total: 01:15:57/01:59:54]: mceinleger [2k]
Installing [2905/5162, time/total: 01:15:58/01:59:56]: mcexam [12k]
Installing [2906/5162, time/total: 01:15:59/01:59:57]: mcf2graph [38k]
Installing [2907/5162, time/total: 01:16:00/01:59:59]: mcite [3k]
Installing [2908/5162, time/total: 01:16:02/02:00:02]: mciteplus [34k]
Installing [2909/5162, time/total: 01:16:04/02:00:05]: mcmthesis [5k]
Installing [2910/5162, time/total: 01:16:05/02:00:06]: mdframed [21k]
Installing [2911/5162, time/total: 01:16:07/02:00:09]: mdputu [17k]
Installing [2912/5162, time/total: 01:16:08/02:00:11]: mdsymbol [885k]
Installing [2913/5162, time/total: 01:16:11/02:00:10]: mdwtools [19k]
Installing [2914/5162, time/total: 01:16:13/02:00:13]: measurebox [2k]
Installing [2915/5162, time/total: 01:16:14/02:00:14]: mecaso [3k]
Installing [2916/5162, time/total: 01:16:15/02:00:16]: media4svg [9k]
Installing [2917/5162, time/total: 01:16:17/02:00:19]: media9 [1852k]
Installing [2918/5162, time/total: 01:16:21/02:00:13]: medmath [5k]
Installing [2919/5162, time/total: 01:16:23/02:00:16]: medstarbeamer [3k]
Installing [2920/5162, time/total: 01:16:25/02:00:19]: meetingmins [3k]
Installing [2921/5162, time/total: 01:16:26/02:00:20]: membranecomputing [5k]
Installing [2922/5162, time/total: 01:16:28/02:00:23]: memdesign [1k]
Installing [2923/5162, time/total: 01:16:29/02:00:25]: memexsupp [2k]
Installing [2924/5162, time/total: 01:16:30/02:00:27]: memoir [68k]
Installing [2925/5162, time/total: 01:16:32/02:00:29]: memoirchapterstyles [1k]
Installing [2926/5162, time/total: 01:16:34/02:00:32]: memoize [29k]
Installing [2927/5162, time/total: 01:16:36/02:00:35]: memoize-ext [10k]
Installing [2928/5162, time/total: 01:16:37/02:00:37]: memoize.windows [3k]
Installing [2929/5162, time/total: 01:16:38/02:00:38]: memory [2k]
Installing [2930/5162, time/total: 01:16:39/02:00:40]: memorygraphs [3k]
Installing [2931/5162, time/total: 01:16:40/02:00:42]: mendex-doc [2k]
Installing [2932/5162, time/total: 01:16:41/02:00:43]: mensa-tex [4k]
Installing [2933/5162, time/total: 01:16:43/02:00:46]: mentis [5k]
Installing [2934/5162, time/total: 01:16:44/02:00:48]: menu [3k]
Installing [2935/5162, time/total: 01:16:45/02:00:49]: menucard [2k]
Installing [2936/5162, time/total: 01:16:47/02:00:52]: menukeys [7k]
Installing [2937/5162, time/total: 01:16:48/02:00:54]: mercatormap [21k]
Installing [2938/5162, time/total: 01:16:50/02:00:57]: merriweather [5283k]
Installing [2939/5162, time/total: 01:17:11/02:00:54]: messagepassing [3k]
Installing [2940/5162, time/total: 01:17:12/02:00:56]: metacapture [16k]
Installing [2941/5162, time/total: 01:17:13/02:00:57]: metafont [9k]
Installing [2942/5162, time/total: 01:17:14/02:00:59]: metafont-beginners [1k]
Installing [2943/5162, time/total: 01:17:15/02:01:00]: metafont.windows [183k]
Installing [2944/5162, time/total: 01:17:18/02:01:04]: metago [5k]
Installing [2945/5162, time/total: 01:17:20/02:01:07]: metalogo [3k]
Installing [2946/5162, time/total: 01:17:21/02:01:08]: metalogox [5k]
Installing [2947/5162, time/total: 01:17:22/02:01:10]: metanorma [8k]
Installing [2948/5162, time/total: 01:17:23/02:01:11]: metaobj [57k]
Installing [2949/5162, time/total: 01:17:25/02:01:14]: metaphor [2k]
Installing [2950/5162, time/total: 01:17:26/02:01:16]: metaplot [4k]
Installing [2951/5162, time/total: 01:17:27/02:01:17]: metapost [73k]
Installing [2952/5162, time/total: 01:17:29/02:01:20]: metapost-colorbrewer [12k]
Installing [2953/5162, time/total: 01:17:31/02:01:23]: metapost-examples [1k]
Installing [2954/5162, time/total: 01:17:32/02:01:24]: metapost.windows [969k]
Installing [2955/5162, time/total: 01:17:34/02:01:21]: metastr [8k]
Installing [2956/5162, time/total: 01:17:35/02:01:22]: metatex [4k]
Installing [2957/5162, time/total: 01:17:37/02:01:26]: metatype1 [1k]
Installing [2958/5162, time/total: 01:17:38/02:01:27]: metauml [21k]
Installing [2959/5162, time/total: 01:17:39/02:01:29]: method [3k]
Installing [2960/5162, time/total: 01:17:41/02:01:32]: metre [11k]
Installing [2961/5162, time/total: 01:17:42/02:01:33]: metrix [6k]
Installing [2962/5162, time/total: 01:17:43/02:01:35]: metsymb [17k]
Installing [2963/5162, time/total: 01:17:45/02:01:38]: mex [12k]
Installing [2964/5162, time/total: 01:17:46/02:01:39]: mex.windows [3k]
Installing [2965/5162, time/total: 01:17:47/02:01:41]: mf2pt1 [15k]
Installing [2966/5162, time/total: 01:17:49/02:01:44]: mf2pt1.windows [3k]
Installing [2967/5162, time/total: 01:17:50/02:01:45]: mfb-oldstyle [807k]
Installing [2968/5162, time/total: 01:17:53/02:01:45]: mfirstuc [6k]
Installing [2969/5162, time/total: 01:17:55/02:01:48]: mflogo [2k]
Installing [2970/5162, time/total: 01:17:57/02:01:51]: mflogo-font [18k]
Installing [2971/5162, time/total: 01:17:59/02:01:54]: mflua [31k]
Installing [2972/5162, time/total: 01:18:01/02:01:57]: mflua.windows [1267k]
Installing [2973/5162, time/total: 01:18:05/02:01:54]: mfnfss [3k]
Installing [2974/5162, time/total: 01:18:07/02:01:57]: mfpic [46k]
Installing [2975/5162, time/total: 01:18:13/02:02:06]: mfpic4ode [3k]
Installing [2976/5162, time/total: 01:18:15/02:02:10]: mftinc [3k]
Installing [2977/5162, time/total: 01:18:16/02:02:11]: mfware [4k]
Installing [2978/5162, time/total: 01:18:17/02:02:13]: mfware.windows [67k]
Installing [2979/5162, time/total: 01:18:19/02:02:15]: mgltex [7k]
Installing [2980/5162, time/total: 01:18:21/02:02:18]: mhchem [181k]
Installing [2981/5162, time/total: 01:18:23/02:02:20]: mhequ [5k]
Installing [2982/5162, time/total: 01:18:25/02:02:23]: mi-solns [3k]
Installing [2983/5162, time/total: 01:18:27/02:02:26]: miama [507k]
Installing [2984/5162, time/total: 01:18:29/02:02:26]: microtype [58k]
Installing [2985/5162, time/total: 01:18:31/02:02:29]: microtype-de [1k]
Installing [2986/5162, time/total: 01:18:32/02:02:30]: midnight [16k]
Installing [2987/5162, time/total: 01:18:34/02:02:33]: midpage [1k]
Installing [2988/5162, time/total: 01:18:35/02:02:35]: milestonetimeline [3k]
Installing [2989/5162, time/total: 01:18:36/02:02:37]: miller [2k]
Installing [2990/5162, time/total: 01:18:37/02:02:38]: milog [4k]
Installing [2991/5162, time/total: 01:18:38/02:02:40]: milsymb [22k]
Installing [2992/5162, time/total: 01:18:40/02:02:43]: mindflow [3k]
Installing [2993/5162, time/total: 01:18:41/02:02:44]: minibox [2k]
Installing [2994/5162, time/total: 01:18:42/02:02:46]: minidocument [2k]
Installing [2995/5162, time/total: 01:18:44/02:02:49]: minifp [10k]
Installing [2996/5162, time/total: 01:18:45/02:02:50]: minim [25k]
Installing [2997/5162, time/total: 01:18:47/02:02:53]: minim-hatching [3k]
Installing [2998/5162, time/total: 01:18:48/02:02:55]: minim-math [34k]
Installing [2999/5162, time/total: 01:18:49/02:02:56]: minim-mp [23k]
Installing [3000/5162, time/total: 01:18:51/02:02:59]: minim-pdf [18k]
Installing [3001/5162, time/total: 01:18:53/02:03:02]: minim-xmp [7k]
Installing [3002/5162, time/total: 01:18:54/02:03:04]: minimalist [14k]
Installing [3003/5162, time/total: 01:18:55/02:03:05]: minipage-marginpar [2k]
Installing [3004/5162, time/total: 01:18:57/02:03:08]: miniplot [7k]
Installing [3005/5162, time/total: 01:18:58/02:03:10]: minitoc [41k]
Installing [3006/5162, time/total: 01:18:59/02:03:11]: minorrevision [2k]
Installing [3007/5162, time/total: 01:19:01/02:03:14]: minted [1265k]
Installing [3008/5162, time/total: 01:19:04/02:03:10]: minted-code [2k]
Installing [3009/5162, time/total: 01:19:06/02:03:13]: minted.windows [3k]
Installing [3010/5162, time/total: 01:19:07/02:03:15]: mintspirit [1080k]
Installing [3011/5162, time/total: 01:19:10/02:03:12]: minutes [9k]
Installing [3012/5162, time/total: 01:19:11/02:03:13]: mismath [7k]
Installing [3013/5162, time/total: 01:19:13/02:03:17]: missaali [84k]
Installing [3014/5162, time/total: 01:19:15/02:03:19]: mitthesis [18k]
Installing [3015/5162, time/total: 01:19:17/02:03:22]: mkgrkindex [3k]
Installing [3016/5162, time/total: 01:19:18/02:03:24]: mkgrkindex.windows [3k]
Installing [3017/5162, time/total: 01:19:20/02:03:27]: mkjobtexmf [8k]
Installing [3018/5162, time/total: 01:19:21/02:03:28]: mkjobtexmf.windows [3k]
Installing [3019/5162, time/total: 01:19:22/02:03:30]: mkpattern [5k]
Installing [3020/5162, time/total: 01:19:23/02:03:31]: mkpic [9k]
Installing [3021/5162, time/total: 01:19:25/02:03:34]: mkpic.windows [3k]
Installing [3022/5162, time/total: 01:19:27/02:03:37]: mla-paper [3k]
Installing [3023/5162, time/total: 01:19:29/02:03:40]: mlacls [3k]
Installing [3024/5162, time/total: 01:19:30/02:03:42]: mlawriter [2k]
Installing [3025/5162, time/total: 01:19:31/02:03:44]: mleftright [3k]
Installing [3026/5162, time/total: 01:19:33/02:03:47]: mlist [3k]
Installing [3027/5162, time/total: 01:19:34/02:03:48]: mlmodern [7418k]
Installing [3028/5162, time/total: 01:19:40/02:03:07]: mltex [7k]
Installing [3029/5162, time/total: 01:19:42/02:03:10]: mltex.windows [3k]
Installing [3030/5162, time/total: 01:19:43/02:03:11]: mluexercise [5k]
Installing [3031/5162, time/total: 01:19:44/02:03:13]: mmap [19k]
Installing [3032/5162, time/total: 01:19:46/02:03:16]: mnhyphn [3k]
Installing [3033/5162, time/total: 01:19:47/02:03:17]: mnotes [3k]
Installing [3034/5162, time/total: 01:19:48/02:03:19]: mnras [26k]
Installing [3035/5162, time/total: 01:19:50/02:03:22]: mnsymbol [4323k]
Installing [3036/5162, time/total: 01:19:57/02:03:03]: modeles-factures-belges-assocs [3k]
Installing [3037/5162, time/total: 01:19:58/02:03:05]: modernclassnotes [6k]
Installing [3038/5162, time/total: 01:19:59/02:03:06]: moderncv [36k]
Installing [3039/5162, time/total: 01:20:01/02:03:09]: modernnewspaper [3k]
Installing [3040/5162, time/total: 01:20:03/02:03:12]: modernposter [3k]
Installing [3041/5162, time/total: 01:20:03/02:03:12]: modernruler [8k]
Installing [3042/5162, time/total: 01:20:05/02:03:15]: moderntimeline [3k]
Installing [3043/5162, time/total: 01:20:06/02:03:17]: modes [27k]
Installing [3044/5162, time/total: 01:20:08/02:03:19]: modiagram [9k]
Installing [3045/5162, time/total: 01:20:10/02:03:22]: modref [3k]
Installing [3046/5162, time/total: 01:20:11/02:03:24]: modroman [3k]
Installing [3047/5162, time/total: 01:20:12/02:03:25]: modular [1k]
Installing [3048/5162, time/total: 01:20:14/02:03:29]: modulus [2k]
Installing [3049/5162, time/total: 01:20:14/02:03:29]: mohe-book [6k]
Installing [3050/5162, time/total: 01:20:16/02:03:32]: mohelper [6k]
Installing [3051/5162, time/total: 01:20:17/02:03:33]: moloch [9k]
Installing [3052/5162, time/total: 01:20:18/02:03:35]: monaspace-otf [7072k]
Installing [3053/5162, time/total: 01:20:24/02:02:56]: mongolian-babel [6k]
Installing [3054/5162, time/total: 01:20:25/02:02:57]: monofill [4k]
Installing [3055/5162, time/total: 01:20:26/02:02:59]: monoref [5k]
Installing [3056/5162, time/total: 01:20:28/02:03:02]: montex [1575k]
Installing [3057/5162, time/total: 01:20:31/02:02:56]: montserrat [12283k]
Installing [3058/5162, time/total: 01:20:38/02:01:45]: moodle [37k]
Installing [3059/5162, time/total: 01:20:39/02:01:46]: moreenum [3k]
Installing [3060/5162, time/total: 01:20:40/02:01:48]: morefloats [5k]
Installing [3061/5162, time/total: 01:20:41/02:01:49]: morehype [62k]
Installing [3062/5162, time/total: 01:20:43/02:01:52]: moremath [7k]
Installing [3063/5162, time/total: 01:20:44/02:01:53]: moresize [2k]
Installing [3064/5162, time/total: 01:20:46/02:01:56]: moreverb [3k]
Installing [3065/5162, time/total: 01:20:47/02:01:58]: morewrites [6k]
Installing [3066/5162, time/total: 01:20:48/02:01:59]: morisawa [9k]
Installing [3067/5162, time/total: 01:20:49/02:02:01]: morse-simple [5k]
Installing [3068/5162, time/total: 01:20:51/02:02:04]: mousik [15k]
Installing [3069/5162, time/total: 01:20:52/02:02:05]: movement-arrows [2k]
Installing [3070/5162, time/total: 01:20:53/02:02:07]: movie15 [24k]
Installing [3071/5162, time/total: 01:20:55/02:02:09]: mp-gears [6k]
Installing [3072/5162, time/total: 01:20:56/02:02:11]: mp-geom2d [17k]
Installing [3073/5162, time/total: 01:20:57/02:02:12]: mp-neuralnetwork [4k]
Installing [3074/5162, time/total: 01:20:58/02:02:14]: mp3d [23k]
Installing [3075/5162, time/total: 01:21:00/02:02:17]: mparhack [3k]
Installing [3076/5162, time/total: 01:21:01/02:02:18]: mparrows [2k]
Installing [3077/5162, time/total: 01:21:03/02:02:21]: mpattern [3k]
Installing [3078/5162, time/total: 01:21:04/02:02:23]: mpchess [30k]
Installing [3079/5162, time/total: 01:21:06/02:02:25]: mpcolornames [7k]
Installing [3080/5162, time/total: 01:21:07/02:02:27]: mpfonts [5838k]
Installing [3081/5162, time/total: 01:21:14/02:01:59]: mpgraphics [5k]
Installing [3082/5162, time/total: 01:21:15/02:02:00]: mpkiviat [3k]
Installing [3083/5162, time/total: 01:21:16/02:02:02]: mpman-ru [1k]
Installing [3084/5162, time/total: 01:21:18/02:02:05]: mpostinl [6k]
Installing [3085/5162, time/total: 01:21:18/02:02:05]: mptopdf [37k]
Installing [3086/5162, time/total: 01:21:20/02:02:08]: mptopdf.windows [3k]
Installing [3087/5162, time/total: 01:21:22/02:02:11]: mptrees [12k]
Installing [3088/5162, time/total: 01:21:23/02:02:12]: msc [20k]
Installing [3089/5162, time/total: 01:21:25/02:02:15]: msg [8k]
Installing [3090/5162, time/total: 01:21:26/02:02:16]: mslapa [9k]
Installing [3091/5162, time/total: 01:21:28/02:02:19]: msu-thesis [14k]
Installing [3092/5162, time/total: 01:21:29/02:02:21]: mtgreek [2k]
Installing [3093/5162, time/total: 01:21:30/02:02:22]: mucproc [6k]
Installing [3094/5162, time/total: 01:21:32/02:02:25]: mugsthesis [3k]
Installing [3095/5162, time/total: 01:21:33/02:02:27]: muling [3k]
Installing [3096/5162, time/total: 01:21:34/02:02:28]: multenum [2k]
Installing [3097/5162, time/total: 01:21:35/02:02:30]: multi-sudoku [2k]
Installing [3098/5162, time/total: 01:21:37/02:02:33]: multiaudience [2k]
Installing [3099/5162, time/total: 01:21:38/02:02:34]: multibbl [2k]
Installing [3100/5162, time/total: 01:21:39/02:02:36]: multibib [17k]
Installing [3101/5162, time/total: 01:21:40/02:02:37]: multibibliography [9k]
Installing [3102/5162, time/total: 01:21:42/02:02:40]: multibibliography.windows [3k]
Installing [3103/5162, time/total: 01:21:43/02:02:41]: multicap [2k]
Installing [3104/5162, time/total: 01:21:44/02:02:43]: multicolrule [4k]
Installing [3105/5162, time/total: 01:21:45/02:02:44]: multicoltab [4k]
Installing [3106/5162, time/total: 01:21:47/02:02:47]: multidef [3k]
Installing [3107/5162, time/total: 01:21:48/02:02:49]: multido [4k]
Installing [3108/5162, time/total: 01:21:50/02:02:52]: multienv [2k]
Installing [3109/5162, time/total: 01:21:50/02:02:52]: multiexpand [2k]
Installing [3110/5162, time/total: 01:21:52/02:02:55]: multifootnote [4k]
Installing [3111/5162, time/total: 01:21:53/02:02:56]: multilang [4k]
Installing [3112/5162, time/total: 01:21:55/02:02:59]: multinotes [7k]
Installing [3113/5162, time/total: 01:21:56/02:03:01]: multiobjective [2k]
Installing [3114/5162, time/total: 01:21:57/02:03:02]: multiple-choice [2k]
Installing [3115/5162, time/total: 01:21:59/02:03:05]: multirow [3k]
Installing [3116/5162, time/total: 01:22:00/02:03:07]: multitoc [2k]
Installing [3117/5162, time/total: 01:22:01/02:03:08]: munich [7k]
Installing [3118/5162, time/total: 01:22:02/02:03:10]: musical [6k]
Installing [3119/5162, time/total: 01:22:04/02:03:13]: musicography [5k]
Installing [3120/5162, time/total: 01:22:05/02:03:14]: musikui [3k]
Installing [3121/5162, time/total: 01:22:07/02:03:17]: musixguit [3k]
Installing [3122/5162, time/total: 01:22:09/02:03:20]: musixtex [106k]
Installing [3123/5162, time/total: 01:22:12/02:03:24]: musixtex-fonts [5000k]
Installing [3124/5162, time/total: 01:22:17/02:02:58]: musixtex.windows [3k]
Installing [3125/5162, time/total: 01:22:19/02:03:01]: musixtnt [2k]
Installing [3126/5162, time/total: 01:22:20/02:03:03]: musixtnt.windows [7k]
Installing [3127/5162, time/total: 01:22:22/02:03:06]: musuos [4k]
Installing [3128/5162, time/total: 01:22:24/02:03:09]: muthesis [8k]
Installing [3129/5162, time/total: 01:22:26/02:03:12]: mversion [2k]
Installing [3130/5162, time/total: 01:22:28/02:03:15]: mwcls [11k]
Installing [3131/5162, time/total: 01:22:29/02:03:16]: mwe [789k]
Installing [3132/5162, time/total: 01:22:33/02:03:17]: mweights [2k]
Installing [3133/5162, time/total: 01:22:34/02:03:18]: mxedruli [136k]
Installing [3134/5162, time/total: 01:22:37/02:03:22]: mycv [8k]
Installing [3135/5162, time/total: 01:22:38/02:03:23]: mylatex [4k]
Installing [3136/5162, time/total: 01:22:40/02:03:26]: mylatexformat [5k]
Installing [3137/5162, time/total: 01:22:41/02:03:28]: mynsfc [4k]
Installing [3138/5162, time/total: 01:22:43/02:03:31]: mystyletau [3k]
Installing [3139/5162, time/total: 01:22:44/02:03:32]: na-box [3k]
Installing [3140/5162, time/total: 01:22:46/02:03:35]: na-cover [3k]
Installing [3141/5162, time/total: 01:22:47/02:03:37]: na-fancyborders [3k]
Installing [3142/5162, time/total: 01:22:49/02:03:40]: na-list [3k]
Installing [3143/5162, time/total: 01:22:51/02:03:43]: na-position [2k]
Installing [3144/5162, time/total: 01:22:52/02:03:44]: na-tikzornament [4k]
Installing [3145/5162, time/total: 01:22:54/02:03:47]: na-urmborder [2k]
Installing [3146/5162, time/total: 01:22:55/02:03:49]: nag [8k]
Installing [3147/5162, time/total: 01:22:56/02:03:50]: naive-ebnf [3k]
Installing [3148/5162, time/total: 01:22:58/02:03:53]: nameauth [8k]
Installing [3149/5162, time/total: 01:22:59/02:03:54]: namedef [4k]
Installing [3150/5162, time/total: 01:23:01/02:03:57]: namedtensor [1k]
Installing [3151/5162, time/total: 01:23:02/02:03:59]: namespc [1k]
Installing [3152/5162, time/total: 01:23:04/02:04:02]: nanicolle [6k]
Installing [3153/5162, time/total: 01:23:05/02:04:03]: nanumtype1 [27581k]
Installing [3154/5162, time/total: 01:26:05/02:05:27]: nar [7k]
Installing [3155/5162, time/total: 01:26:06/02:05:29]: natbib [17k]
Installing [3156/5162, time/total: 01:26:07/02:05:30]: natded [3k]
Installing [3157/5162, time/total: 01:26:09/02:05:33]: nath [22k]
Installing [3158/5162, time/total: 01:26:10/02:05:34]: nature [10k]
Installing [3159/5162, time/total: 01:26:11/02:05:35]: navigator [7k]
Installing [3160/5162, time/total: 01:26:12/02:05:37]: navydocs [5k]
Installing [3161/5162, time/total: 01:26:14/02:05:40]: ncclatex [18k]
Installing [3162/5162, time/total: 01:26:15/02:05:41]: ncctools [24k]
Installing [3163/5162, time/total: 01:26:17/02:05:44]: nchairx [12k]
Installing [3164/5162, time/total: 01:26:19/02:05:47]: ncntrsbk [285k]
Installing [3165/5162, time/total: 01:26:21/02:05:48]: nddiss [12k]
Installing [3166/5162, time/total: 01:26:22/02:05:49]: ndsu-thesis [4k]
Installing [3167/5162, time/total: 01:26:24/02:05:52]: ndsu-thesis-2022 [8k]
Installing [3168/5162, time/total: 01:26:25/02:05:53]: needspace [1k]
Installing [3169/5162, time/total: 01:26:27/02:05:56]: nehgs-register [6k]
Installing [3170/5162, time/total: 01:26:28/02:05:58]: neoschool [51k]
Installing [3171/5162, time/total: 01:26:30/02:06:00]: nestquot [2k]
Installing [3172/5162, time/total: 01:26:31/02:06:02]: neuralnetwork [4k]
Installing [3173/5162, time/total: 01:26:32/02:06:03]: nevelok [2k]
Installing [3174/5162, time/total: 01:26:34/02:06:06]: newcastle-bst [7k]
Installing [3175/5162, time/total: 01:26:35/02:06:08]: newcommand [1k]
Installing [3176/5162, time/total: 01:26:37/02:06:10]: newcomputermodern [8842k]
Installing [3177/5162, time/total: 01:26:43/02:05:21]: newenviron [3k]
Installing [3178/5162, time/total: 01:26:44/02:05:23]: newfile [3k]
Installing [3179/5162, time/total: 01:26:46/02:05:26]: newfloat [7k]
Installing [3180/5162, time/total: 01:26:47/02:05:27]: newlfm [20k]
Installing [3181/5162, time/total: 01:26:48/02:05:28]: newpax [10k]
Installing [3182/5162, time/total: 01:26:50/02:05:31]: newpx [4665k]
Installing [3183/5162, time/total: 01:26:54/02:05:07]: newsletr [17k]
Installing [3184/5162, time/total: 01:26:56/02:05:10]: newspaper [2k]
Installing [3185/5162, time/total: 01:26:57/02:05:11]: newtx [5931k]
Installing [3186/5162, time/total: 01:27:03/02:04:42]: newtxsf [104k]
Installing [3187/5162, time/total: 01:27:05/02:04:44]: newtxtt [163k]
Installing [3188/5162, time/total: 01:27:07/02:04:46]: newunicodechar [3k]
Installing [3189/5162, time/total: 01:27:08/02:04:47]: newvbtm [4k]
Installing [3190/5162, time/total: 01:27:09/02:04:48]: newverbs [3k]
Installing [3191/5162, time/total: 01:27:11/02:04:51]: nextpage [2k]
Installing [3192/5162, time/total: 01:27:13/02:04:54]: nfssext-cfr [9k]
Installing [3193/5162, time/total: 01:27:14/02:04:55]: nicefilelist [9k]
Installing [3194/5162, time/total: 01:27:15/02:04:57]: niceframe [34k]
Installing [3195/5162, time/total: 01:27:16/02:04:58]: niceframe-type1 [270k]
Installing [3196/5162, time/total: 01:27:19/02:05:01]: nicematrix [50k]
Installing [3197/5162, time/total: 01:27:21/02:05:03]: nicetext [54k]
Installing [3198/5162, time/total: 01:27:23/02:05:06]: nidanfloat [5k]
Installing [3199/5162, time/total: 01:27:24/02:05:07]: nih [3k]
Installing [3200/5162, time/total: 01:27:25/02:05:09]: nihbiosketch [3k]
Installing [3201/5162, time/total: 01:27:26/02:05:10]: nimbus15 [3727k]
Installing [3202/5162, time/total: 01:27:29/02:04:50]: nimsticks [3k]
Installing [3203/5162, time/total: 01:27:30/02:04:52]: ninecolors [3k]
Installing [3204/5162, time/total: 01:27:31/02:04:53]: njurepo [11k]
Installing [3205/5162, time/total: 01:27:32/02:04:55]: njustthesis [5k]
Installing [3206/5162, time/total: 01:27:33/02:04:56]: njuthesis [24k]
Installing [3207/5162, time/total: 01:27:34/02:04:57]: njuvisual [207k]
Installing [3208/5162, time/total: 01:27:36/02:04:59]: nkarta [27k]
Installing [3209/5162, time/total: 01:27:37/02:05:00]: nl-interval [2k]
Installing [3210/5162, time/total: 01:27:38/02:05:01]: nlctdoc [30k]
Installing [3211/5162, time/total: 01:27:40/02:05:04]: nmbib [9k]
Installing [3212/5162, time/total: 01:27:41/02:05:05]: nndraw [3k]
Installing [3213/5162, time/total: 01:27:42/02:05:07]: nnext [2k]
Installing [3214/5162, time/total: 01:27:44/02:05:10]: noconflict [2k]
Installing [3215/5162, time/total: 01:27:45/02:05:11]: nodepthtext [2k]
Installing [3216/5162, time/total: 01:27:46/02:05:13]: nodetree [18k]
Installing [3217/5162, time/total: 01:27:48/02:05:15]: noindentafter [2k]
Installing [3218/5162, time/total: 01:27:49/02:05:17]: noitcrul [2k]
Installing [3219/5162, time/total: 01:27:50/02:05:18]: nolbreaks [3k]
Installing [3220/5162, time/total: 01:27:51/02:05:20]: nomencl [4k]
Installing [3221/5162, time/total: 01:27:53/02:05:22]: nomentbl [3k]
Installing [3222/5162, time/total: 01:27:54/02:05:24]: non-decimal-units [7k]
Installing [3223/5162, time/total: 01:27:56/02:05:27]: nonfloat [2k]
Installing [3224/5162, time/total: 01:27:57/02:05:28]: nonumonpart [2k]
Installing [3225/5162, time/total: 01:27:58/02:05:29]: nopageno [1k]
Installing [3226/5162, time/total: 01:28:00/02:05:32]: norasi-c90 [9k]
Installing [3227/5162, time/total: 01:28:01/02:05:34]: normalcolor [2k]
Installing [3228/5162, time/total: 01:28:02/02:05:35]: nostarch [11k]
Installing [3229/5162, time/total: 01:28:04/02:05:38]: notebeamer [3k]
Installing [3230/5162, time/total: 01:28:05/02:05:39]: notes [7k]
Installing [3231/5162, time/total: 01:28:07/02:05:42]: notes2bib [5k]
Installing [3232/5162, time/total: 01:28:08/02:05:43]: notespages [6k]
Installing [3233/5162, time/total: 01:28:10/02:05:46]: notestex [7k]
Installing [3234/5162, time/total: 01:28:12/02:05:49]: notex-bst [5k]
Installing [3235/5162, time/total: 01:28:14/02:05:52]: noto [25941k]
Installing [3236/5162, time/total: 01:28:26/02:03:26]: noto-emoji [9035k]
Installing [3237/5162, time/total: 01:28:33/02:02:40]: notoccite [2k]
Installing [3238/5162, time/total: 01:28:35/02:02:43]: notomath [209k]
Installing [3239/5162, time/total: 01:28:39/02:02:47]: novabeamer-theme [3k]
Installing [3240/5162, time/total: 01:28:40/02:02:48]: novel [114k]
Installing [3241/5162, time/total: 01:28:42/02:02:50]: nowidow [2k]
Installing [3242/5162, time/total: 01:28:43/02:02:52]: nox [5k]
Installing [3243/5162, time/total: 01:28:45/02:02:55]: nrc [15k]
Installing [3244/5162, time/total: 01:28:46/02:02:56]: nstc-proposal [3k]
Installing [3245/5162, time/total: 01:28:48/02:02:59]: ntgclass [16k]
Installing [3246/5162, time/total: 01:28:49/02:03:00]: nth [2k]
Installing [3247/5162, time/total: 01:28:51/02:03:03]: ntheorem [10k]
Installing [3248/5162, time/total: 01:28:51/02:03:03]: ntheorem-vn [1k]
Installing [3249/5162, time/total: 01:28:53/02:03:05]: nuc [2k]
Installing [3250/5162, time/total: 01:28:54/02:03:07]: nucleardata [126k]
Installing [3251/5162, time/total: 01:28:57/02:03:10]: numberedblock [3k]
Installing [3252/5162, time/total: 01:28:58/02:03:11]: numberpt [3k]
Installing [3253/5162, time/total: 01:28:59/02:03:13]: numbersets [2k]
Installing [3254/5162, time/total: 01:29:01/02:03:16]: numerica [21k]
Installing [3255/5162, time/total: 01:29:02/02:03:17]: numerica-plus [6k]
Installing [3256/5162, time/total: 01:29:03/02:03:18]: numerica-tables [11k]
Installing [3257/5162, time/total: 01:29:04/02:03:20]: numericplots [9k]
Installing [3258/5162, time/total: 01:29:06/02:03:22]: numname [3k]
Installing [3259/5162, time/total: 01:29:07/02:03:24]: numnameru [3k]
Installing [3260/5162, time/total: 01:29:09/02:03:26]: numodel-bundle [36k]
Installing [3261/5162, time/total: 01:29:11/02:03:29]: numprint [11k]
Installing [3262/5162, time/total: 01:29:12/02:03:30]: numspell [14k]
Installing [3263/5162, time/total: 01:29:13/02:03:32]: nunito [4520k]
Installing [3264/5162, time/total: 01:29:18/02:03:11]: nwafupaper [24k]
Installing [3265/5162, time/total: 01:29:20/02:03:13]: nwafuthesis [21k]
Installing [3266/5162, time/total: 01:29:22/02:03:16]: nwejm [3717k]
Installing [3267/5162, time/total: 01:29:28/02:03:02]: nxtlatex [6k]
Installing [3268/5162, time/total: 01:29:30/02:03:05]: nxuthesis [29k]
Installing [3269/5162, time/total: 01:29:32/02:03:07]: oberdiek [32k]
Installing [3270/5162, time/total: 01:29:34/02:03:10]: objectz [10k]
Installing [3271/5162, time/total: 01:29:35/02:03:11]: obnov [57k]
Installing [3272/5162, time/total: 01:29:38/02:03:15]: ocg-p [5k]
Installing [3273/5162, time/total: 01:29:40/02:03:17]: ocgx [3k]
Installing [3274/5162, time/total: 01:29:41/02:03:19]: ocgx2 [17k]
Installing [3275/5162, time/total: 01:29:43/02:03:21]: ocherokee [70k]
Installing [3276/5162, time/total: 01:29:45/02:03:24]: ocr-b [10k]
Installing [3277/5162, time/total: 01:29:47/02:03:27]: ocr-b-outline [237k]
Installing [3278/5162, time/total: 01:29:50/02:03:29]: ocr-latex [2k]
Installing [3279/5162, time/total: 01:29:51/02:03:31]: octave [3k]
Installing [3280/5162, time/total: 01:29:53/02:03:33]: octavo [7k]
Installing [3281/5162, time/total: 01:29:55/02:03:36]: odesandpdes [4k]
Installing [3282/5162, time/total: 01:29:56/02:03:37]: odsfile [6k]
Installing [3283/5162, time/total: 01:29:57/02:03:39]: ofs [52k]
Installing [3284/5162, time/total: 01:29:59/02:03:41]: ogham [2k]
Installing [3285/5162, time/total: 01:30:00/02:03:42]: oinuit [145k]
Installing [3286/5162, time/total: 01:30:03/02:03:46]: old-arrows [32k]
Installing [3287/5162, time/total: 01:30:05/02:03:48]: oldlatin [33k]
Installing [3288/5162, time/total: 01:30:06/02:03:49]: oldstandard [2268k]
Installing [3289/5162, time/total: 01:30:10/02:03:41]: oldstyle [2k]
Installing [3290/5162, time/total: 01:30:11/02:03:43]: olsak-misc [30k]
Installing [3291/5162, time/total: 01:30:13/02:03:45]: omega [969k]
Installing [3292/5162, time/total: 01:30:16/02:03:43]: omegaware [1k]
Installing [3293/5162, time/total: 01:30:17/02:03:45]: omegaware.windows [199k]
Installing [3294/5162, time/total: 01:30:19/02:03:46]: omgtudoc-asoiu [7k]
Installing [3295/5162, time/total: 01:30:20/02:03:48]: onedown [19k]
Installing [3296/5162, time/total: 01:30:22/02:03:50]: onepgnote [3k]
Installing [3297/5162, time/total: 01:30:23/02:03:52]: onlinebrief24 [10k]
Installing [3298/5162, time/total: 01:30:24/02:03:53]: onlyamsmath [2k]
Installing [3299/5162, time/total: 01:30:26/02:03:56]: onrannual [3k]
Installing [3300/5162, time/total: 01:30:27/02:03:57]: opbible [29k]
Installing [3301/5162, time/total: 01:30:28/02:03:58]: opcit [7k]
Installing [3302/5162, time/total: 01:30:29/02:03:59]: open-everyday-symbols [2k]
Installing [3303/5162, time/total: 01:30:31/02:04:02]: opencolor [2k]
Installing [3304/5162, time/total: 01:30:32/02:04:04]: openmoji [4850k]
Installing [3305/5162, time/total: 01:30:37/02:03:41]: opensans [1979k]
Installing [3306/5162, time/total: 01:30:44/02:03:39]: oplotsymbl [4k]
Installing [3307/5162, time/total: 01:30:45/02:03:40]: opteng [6k]
Installing [3308/5162, time/total: 01:30:46/02:03:41]: optex [864k]
Installing [3309/5162, time/total: 01:30:49/02:03:40]: optex.windows [3k]
Installing [3310/5162, time/total: 01:30:50/02:03:41]: optexcount [8k]
Installing [3311/5162, time/total: 01:30:52/02:03:44]: optexcount.windows [3k]
Installing [3312/5162, time/total: 01:30:53/02:03:45]: optidef [5k]
Installing [3313/5162, time/total: 01:30:55/02:03:48]: optikz [6k]
Installing [3314/5162, time/total: 01:30:56/02:03:50]: optional [4k]
Installing [3315/5162, time/total: 01:30:58/02:03:52]: options [11k]
Installing [3316/5162, time/total: 01:30:59/02:03:54]: orbitals [5k]
Installing [3317/5162, time/total: 01:31:00/02:03:55]: orcidlink [2k]
Installing [3318/5162, time/total: 01:31:01/02:03:56]: ordinalpt [2k]
Installing [3319/5162, time/total: 01:31:03/02:03:59]: orientation [1k]
Installing [3320/5162, time/total: 01:31:04/02:04:00]: orkhun [3k]
Installing [3321/5162, time/total: 01:31:06/02:04:03]: oscola [23k]
Installing [3322/5162, time/total: 01:31:07/02:04:04]: oststud [7k]
Installing [3323/5162, time/total: 01:31:09/02:04:07]: oswald [896k]
Installing [3324/5162, time/total: 01:31:12/02:04:06]: ot-tableau [3k]
Installing [3325/5162, time/total: 01:31:14/02:04:08]: othello [6k]
Installing [3326/5162, time/total: 01:31:15/02:04:10]: othelloboard [7k]
Installing [3327/5162, time/total: 01:31:16/02:04:11]: otibet [95k]
Installing [3328/5162, time/total: 01:31:18/02:04:13]: ou-tma [4k]
Installing [3329/5162, time/total: 01:31:19/02:04:14]: oubraces [2k]
Installing [3330/5162, time/total: 01:31:21/02:04:17]: oup-authoring-template [27k]
Installing [3331/5162, time/total: 01:31:22/02:04:18]: outerhbox [2k]
Installing [3332/5162, time/total: 01:31:23/02:04:20]: outilsgeomtikz [8k]
Installing [3333/5162, time/total: 01:31:24/02:04:21]: outline [2k]
Installing [3334/5162, time/total: 01:31:25/02:04:22]: outliner [4k]
Installing [3335/5162, time/total: 01:31:27/02:04:25]: outlines [2k]
Installing [3336/5162, time/total: 01:31:28/02:04:26]: outlining [2k]
Installing [3337/5162, time/total: 01:31:29/02:04:28]: outoruby [6k]
Installing [3338/5162, time/total: 01:31:31/02:04:30]: overarrows [7k]
Installing [3339/5162, time/total: 01:31:32/02:04:32]: overlays [3k]
Installing [3340/5162, time/total: 01:31:33/02:04:33]: overlock [577k]
Installing [3341/5162, time/total: 01:31:36/02:04:34]: overpic [2k]
Installing [3342/5162, time/total: 01:31:38/02:04:36]: pacioli [15k]
Installing [3343/5162, time/total: 01:31:39/02:04:38]: packdoc [7k]
Installing [3344/5162, time/total: 01:31:41/02:04:40]: padcount [2k]
Installing [3345/5162, time/total: 01:31:42/02:04:42]: page-canons [11k]
Installing [3346/5162, time/total: 01:31:43/02:04:43]: pagecolor [3k]
Installing [3347/5162, time/total: 01:31:44/02:04:44]: pagecont [2k]
Installing [3348/5162, time/total: 01:31:45/02:04:46]: pagegrid [4k]
Installing [3349/5162, time/total: 01:31:47/02:04:48]: pagelayout [26k]
Installing [3350/5162, time/total: 01:31:49/02:04:51]: pagella-otf [3k]
Installing [3351/5162, time/total: 01:31:50/02:04:52]: pagenote [3k]
Installing [3352/5162, time/total: 01:31:52/02:04:55]: pagerange [4k]
Installing [3353/5162, time/total: 01:31:53/02:04:56]: pagesel [3k]
Installing [3354/5162, time/total: 01:31:54/02:04:58]: pageslts [9k]
Installing [3355/5162, time/total: 01:31:55/02:04:59]: palatino [319k]
Installing [3356/5162, time/total: 01:31:58/02:05:01]: palette [2k]
Installing [3357/5162, time/total: 01:31:59/02:05:02]: panda [31k]
Installing [3358/5162, time/total: 01:32:01/02:05:05]: pangram [2k]
Installing [3359/5162, time/total: 01:32:02/02:05:06]: panneauxroute [462k]
Installing [3360/5162, time/total: 01:32:04/02:05:06]: paper [8k]
Installing [3361/5162, time/total: 01:32:06/02:05:09]: papercdcase [4k]
Installing [3362/5162, time/total: 01:32:07/02:05:10]: papermas [4k]
Installing [3363/5162, time/total: 01:32:08/02:05:12]: papertex [6k]
Installing [3364/5162, time/total: 01:32:09/02:05:13]: papiergurvan [4k]
Installing [3365/5162, time/total: 01:32:10/02:05:14]: paracol [20k]
Installing [3366/5162, time/total: 01:32:11/02:05:16]: paracolrule [3k]
Installing [3367/5162, time/total: 01:32:12/02:05:17]: parades [2k]
Installing [3368/5162, time/total: 01:32:14/02:05:20]: paralist [4k]
Installing [3369/5162, time/total: 01:32:14/02:05:20]: parallel [4k]
Installing [3370/5162, time/total: 01:32:15/02:05:21]: paramcalc [2k]
Installing [3371/5162, time/total: 01:32:16/02:05:22]: paratype [4068k]
Installing [3372/5162, time/total: 01:32:20/02:05:03]: paresse [4k]
Installing [3373/5162, time/total: 01:32:21/02:05:04]: parnotes [4k]
Installing [3374/5162, time/total: 01:32:22/02:05:06]: parrun [3k]
Installing [3375/5162, time/total: 01:32:23/02:05:07]: parsa [7k]
Installing [3376/5162, time/total: 01:32:24/02:05:08]: parselines [2k]
Installing [3377/5162, time/total: 01:32:25/02:05:10]: parsimatn [377k]
Installing [3378/5162, time/total: 01:32:27/02:05:10]: parsinevis [132k]
Installing [3379/5162, time/total: 01:32:29/02:05:12]: parskip [3k]
Installing [3380/5162, time/total: 01:32:30/02:05:13]: parstat [3k]
Installing [3381/5162, time/total: 01:32:31/02:05:15]: pas-cours [3k]
Installing [3382/5162, time/total: 01:32:33/02:05:17]: pas-crosswords [3k]
Installing [3383/5162, time/total: 01:32:34/02:05:19]: pas-cv [9k]
Installing [3384/5162, time/total: 01:32:35/02:05:20]: pas-tableur [6k]
Installing [3385/5162, time/total: 01:32:36/02:05:21]: pascaltriangle [4k]
Installing [3386/5162, time/total: 01:32:37/02:05:23]: passivetex [44k]
Installing [3387/5162, time/total: 01:32:38/02:05:24]: passopt [2k]
Installing [3388/5162, time/total: 01:32:39/02:05:25]: patch [1k]
Installing [3389/5162, time/total: 01:32:40/02:05:26]: patchcmd [2k]
Installing [3390/5162, time/total: 01:32:42/02:05:29]: patgen [1k]
Installing [3391/5162, time/total: 01:32:43/02:05:30]: patgen.windows [16k]
Installing [3392/5162, time/total: 01:32:44/02:05:32]: patgen2-tutorial [1k]
Installing [3393/5162, time/total: 01:32:46/02:05:34]: path [6k]
Installing [3394/5162, time/total: 01:32:47/02:05:36]: pats-resume [2k]
Installing [3395/5162, time/total: 01:32:48/02:05:37]: pauldoc [2k]
Installing [3396/5162, time/total: 01:32:50/02:05:40]: pawpict [2k]
Installing [3397/5162, time/total: 01:32:51/02:05:41]: pax [5142k]
Installing [3398/5162, time/total: 01:32:56/02:05:17]: pax.windows [3k]
Installing [3399/5162, time/total: 01:32:57/02:05:18]: pb-diagram [16k]
Installing [3400/5162, time/total: 01:32:59/02:05:21]: pbalance [7k]
Installing [3401/5162, time/total: 01:33:00/02:05:22]: pbibtex-base [15k]
Installing [3402/5162, time/total: 01:33:01/02:05:23]: pbibtex-manual [1k]
Installing [3403/5162, time/total: 01:33:02/02:05:25]: pbox [2k]
Installing [3404/5162, time/total: 01:33:04/02:05:27]: pbsheet [6k]
Installing [3405/5162, time/total: 01:33:05/02:05:29]: pdf-trans [11k]
Installing [3406/5162, time/total: 01:33:07/02:05:31]: pdf14 [2k]
Installing [3407/5162, time/total: 01:33:08/02:05:32]: pdfannotations [3k]
Installing [3408/5162, time/total: 01:33:09/02:05:34]: pdfarticle [4k]
Installing [3409/5162, time/total: 01:33:10/02:05:35]: pdfbook2 [4k]
Installing [3410/5162, time/total: 01:33:12/02:05:38]: pdfcol [3k]
Installing [3411/5162, time/total: 01:33:13/02:05:39]: pdfcolfoot [2k]
Installing [3412/5162, time/total: 01:33:15/02:05:42]: pdfcolmk [2k]
Installing [3413/5162, time/total: 01:33:16/02:05:43]: pdfcomment [17k]
Installing [3414/5162, time/total: 01:33:18/02:05:46]: pdfcprot [7k]
Installing [3415/5162, time/total: 01:33:19/02:05:47]: pdfcrop [11k]
Installing [3416/5162, time/total: 01:33:20/02:05:48]: pdfcrop.windows [3k]
Installing [3417/5162, time/total: 01:33:22/02:05:51]: pdfescape [5k]
Installing [3418/5162, time/total: 01:33:23/02:05:52]: pdfextra [25k]
Installing [3419/5162, time/total: 01:33:25/02:05:55]: pdfjam [14k]
Installing [3420/5162, time/total: 01:33:26/02:05:56]: pdflatexpicscale [5k]
Installing [3421/5162, time/total: 01:33:28/02:05:59]: pdflatexpicscale.windows [3k]
Installing [3422/5162, time/total: 01:33:29/02:06:00]: pdflscape [3k]
Installing [3423/5162, time/total: 01:33:30/02:06:02]: pdfmanagement [63k]
Installing [3424/5162, time/total: 01:33:32/02:06:04]: pdfmarginpar [3k]
Installing [3425/5162, time/total: 01:33:33/02:06:05]: pdfmathaccents [4k]
Installing [3426/5162, time/total: 01:33:35/02:06:08]: pdfmsym [7k]
Installing [3427/5162, time/total: 01:33:37/02:06:10]: pdfoverlay [3k]
Installing [3428/5162, time/total: 01:33:38/02:06:12]: pdfpagediff [3k]
Installing [3429/5162, time/total: 01:33:40/02:06:15]: pdfpages [15k]
Installing [3430/5162, time/total: 01:33:41/02:06:16]: pdfpc [3k]
Installing [3431/5162, time/total: 01:33:42/02:06:17]: pdfpc-movie [3k]
Installing [3432/5162, time/total: 01:33:43/02:06:18]: pdfprivacy [3k]
Installing [3433/5162, time/total: 01:33:44/02:06:20]: pdfrender [5k]
Installing [3434/5162, time/total: 01:33:46/02:06:22]: pdfreview [7k]
Installing [3435/5162, time/total: 01:33:47/02:06:24]: pdfscreen [83k]
Installing [3436/5162, time/total: 01:33:50/02:06:27]: pdfslide [43k]
Installing [3437/5162, time/total: 01:33:51/02:06:28]: pdfsync [4k]
Installing [3438/5162, time/total: 01:33:52/02:06:30]: pdftex [39k]
Installing [3439/5162, time/total: 01:33:54/02:06:32]: pdftex-quiet [3k]
Installing [3440/5162, time/total: 01:33:56/02:06:35]: pdftex.windows [854k]
Installing [3441/5162, time/total: 01:33:59/02:06:34]: pdftexcmds [7k]
Installing [3442/5162, time/total: 01:34:01/02:06:36]: pdftoolbox [20k]
Installing [3443/5162, time/total: 01:34:02/02:06:38]: pdftosrc [1k]
Installing [3444/5162, time/total: 01:34:04/02:06:40]: pdftosrc.windows [388k]
Installing [3445/5162, time/total: 01:34:07/02:06:42]: pdftricks [5k]
Installing [3446/5162, time/total: 01:34:08/02:06:43]: pdftricks2 [6k]
Installing [3447/5162, time/total: 01:34:10/02:06:46]: pdfwin [16k]
Installing [3448/5162, time/total: 01:34:11/02:06:47]: pdfx [89k]
Installing [3449/5162, time/total: 01:34:13/02:06:49]: pdfxup [15k]
Installing [3450/5162, time/total: 01:34:14/02:06:51]: pecha [10k]
Installing [3451/5162, time/total: 01:34:16/02:06:53]: pedigree-perl [17k]
Installing [3452/5162, time/total: 01:34:18/02:06:56]: pedigree-perl.windows [3k]
Installing [3453/5162, time/total: 01:34:19/02:06:57]: pegmatch [5k]
Installing [3454/5162, time/total: 01:34:20/02:06:58]: penlight [100k]
Installing [3455/5162, time/total: 01:34:23/02:07:02]: penlightplus [12k]
Installing [3456/5162, time/total: 01:34:24/02:07:03]: pennstander-otf [5601k]
Installing [3457/5162, time/total: 01:34:29/02:06:36]: perception [7k]
Installing [3458/5162, time/total: 01:34:31/02:06:38]: perfectcut [5k]
Installing [3459/5162, time/total: 01:34:33/02:06:41]: perltex [8k]
Installing [3460/5162, time/total: 01:34:34/02:06:42]: perltex.windows [3k]
Installing [3461/5162, time/total: 01:34:35/02:06:44]: permute [3k]
Installing [3462/5162, time/total: 01:34:37/02:06:46]: persian-bib [22k]
Installing [3463/5162, time/total: 01:34:38/02:06:47]: petiteannonce [4k]
Installing [3464/5162, time/total: 01:34:40/02:06:50]: petri-nets [8k]
Installing [3465/5162, time/total: 01:34:42/02:06:53]: petri-nets.windows [3k]
Installing [3466/5162, time/total: 01:34:43/02:06:54]: pfarrei [5k]
Installing [3467/5162, time/total: 01:34:45/02:06:57]: pfarrei.windows [3k]
Installing [3468/5162, time/total: 01:34:46/02:06:58]: pfdicons [17k]
Installing [3469/5162, time/total: 01:34:47/02:06:59]: pgf [703k]
Installing [3470/5162, time/total: 01:34:51/02:07:00]: pgf-blur [3k]
Installing [3471/5162, time/total: 01:34:53/02:07:03]: pgf-go [14k]
Installing [3472/5162, time/total: 01:34:55/02:07:06]: pgf-interference [4k]
Installing [3473/5162, time/total: 01:34:56/02:07:07]: pgf-periodictable [519k]
Installing [3474/5162, time/total: 01:34:59/02:07:08]: pgf-pie [4k]
Installing [3475/5162, time/total: 01:35:01/02:07:10]: pgf-soroban [2k]
Installing [3476/5162, time/total: 01:35:02/02:07:12]: pgf-spectra [250k]
Installing [3477/5162, time/total: 01:35:05/02:07:14]: pgf-umlcd [4k]
Installing [3478/5162, time/total: 01:35:06/02:07:16]: pgf-umlsd [4k]
Installing [3479/5162, time/total: 01:35:08/02:07:18]: pgfgantt [8k]
Installing [3480/5162, time/total: 01:35:09/02:07:20]: pgfkeysearch [4k]
Installing [3481/5162, time/total: 01:35:10/02:07:21]: pgfkeyx [7k]
Installing [3482/5162, time/total: 01:35:11/02:07:22]: pgfmath-xfp [2k]
Installing [3483/5162, time/total: 01:35:13/02:07:25]: pgfmolbio [14k]
Installing [3484/5162, time/total: 01:35:14/02:07:26]: pgfmorepages [7k]
Installing [3485/5162, time/total: 01:35:15/02:07:27]: pgfopts [2k]
Installing [3486/5162, time/total: 01:35:17/02:07:30]: pgfornament [603k]
Installing [3487/5162, time/total: 01:35:20/02:07:30]: pgfornament-han [95k]
Installing [3488/5162, time/total: 01:35:22/02:07:32]: pgfplots [519k]
Installing [3489/5162, time/total: 01:35:25/02:07:33]: pgfplotsthemebeamer [2k]
Installing [3490/5162, time/total: 01:35:27/02:07:36]: phaistos [180k]
Installing [3491/5162, time/total: 01:35:28/02:07:36]: phfcc [6k]
Installing [3492/5162, time/total: 01:35:30/02:07:39]: phfextendedabstract [4k]
Installing [3493/5162, time/total: 01:35:31/02:07:40]: phffullpagefigure [3k]
Installing [3494/5162, time/total: 01:35:32/02:07:42]: phfnote [19k]
Installing [3495/5162, time/total: 01:35:34/02:07:44]: phfparen [3k]
Installing [3496/5162, time/total: 01:35:36/02:07:47]: phfqit [5k]
Installing [3497/5162, time/total: 01:35:37/02:07:48]: phfquotetext [2k]
Installing [3498/5162, time/total: 01:35:38/02:07:49]: phfsvnwatermark [3k]
Installing [3499/5162, time/total: 01:35:40/02:07:52]: phfthm [6k]
Installing [3500/5162, time/total: 01:35:41/02:07:53]: philex [5k]
Installing [3501/5162, time/total: 01:35:42/02:07:55]: philokalia [75k]
Installing [3502/5162, time/total: 01:35:45/02:07:58]: philosophersimprint [5k]
Installing [3503/5162, time/total: 01:35:46/02:08:00]: phimisci [10k]
Installing [3504/5162, time/total: 01:35:48/02:08:02]: phonenumbers [70k]
Installing [3505/5162, time/total: 01:35:50/02:08:04]: phonetic [23k]
Installing [3506/5162, time/total: 01:35:51/02:08:06]: phonrule [2k]
Installing [3507/5162, time/total: 01:35:53/02:08:08]: phosphoricons [765k]
Installing [3508/5162, time/total: 01:35:56/02:08:08]: photo [3k]
Installing [3509/5162, time/total: 01:35:58/02:08:10]: photobook [33k]
Installing [3510/5162, time/total: 01:36:00/02:08:13]: phtitration [4k]
Installing [3511/5162, time/total: 01:36:01/02:08:14]: physconst [6k]
Installing [3512/5162, time/total: 01:36:02/02:08:15]: physics [6k]
Installing [3513/5162, time/total: 01:36:04/02:08:18]: physics-patch [11k]
Installing [3514/5162, time/total: 01:36:05/02:08:19]: physics2 [7k]
Installing [3515/5162, time/total: 01:36:07/02:08:22]: physics3 [8k]
Installing [3516/5162, time/total: 01:36:09/02:08:24]: physunits [2k]
Installing [3517/5162, time/total: 01:36:11/02:08:27]: piano [3k]
Installing [3518/5162, time/total: 01:36:12/02:08:28]: picinpar [6k]
Installing [3519/5162, time/total: 01:36:13/02:08:30]: pict2e [8k]
Installing [3520/5162, time/total: 01:36:15/02:08:32]: pictex [41k]
Installing [3521/5162, time/total: 01:36:18/02:08:36]: pictex2 [4k]
Installing [3522/5162, time/total: 01:36:19/02:08:37]: pictexsum [1k]
Installing [3523/5162, time/total: 01:36:21/02:08:40]: pictochrono [2k]
Installing [3524/5162, time/total: 01:36:22/02:08:41]: picture [3k]
Installing [3525/5162, time/total: 01:36:24/02:08:44]: piechartmp [8k]
Installing [3526/5162, time/total: 01:36:25/02:08:45]: piff [3k]
Installing [3527/5162, time/total: 01:36:27/02:08:48]: pigpen [7k]
Installing [3528/5162, time/total: 01:36:28/02:08:49]: pinlabel [11k]
Installing [3529/5162, time/total: 01:36:30/02:08:52]: pinoutikz [3k]
Installing [3530/5162, time/total: 01:36:31/02:08:53]: pitex [23k]
Installing [3531/5162, time/total: 01:36:33/02:08:56]: piton [30k]
Installing [3532/5162, time/total: 01:36:35/02:08:58]: pittetd [9k]
Installing [3533/5162, time/total: 01:36:36/02:09:00]: pixelart [7k]
Installing [3534/5162, time/total: 01:36:38/02:09:02]: pixelarttikz [9k]
Installing [3535/5162, time/total: 01:36:40/02:09:05]: pkfix [8k]
Installing [3536/5162, time/total: 01:36:42/02:09:07]: pkfix-helper [20k]
Installing [3537/5162, time/total: 01:36:44/02:09:10]: pkfix-helper.windows [3k]
Installing [3538/5162, time/total: 01:36:45/02:09:11]: pkfix.windows [3k]
Installing [3539/5162, time/total: 01:36:46/02:09:13]: pkginfograb [3k]
Installing [3540/5162, time/total: 01:36:48/02:09:15]: pkgloader [11k]
Installing [3541/5162, time/total: 01:36:49/02:09:17]: pkuthss [17k]
Installing [3542/5162, time/total: 01:36:51/02:09:19]: pl [1885k]
Installing [3543/5162, time/total: 01:36:55/02:09:13]: pl46-fonts [74k]
Installing [3544/5162, time/total: 01:36:58/02:09:16]: placeat [4k]
Installing [3545/5162, time/total: 01:37:00/02:09:19]: placeins [3k]
Installing [3546/5162, time/total: 01:37:01/02:09:20]: placeins-plain [3k]
Installing [3547/5162, time/total: 01:37:03/02:09:23]: plain [29k]
Installing [3548/5162, time/total: 01:37:05/02:09:25]: plain-doc [1k]
Installing [3549/5162, time/total: 01:37:07/02:09:28]: plain-grid [8k]
Installing [3550/5162, time/total: 01:37:09/02:09:31]: plain-widow [5k]
Installing [3551/5162, time/total: 01:37:10/02:09:32]: plainpkg [4k]
Installing [3552/5162, time/total: 01:37:12/02:09:35]: plainyr [5k]
Installing [3553/5162, time/total: 01:37:14/02:09:37]: plantslabels [2k]
Installing [3554/5162, time/total: 01:37:16/02:09:40]: plantuml [11k]
Installing [3555/5162, time/total: 01:37:17/02:09:41]: plari [3k]
Installing [3556/5162, time/total: 01:37:19/02:09:44]: plates [6k]
Installing [3557/5162, time/total: 01:37:20/02:09:45]: platex [42k]
Installing [3558/5162, time/total: 01:37:22/02:09:48]: platex-tools [9k]
Installing [3559/5162, time/total: 01:37:24/02:09:50]: platex.windows [3k]
Installing [3560/5162, time/total: 01:37:25/02:09:52]: platexcheat [1k]
Installing [3561/5162, time/total: 01:37:27/02:09:54]: plautopatch [7k]
Installing [3562/5162, time/total: 01:37:28/02:09:56]: play [3k]
Installing [3563/5162, time/total: 01:37:30/02:09:58]: playcards [3k]
Installing [3564/5162, time/total: 01:37:31/02:09:59]: playfair [1641k]
Installing [3565/5162, time/total: 01:37:37/02:09:57]: plex [11213k]
Installing [3566/5162, time/total: 01:38:51/02:10:26]: plex-otf [3k]
Installing [3567/5162, time/total: 01:38:53/02:10:29]: plimsoll [5k]
Installing [3568/5162, time/total: 01:38:54/02:10:30]: plipsum [33k]
Installing [3569/5162, time/total: 01:38:56/02:10:32]: plnfss [7k]
Installing [3570/5162, time/total: 01:38:57/02:10:34]: plstmary [3k]
Installing [3571/5162, time/total: 01:38:59/02:10:36]: plweb [4k]
Installing [3572/5162, time/total: 01:39:00/02:10:38]: pm-isomath [3k]
Installing [3573/5162, time/total: 01:39:02/02:10:40]: pmboxdraw [8k]
Installing [3574/5162, time/total: 01:39:03/02:10:42]: pmdraw [16k]
Installing [3575/5162, time/total: 01:39:05/02:10:44]: pmgraph [10k]
Installing [3576/5162, time/total: 01:39:06/02:10:45]: pmhanguljamo [11k]
Installing [3577/5162, time/total: 01:39:07/02:10:47]: pmx [10k]
Installing [3578/5162, time/total: 01:39:09/02:10:49]: pmx.windows [244k]
Installing [3579/5162, time/total: 01:39:12/02:10:52]: pmxchords [6k]
Installing [3580/5162, time/total: 01:39:14/02:10:54]: pmxchords.windows [3k]
Installing [3581/5162, time/total: 01:39:15/02:10:56]: pnas2009 [4k]
Installing [3582/5162, time/total: 01:39:16/02:10:57]: poemscol [20k]
Installing [3583/5162, time/total: 01:39:18/02:10:59]: poetry [4k]
Installing [3584/5162, time/total: 01:39:19/02:11:01]: poetrytex [3k]
Installing [3585/5162, time/total: 01:39:21/02:11:03]: poiretone [169k]
Installing [3586/5162, time/total: 01:39:23/02:11:05]: polexpr [40k]
Installing [3587/5162, time/total: 01:39:25/02:11:07]: polski [10k]
Installing [3588/5162, time/total: 01:39:26/02:11:09]: poltawski [6658k]
Installing [3589/5162, time/total: 01:39:32/02:10:35]: polyglossia [129k]
Installing [3590/5162, time/total: 01:39:34/02:10:37]: polyhedra [4k]
Installing [3591/5162, time/total: 01:39:36/02:10:40]: polynom [11k]
Installing [3592/5162, time/total: 01:39:37/02:10:41]: polynomial [3k]
Installing [3593/5162, time/total: 01:39:38/02:10:42]: polyomino [3k]
Installing [3594/5162, time/total: 01:39:40/02:10:45]: polytable [7k]
Installing [3595/5162, time/total: 01:39:41/02:10:46]: poormanlog [4k]
Installing [3596/5162, time/total: 01:39:43/02:10:49]: postage [2k]
Installing [3597/5162, time/total: 01:39:45/02:10:51]: postcards [2k]
Installing [3598/5162, time/total: 01:39:46/02:10:53]: poster-mac [4k]
Installing [3599/5162, time/total: 01:39:47/02:10:54]: postit [5k]
Installing [3600/5162, time/total: 01:39:48/02:10:55]: postnotes [11k]
Installing [3601/5162, time/total: 01:39:50/02:10:58]: powerdot [26k]
Installing [3602/5162, time/total: 01:39:52/02:11:00]: powerdot-fuberlin [3k]
Installing [3603/5162, time/total: 01:39:53/02:11:02]: powerdot-tuliplab [1243k]
Installing [3604/5162, time/total: 01:39:58/02:11:01]: ppmcheckpdf [3k]
Installing [3605/5162, time/total: 01:39:59/02:11:02]: ppmcheckpdf.windows [3k]
Installing [3606/5162, time/total: 01:40:00/02:11:03]: ppr-prv [6k]
Installing [3607/5162, time/total: 01:40:01/02:11:04]: ppt-slides [5k]
Installing [3608/5162, time/total: 01:40:02/02:11:06]: pracjourn [5k]
Installing [3609/5162, time/total: 01:40:04/02:11:08]: practicalreports [2k]
Installing [3610/5162, time/total: 01:40:05/02:11:10]: precattl [4k]
Installing [3611/5162, time/total: 01:40:07/02:11:12]: prelim2e [2k]
Installing [3612/5162, time/total: 01:40:08/02:11:14]: preprint [7k]
Installing [3613/5162, time/total: 01:40:09/02:11:15]: prerex [6k]
Installing [3614/5162, time/total: 01:40:11/02:11:17]: present [5k]
Installing [3615/5162, time/total: 01:40:12/02:11:19]: pressrelease [4k]
Installing [3616/5162, time/total: 01:40:14/02:11:21]: prettyref [2k]
Installing [3617/5162, time/total: 01:40:16/02:11:24]: prettytok [6k]
Installing [3618/5162, time/total: 01:40:17/02:11:25]: preview [7k]
Installing [3619/5162, time/total: 01:40:19/02:11:28]: prftree [12k]
Installing [3620/5162, time/total: 01:40:20/02:11:29]: principia [9k]
Installing [3621/5162, time/total: 01:40:21/02:11:30]: printcolormanager [3k]
Installing [3622/5162, time/total: 01:40:23/02:11:33]: printfilelist [2k]
Installing [3623/5162, time/total: 01:40:24/02:11:34]: printlen [2k]
Installing [3624/5162, time/total: 01:40:26/02:11:37]: prisma-flow-diagram [2k]
Installing [3625/5162, time/total: 01:40:27/02:11:38]: proba [2k]
Installing [3626/5162, time/total: 01:40:29/02:11:41]: probsoln [7k]
Installing [3627/5162, time/total: 01:40:30/02:11:42]: prociagssymp [2k]
Installing [3628/5162, time/total: 01:40:31/02:11:43]: prodint [4k]
Installing [3629/5162, time/total: 01:40:33/02:11:46]: productbox [5k]
Installing [3630/5162, time/total: 01:40:34/02:11:47]: profcollege [2240k]
Installing [3631/5162, time/total: 01:40:40/02:11:41]: proflabo [3k]
Installing [3632/5162, time/total: 01:40:41/02:11:42]: proflycee [489k]
Installing [3633/5162, time/total: 01:40:44/02:11:43]: profmaquette [34k]
Installing [3634/5162, time/total: 01:40:46/02:11:46]: profsio [21k]
Installing [3635/5162, time/total: 01:40:48/02:11:48]: program [12k]
Installing [3636/5162, time/total: 01:40:50/02:11:51]: progress [5k]
Installing [3637/5162, time/total: 01:40:51/02:11:52]: progressbar [3k]
Installing [3638/5162, time/total: 01:40:52/02:11:53]: projlib [31k]
Installing [3639/5162, time/total: 01:40:54/02:11:56]: promec-ufrgs [6k]
Installing [3640/5162, time/total: 01:40:56/02:11:58]: pronunciation [145k]
Installing [3641/5162, time/total: 01:40:58/02:12:00]: proof-at-the-end [8k]
Installing [3642/5162, time/total: 01:41:00/02:12:03]: proofgraph [9k]
Installing [3643/5162, time/total: 01:41:02/02:12:05]: proofread [3k]
Installing [3644/5162, time/total: 01:41:03/02:12:07]: prooftrees [9k]
Installing [3645/5162, time/total: 01:41:04/02:12:08]: properties [2k]
Installing [3646/5162, time/total: 01:41:05/02:12:09]: proposal [17k]
Installing [3647/5162, time/total: 01:41:07/02:12:12]: propositions [22k]
Installing [3648/5162, time/total: 01:41:09/02:12:14]: prosper [93k]
Installing [3649/5162, time/total: 01:41:12/02:12:17]: protex [15k]
Installing [3650/5162, time/total: 01:41:14/02:12:20]: protocol [3k]
Installing [3651/5162, time/total: 01:41:15/02:12:21]: prtec [12k]
Installing [3652/5162, time/total: 01:41:16/02:12:22]: przechlewski-book [10k]
Installing [3653/5162, time/total: 01:41:18/02:12:25]: ps2eps [11k]
Installing [3654/5162, time/total: 01:41:19/02:12:26]: ps2eps.windows [6k]
Installing [3655/5162, time/total: 01:41:21/02:12:29]: ps2pk [1k]
Installing [3656/5162, time/total: 01:41:22/02:12:30]: ps2pk.windows [60k]
Installing [3657/5162, time/total: 01:41:24/02:12:32]: psbao [5k]
Installing [3658/5162, time/total: 01:41:25/02:12:34]: pseudo [7k]
Installing [3659/5162, time/total: 01:41:27/02:12:36]: pseudocode [3k]
Installing [3660/5162, time/total: 01:41:28/02:12:38]: psfrag [5k]
Installing [3661/5162, time/total: 01:41:30/02:12:40]: psfrag-italian [1k]
Installing [3662/5162, time/total: 01:41:32/02:12:43]: psfragx [4k]
Installing [3663/5162, time/total: 01:41:33/02:12:44]: psgo [3k]
Installing [3664/5162, time/total: 01:41:35/02:12:47]: psizzl [23k]
Installing [3665/5162, time/total: 01:41:36/02:12:48]: pslatex [6k]
Installing [3666/5162, time/total: 01:41:37/02:12:49]: psnfss [12k]
Installing [3667/5162, time/total: 01:41:39/02:12:52]: pspicture [2k]
Installing [3668/5162, time/total: 01:41:40/02:12:53]: pst-2dplot [2k]
Installing [3669/5162, time/total: 01:41:42/02:12:56]: pst-3d [4k]
Installing [3670/5162, time/total: 01:41:43/02:12:57]: pst-3dplot [22k]
Installing [3671/5162, time/total: 01:41:45/02:12:59]: pst-abspos [2k]
Installing [3672/5162, time/total: 01:41:46/02:13:01]: pst-am [3k]
Installing [3673/5162, time/total: 01:41:47/02:13:02]: pst-antiprism [3k]
Installing [3674/5162, time/total: 01:41:48/02:13:03]: pst-arrow [4k]
Installing [3675/5162, time/total: 01:41:49/02:13:04]: pst-art [10k]
Installing [3676/5162, time/total: 01:41:51/02:13:07]: pst-asr [7k]
Installing [3677/5162, time/total: 01:41:52/02:13:08]: pst-bar [4k]
Installing [3678/5162, time/total: 01:41:53/02:13:10]: pst-barcode [141k]
Installing [3679/5162, time/total: 01:41:56/02:13:13]: pst-bezier [7k]
Installing [3680/5162, time/total: 01:41:57/02:13:14]: pst-blur [3k]
Installing [3681/5162, time/total: 01:41:58/02:13:15]: pst-bspline [9k]
Installing [3682/5162, time/total: 01:42:00/02:13:18]: pst-calculate [2k]
Installing [3683/5162, time/total: 01:42:01/02:13:19]: pst-calendar [5k]
Installing [3684/5162, time/total: 01:42:02/02:13:20]: pst-chladni [5k]
Installing [3685/5162, time/total: 01:42:04/02:13:23]: pst-cie [18k]
Installing [3686/5162, time/total: 01:42:05/02:13:24]: pst-circ [25k]
Installing [3687/5162, time/total: 01:42:07/02:13:27]: pst-coil [5k]
Installing [3688/5162, time/total: 01:42:08/02:13:28]: pst-contourplot [4k]
Installing [3689/5162, time/total: 01:42:09/02:13:29]: pst-cox [217k]
Installing [3690/5162, time/total: 01:42:12/02:13:32]: pst-dart [3k]
Installing [3691/5162, time/total: 01:42:13/02:13:33]: pst-dbicons [4k]
Installing [3692/5162, time/total: 01:42:15/02:13:36]: pst-diffraction [6k]
Installing [3693/5162, time/total: 01:42:16/02:13:37]: pst-electricfield [4k]
Installing [3694/5162, time/total: 01:42:18/02:13:39]: pst-electrolysis [3k]
Installing [3695/5162, time/total: 01:42:19/02:13:41]: pst-ellipsoid [2k]
Installing [3696/5162, time/total: 01:42:20/02:13:42]: pst-eps [3k]
Installing [3697/5162, time/total: 01:42:22/02:13:45]: pst-eqhz [4k]
Installing [3698/5162, time/total: 01:42:24/02:13:47]: pst-eucl [53k]
Installing [3699/5162, time/total: 01:42:26/02:13:49]: pst-eucl-translation-bg [1k]
Installing [3700/5162, time/total: 01:42:27/02:13:51]: pst-exa [4k]
Installing [3701/5162, time/total: 01:42:28/02:13:52]: pst-feyn [7k]
Installing [3702/5162, time/total: 01:42:30/02:13:55]: pst-fill [4k]
Installing [3703/5162, time/total: 01:42:31/02:13:56]: pst-fit [8k]
Installing [3704/5162, time/total: 01:42:33/02:13:58]: pst-flags [1215k]
Installing [3705/5162, time/total: 01:42:37/02:13:56]: pst-fourbarlinkage [7k]
Installing [3706/5162, time/total: 01:42:39/02:13:59]: pst-fr3d [3k]
Installing [3707/5162, time/total: 01:42:39/02:13:59]: pst-fractal [11k]
Installing [3708/5162, time/total: 01:42:41/02:14:01]: pst-fun [40k]
Installing [3709/5162, time/total: 01:42:42/02:14:02]: pst-func [21k]
Installing [3710/5162, time/total: 01:42:44/02:14:05]: pst-gantt [3k]
Installing [3711/5162, time/total: 01:42:46/02:14:07]: pst-gears [4k]
Installing [3712/5162, time/total: 01:42:47/02:14:09]: pst-geo [23729k]
Installing [3713/5162, time/total: 01:43:35/02:12:44]: pst-geometrictools [8k]
Installing [3714/5162, time/total: 01:43:36/02:12:45]: pst-gr3d [3k]
Installing [3715/5162, time/total: 01:43:37/02:12:47]: pst-grad [4k]
Installing [3716/5162, time/total: 01:43:39/02:12:49]: pst-graphicx [2k]
Installing [3717/5162, time/total: 01:43:40/02:12:50]: pst-hertz [4k]
Installing [3718/5162, time/total: 01:43:41/02:12:52]: pst-hsb [3k]
Installing [3719/5162, time/total: 01:43:43/02:12:54]: pst-hyperboloid [3k]
Installing [3720/5162, time/total: 01:43:44/02:12:55]: pst-hypertiling [5k]
Installing [3721/5162, time/total: 01:43:45/02:12:57]: pst-infixplot [4k]
Installing [3722/5162, time/total: 01:43:46/02:12:58]: pst-intersect [10k]
Installing [3723/5162, time/total: 01:43:47/02:12:59]: pst-jtree [7k]
Installing [3724/5162, time/total: 01:43:48/02:13:00]: pst-kepler [6k]
Installing [3725/5162, time/total: 01:43:50/02:13:03]: pst-knot [15k]
Installing [3726/5162, time/total: 01:43:51/02:13:04]: pst-labo [12k]
Installing [3727/5162, time/total: 01:43:52/02:13:05]: pst-layout [4k]
Installing [3728/5162, time/total: 01:43:54/02:13:08]: pst-lens [3k]
Installing [3729/5162, time/total: 01:43:55/02:13:09]: pst-light3d [3k]
Installing [3730/5162, time/total: 01:43:56/02:13:10]: pst-lsystem [3k]
Installing [3731/5162, time/total: 01:43:57/02:13:12]: pst-magneticfield [6k]
Installing [3732/5162, time/total: 01:43:58/02:13:13]: pst-marble [9k]
Installing [3733/5162, time/total: 01:43:59/02:13:14]: pst-massspring [3k]
Installing [3734/5162, time/total: 01:44:01/02:13:17]: pst-math [6k]
Installing [3735/5162, time/total: 01:44:02/02:13:18]: pst-mirror [12k]
Installing [3736/5162, time/total: 01:44:04/02:13:21]: pst-moire [6k]
Installing [3737/5162, time/total: 01:44:05/02:13:22]: pst-node [25k]
Installing [3738/5162, time/total: 01:44:06/02:13:23]: pst-nutation [4k]
Installing [3739/5162, time/total: 01:44:07/02:13:24]: pst-ob3d [3k]
Installing [3740/5162, time/total: 01:44:09/02:13:27]: pst-ode [6k]
Installing [3741/5162, time/total: 01:44:10/02:13:28]: pst-optexp [37k]
Installing [3742/5162, time/total: 01:44:12/02:13:30]: pst-optic [15k]
Installing [3743/5162, time/total: 01:44:14/02:13:33]: pst-osci [4k]
Installing [3744/5162, time/total: 01:44:15/02:13:34]: pst-ovl [2k]
Installing [3745/5162, time/total: 01:44:16/02:13:35]: pst-pad [5k]
Installing [3746/5162, time/total: 01:44:17/02:13:37]: pst-pdf [8k]
Installing [3747/5162, time/total: 01:44:18/02:13:38]: pst-pdf.windows [4k]
Installing [3748/5162, time/total: 01:44:20/02:13:40]: pst-pdgr [4k]
Installing [3749/5162, time/total: 01:44:21/02:13:42]: pst-perspective [4k]
Installing [3750/5162, time/total: 01:44:23/02:13:44]: pst-platon [3k]
Installing [3751/5162, time/total: 01:44:24/02:13:45]: pst-plot [23k]
Installing [3752/5162, time/total: 01:44:26/02:13:48]: pst-poker [2262k]
Installing [3753/5162, time/total: 01:44:34/02:13:44]: pst-poly [4k]
Installing [3754/5162, time/total: 01:44:35/02:13:45]: pst-pulley [5k]
Installing [3755/5162, time/total: 01:44:37/02:13:48]: pst-qtree [2k]
Installing [3756/5162, time/total: 01:44:38/02:13:49]: pst-rputover [3k]
Installing [3757/5162, time/total: 01:44:40/02:13:52]: pst-rubans [4k]
Installing [3758/5162, time/total: 01:44:41/02:13:53]: pst-shell [4k]
Installing [3759/5162, time/total: 01:44:43/02:13:56]: pst-sigsys [5k]
Installing [3760/5162, time/total: 01:44:44/02:13:57]: pst-slpe [4k]
Installing [3761/5162, time/total: 01:44:46/02:13:59]: pst-solarsystem [6k]
Installing [3762/5162, time/total: 01:44:48/02:14:02]: pst-solides3d [55k]
Installing [3763/5162, time/total: 01:44:49/02:14:03]: pst-soroban [2k]
Installing [3764/5162, time/total: 01:44:50/02:14:04]: pst-spectra [76k]
Installing [3765/5162, time/total: 01:44:52/02:14:06]: pst-spectrum [12k]
Installing [3766/5162, time/total: 01:44:54/02:14:09]: pst-sphericaltrochoid [3k]
Installing [3767/5162, time/total: 01:44:56/02:14:11]: pst-spinner [3k]
Installing [3768/5162, time/total: 01:44:57/02:14:13]: pst-stru [4k]
Installing [3769/5162, time/total: 01:44:59/02:14:15]: pst-support [1k]
Installing [3770/5162, time/total: 01:45:00/02:14:16]: pst-text [5k]
Installing [3771/5162, time/total: 01:45:01/02:14:18]: pst-thick [2k]
Installing [3772/5162, time/total: 01:45:03/02:14:20]: pst-titration [4k]
Installing [3773/5162, time/total: 01:45:04/02:14:21]: pst-tools [7k]
Installing [3774/5162, time/total: 01:45:06/02:14:24]: pst-tree [7k]
Installing [3775/5162, time/total: 01:45:07/02:14:25]: pst-turtle [4k]
Installing [3776/5162, time/total: 01:45:09/02:14:28]: pst-tvz [13k]
Installing [3777/5162, time/total: 01:45:10/02:14:29]: pst-uml [8k]
Installing [3778/5162, time/total: 01:45:11/02:14:30]: pst-vectorian [535k]
Installing [3779/5162, time/total: 01:45:14/02:14:31]: pst-vehicle [9k]
Installing [3780/5162, time/total: 01:45:16/02:14:33]: pst-venn [2k]
Installing [3781/5162, time/total: 01:45:17/02:14:34]: pst-vowel [2k]
Installing [3782/5162, time/total: 01:45:19/02:14:37]: pst2pdf [21k]
Installing [3783/5162, time/total: 01:45:20/02:14:38]: pst2pdf.windows [3k]
Installing [3784/5162, time/total: 01:45:22/02:14:41]: pstool [7k]
Installing [3785/5162, time/total: 01:45:23/02:14:42]: pstricks [88k]
Installing [3786/5162, time/total: 01:45:25/02:14:44]: pstricks-add [22k]
Installing [3787/5162, time/total: 01:45:27/02:14:46]: pstricks_calcnotes [1k]
Installing [3788/5162, time/total: 01:45:29/02:14:49]: pstring [8k]
Installing [3789/5162, time/total: 01:45:30/02:14:50]: psutils [6k]
Installing [3790/5162, time/total: 01:45:31/02:14:51]: psutils.windows [28k]
Installing [3791/5162, time/total: 01:45:33/02:14:54]: ptex [1k]
Installing [3792/5162, time/total: 01:45:34/02:14:55]: ptex-base [10k]
Installing [3793/5162, time/total: 01:45:35/02:14:56]: ptex-fontmaps [43k]
Installing [3794/5162, time/total: 01:45:37/02:14:59]: ptex-fontmaps.windows [3k]
Installing [3795/5162, time/total: 01:45:38/02:15:00]: ptex-fonts [14k]
Installing [3796/5162, time/total: 01:45:40/02:15:02]: ptex-manual [1k]
Installing [3797/5162, time/total: 01:45:41/02:15:04]: ptex.windows [1156k]
Installing [3798/5162, time/total: 01:45:46/02:15:03]: ptex2pdf [8k]
Installing [3799/5162, time/total: 01:45:47/02:15:04]: ptex2pdf.windows [3k]
Installing [3800/5162, time/total: 01:45:49/02:15:07]: ptext [22k]
Installing [3801/5162, time/total: 01:45:50/02:15:08]: ptlatexcommands [4k]
Installing [3802/5162, time/total: 01:45:51/02:15:09]: ptolemaicastronomy [2k]
Installing [3803/5162, time/total: 01:45:53/02:15:12]: ptptex [10k]
Installing [3804/5162, time/total: 01:45:54/02:15:13]: punk [6k]
Installing [3805/5162, time/total: 01:45:55/02:15:14]: punk-latex [1k]
Installing [3806/5162, time/total: 01:45:56/02:15:15]: punknova [795k]
Installing [3807/5162, time/total: 01:46:00/02:15:15]: purifyeps [7k]
Installing [3808/5162, time/total: 01:46:01/02:15:17]: purifyeps.windows [3k]
Installing [3809/5162, time/total: 01:46:02/02:15:18]: puyotikz [4k]
Installing [3810/5162, time/total: 01:46:03/02:15:19]: pwebmac [10k]
Installing [3811/5162, time/total: 01:46:04/02:15:20]: pxbase [13k]
Installing [3812/5162, time/total: 01:46:05/02:15:22]: pxchfon [21k]
Installing [3813/5162, time/total: 01:46:06/02:15:23]: pxcjkcat [11k]
Installing [3814/5162, time/total: 01:46:08/02:15:25]: pxfonts [450k]
Installing [3815/5162, time/total: 01:46:11/02:15:26]: pxgreeks [3k]
Installing [3816/5162, time/total: 01:46:12/02:15:28]: pxjahyper [22k]
Installing [3817/5162, time/total: 01:46:14/02:15:30]: pxjodel [13k]
Installing [3818/5162, time/total: 01:46:15/02:15:31]: pxpgfmark [1k]
Installing [3819/5162, time/total: 01:46:16/02:15:32]: pxpic [4k]
Installing [3820/5162, time/total: 01:46:17/02:15:34]: pxrubrica [14k]
Installing [3821/5162, time/total: 01:46:19/02:15:36]: pxtatescale [1k]
Installing [3822/5162, time/total: 01:46:20/02:15:37]: pxtxalfa [9k]
Installing [3823/5162, time/total: 01:46:22/02:15:40]: pxufont [146k]
Installing [3824/5162, time/total: 01:46:24/02:15:42]: pygmentex [10k]
Installing [3825/5162, time/total: 01:46:25/02:15:43]: pygmentex.windows [3k]
Installing [3826/5162, time/total: 01:46:26/02:15:44]: pyjupyter [3k]
Installing [3827/5162, time/total: 01:46:27/02:15:45]: pyluatex [7k]
Installing [3828/5162, time/total: 01:46:28/02:15:47]: pynotebook [4k]
Installing [3829/5162, time/total: 01:46:29/02:15:48]: python [2k]
Installing [3830/5162, time/total: 01:46:30/02:15:49]: pythonhighlight [3k]
Installing [3831/5162, time/total: 01:46:31/02:15:50]: pythonimmediate [5k]
Installing [3832/5162, time/total: 01:46:32/02:15:52]: pythontex [66k]
Installing [3833/5162, time/total: 01:46:34/02:15:54]: pythontex.windows [3k]
Installing [3834/5162, time/total: 01:46:35/02:15:55]: q-and-a [10k]
Installing [3835/5162, time/total: 01:46:36/02:15:56]: qcircuit [5k]
Installing [3836/5162, time/total: 01:46:37/02:15:57]: qcm [4k]
Installing [3837/5162, time/total: 01:46:38/02:15:59]: qobitree [3k]
Installing [3838/5162, time/total: 01:46:39/02:16:00]: qpxqtx [13k]
Installing [3839/5162, time/total: 01:46:40/02:16:01]: qrbill [23k]
Installing [3840/5162, time/total: 01:46:42/02:16:04]: qrcode [20k]
Installing [3841/5162, time/total: 01:46:43/02:16:05]: qrcodetikz [4k]
Installing [3842/5162, time/total: 01:46:45/02:16:07]: qsharp [2k]
Installing [3843/5162, time/total: 01:46:46/02:16:09]: qstest [5k]
Installing [3844/5162, time/total: 01:46:46/02:16:09]: qsymbols [8k]
Installing [3845/5162, time/total: 01:46:48/02:16:11]: qtree [8k]
Installing [3846/5162, time/total: 01:46:49/02:16:12]: qualitype [2348k]
Installing [3847/5162, time/total: 01:46:53/02:16:03]: quantikz [20k]
Installing [3848/5162, time/total: 01:46:55/02:16:05]: quantum-chemistry-bonn [4k]
Installing [3849/5162, time/total: 01:46:56/02:16:06]: quantumarticle [25k]
Installing [3850/5162, time/total: 01:46:57/02:16:08]: quantumcubemodel [6k]
Installing [3851/5162, time/total: 01:46:58/02:16:09]: quattrocento [713k]
Installing [3852/5162, time/total: 01:47:01/02:16:08]: query-astro [2k]
Installing [3853/5162, time/total: 01:47:02/02:16:09]: quickderivs [3k]
Installing [3854/5162, time/total: 01:47:04/02:16:12]: quickreaction [2k]
Installing [3855/5162, time/total: 01:47:05/02:16:13]: quicktype [2k]
Installing [3856/5162, time/total: 01:47:06/02:16:15]: quiver [2k]
Installing [3857/5162, time/total: 01:47:07/02:16:16]: quiz2socrative [3k]
Installing [3858/5162, time/total: 01:47:08/02:16:17]: quizztex [6k]
Installing [3859/5162, time/total: 01:47:09/02:16:18]: quotchap [3k]
Installing [3860/5162, time/total: 01:47:10/02:16:20]: quoting [2k]
Installing [3861/5162, time/total: 01:47:12/02:16:22]: quotmark [6k]
Installing [3862/5162, time/total: 01:47:13/02:16:23]: quran [1592k]
Installing [3863/5162, time/total: 01:47:16/02:16:17]: quran-bn [523k]
Installing [3864/5162, time/total: 01:47:18/02:16:17]: quran-de [605k]
Installing [3865/5162, time/total: 01:47:21/02:16:17]: quran-en [2650k]
Installing [3866/5162, time/total: 01:47:24/02:16:04]: quran-es [619k]
Installing [3867/5162, time/total: 01:47:27/02:16:04]: quran-id [776k]
Installing [3868/5162, time/total: 01:47:29/02:16:02]: quran-ur [1827k]
Installing [3869/5162, time/total: 01:47:32/02:15:54]: qworld [10k]
Installing [3870/5162, time/total: 01:47:33/02:15:56]: qyxf-book [5k]
Installing [3871/5162, time/total: 01:47:34/02:15:57]: r_und_s [16k]
Installing [3872/5162, time/total: 01:47:36/02:15:59]: ragged2e [3k]
Installing [3873/5162, time/total: 01:47:37/02:16:00]: rainbowbrackets [4k]
Installing [3874/5162, time/total: 01:47:38/02:16:02]: raleway [3337k]
Installing [3875/5162, time/total: 01:47:43/02:15:47]: ran_toks [6k]
Installing [3876/5162, time/total: 01:47:44/02:15:49]: randbild [2k]
Installing [3877/5162, time/total: 01:47:46/02:15:51]: randexam [12k]
Installing [3878/5162, time/total: 01:47:47/02:15:52]: randintlist [4k]
Installing [3879/5162, time/total: 01:47:48/02:15:54]: random [3k]
Installing [3880/5162, time/total: 01:47:50/02:15:56]: randomlist [5k]
Installing [3881/5162, time/total: 01:47:50/02:15:56]: randomwalk [3k]
Installing [3882/5162, time/total: 01:47:51/02:15:57]: randtext [3k]
Installing [3883/5162, time/total: 01:47:52/02:15:59]: rank-2-roots [5k]
Installing [3884/5162, time/total: 01:47:54/02:16:01]: rbt-mathnotes [13k]
Installing [3885/5162, time/total: 01:47:55/02:16:02]: rccol [3k]
Installing [3886/5162, time/total: 01:47:56/02:16:04]: rcs [13k]
Installing [3887/5162, time/total: 01:47:57/02:16:05]: rcs-multi [3k]
Installing [3888/5162, time/total: 01:47:59/02:16:07]: rcsinfo [4k]
Installing [3889/5162, time/total: 01:48:00/02:16:08]: readablecv [4k]
Installing [3890/5162, time/total: 01:48:01/02:16:10]: readarray [6k]
Installing [3891/5162, time/total: 01:48:02/02:16:11]: realboxes [3k]
Installing [3892/5162, time/total: 01:48:03/02:16:12]: realhats [1741k]
Installing [3893/5162, time/total: 01:48:07/02:16:07]: realscripts [2k]
Installing [3894/5162, time/total: 01:48:09/02:16:09]: realtranspose [2k]
Installing [3895/5162, time/total: 01:48:10/02:16:10]: rebuttal [4k]
Installing [3896/5162, time/total: 01:48:11/02:16:12]: rec-thy [15k]
Installing [3897/5162, time/total: 01:48:12/02:16:13]: recipe [2k]
Installing [3898/5162, time/total: 01:48:13/02:16:14]: recipebook [4k]
Installing [3899/5162, time/total: 01:48:15/02:16:16]: recipecard [3k]
Installing [3900/5162, time/total: 01:48:16/02:16:18]: recorder-fingering [7k]
Installing [3901/5162, time/total: 01:48:17/02:16:19]: rectopma [1k]
Installing [3902/5162, time/total: 01:48:18/02:16:20]: recycle [10k]
Installing [3903/5162, time/total: 01:48:20/02:16:23]: refcheck [4k]
Installing [3904/5162, time/total: 01:48:21/02:16:24]: refcount [3k]
Installing [3905/5162, time/total: 01:48:22/02:16:25]: refenums [3k]
Installing [3906/5162, time/total: 01:48:23/02:16:26]: reflectgraphics [3k]
Installing [3907/5162, time/total: 01:48:24/02:16:28]: refman [10k]
Installing [3908/5162, time/total: 01:48:25/02:16:29]: refstyle [6k]
Installing [3909/5162, time/total: 01:48:27/02:16:31]: regcount [2k]
Installing [3910/5162, time/total: 01:48:28/02:16:33]: regexpatch [4k]
Installing [3911/5162, time/total: 01:48:29/02:16:34]: register [5k]
Installing [3912/5162, time/total: 01:48:30/02:16:35]: register-transfer-level [4k]
Installing [3913/5162, time/total: 01:48:32/02:16:37]: regstats [4k]
Installing [3914/5162, time/total: 01:48:33/02:16:39]: regulatory [6k]
Installing [3915/5162, time/total: 01:48:34/02:16:40]: relatese [4k]
Installing [3916/5162, time/total: 01:48:35/02:16:41]: reledmac [56k]
Installing [3917/5162, time/total: 01:48:37/02:16:43]: relenc [11k]
Installing [3918/5162, time/total: 01:48:38/02:16:45]: relsize [6k]
Installing [3919/5162, time/total: 01:48:39/02:16:46]: reotex [5k]
Installing [3920/5162, time/total: 01:48:41/02:16:48]: repeatindex [2k]
Installing [3921/5162, time/total: 01:48:42/02:16:50]: repere [29k]
Installing [3922/5162, time/total: 01:48:44/02:16:52]: repltext [2k]
Installing [3923/5162, time/total: 01:48:44/02:16:52]: reptheorem [3k]
Installing [3924/5162, time/total: 01:48:46/02:16:54]: rerunfilecheck [4k]
Installing [3925/5162, time/total: 01:48:47/02:16:56]: rescansync [3k]
Installing [3926/5162, time/total: 01:48:48/02:16:57]: resmes [1k]
Installing [3927/5162, time/total: 01:48:49/02:16:58]: resolsysteme [9k]
Installing [3928/5162, time/total: 01:48:51/02:17:01]: resphilosophica [12k]
Installing [3929/5162, time/total: 01:48:52/02:17:02]: responsive [5k]
Installing [3930/5162, time/total: 01:48:54/02:17:04]: rest-api [3k]
Installing [3931/5162, time/total: 01:48:55/02:17:05]: resumecls [2k]
Installing [3932/5162, time/total: 01:48:57/02:17:08]: resumemac [3k]
Installing [3933/5162, time/total: 01:48:58/02:17:09]: retosmatematicos [6k]
Installing [3934/5162, time/total: 01:48:59/02:17:10]: returntogrid [4k]
Installing [3935/5162, time/total: 01:49:01/02:17:13]: revbadge [3k]
Installing [3936/5162, time/total: 01:49:02/02:17:14]: reverxii [2k]
Installing [3937/5162, time/total: 01:49:03/02:17:15]: revquantum [4k]
Installing [3938/5162, time/total: 01:49:05/02:17:18]: revtex [67k]
Installing [3939/5162, time/total: 01:49:06/02:17:19]: revtex4 [47k]
Installing [3940/5162, time/total: 01:49:08/02:17:21]: revtex4-1 [60k]
Installing [3941/5162, time/total: 01:49:10/02:17:23]: rgltxdoc [4k]
Installing [3942/5162, time/total: 01:49:11/02:17:24]: ribbonproofs [12k]
Installing [3943/5162, time/total: 01:49:13/02:17:27]: rigidnotation [3k]
Installing [3944/5162, time/total: 01:49:14/02:17:28]: rit-fonts [4416k]
Installing [3945/5162, time/total: 01:49:27/02:17:17]: rjlparshap [2k]
Installing [3946/5162, time/total: 01:49:28/02:17:18]: rlepsf [3k]
Installing [3947/5162, time/total: 01:49:30/02:17:21]: rmathbr [9k]
Installing [3948/5162, time/total: 01:49:31/02:17:22]: rmpage [61k]
Installing [3949/5162, time/total: 01:49:33/02:17:24]: robotarm [3k]
Installing [3950/5162, time/total: 01:49:35/02:17:27]: robotkarol [26k]
Installing [3951/5162, time/total: 01:49:36/02:17:28]: roboto [24740k]
Installing [3952/5162, time/total: 01:52:07/02:18:04]: robust-externalize [37k]
Installing [3953/5162, time/total: 01:52:09/02:18:06]: robustcommand [2k]
Installing [3954/5162, time/total: 01:52:10/02:18:07]: robustindex [5k]
Installing [3955/5162, time/total: 01:52:12/02:18:10]: roex [20k]
Installing [3956/5162, time/total: 01:52:13/02:18:11]: rojud [326k]
Installing [3957/5162, time/total: 01:52:16/02:18:13]: romanbar [3k]
Installing [3958/5162, time/total: 01:52:17/02:18:14]: romanbarpagenumber [1k]
Installing [3959/5162, time/total: 01:52:19/02:18:16]: romandeadf [462k]
Installing [3960/5162, time/total: 01:52:22/02:18:17]: romanneg [2k]
Installing [3961/5162, time/total: 01:52:24/02:18:20]: romannum [2k]
Installing [3962/5162, time/total: 01:52:25/02:18:21]: rorlink [3k]
Installing [3963/5162, time/total: 01:52:27/02:18:23]: rosario [1355k]
Installing [3964/5162, time/total: 01:52:32/02:18:21]: rotfloat [2k]
Installing [3965/5162, time/total: 01:52:33/02:18:22]: rotpages [3k]
Installing [3966/5162, time/total: 01:52:35/02:18:25]: rouequestions [2k]
Installing [3967/5162, time/total: 01:52:36/02:18:26]: roundbox [2k]
Installing [3968/5162, time/total: 01:52:38/02:18:28]: roundrect [3k]
Installing [3969/5162, time/total: 01:52:39/02:18:30]: rpgicons [29k]
Installing [3970/5162, time/total: 01:52:41/02:18:32]: rrgtrees [4k]
Installing [3971/5162, time/total: 01:52:42/02:18:33]: rsc [7k]
Installing [3972/5162, time/total: 01:52:44/02:18:36]: rsfs [55k]
Installing [3973/5162, time/total: 01:52:46/02:18:38]: rsfso [4k]
Installing [3974/5162, time/total: 01:52:48/02:18:40]: rterface [2k]
Installing [3975/5162, time/total: 01:52:49/02:18:41]: rtkinenc [3k]
Installing [3976/5162, time/total: 01:52:50/02:18:43]: rtklage [2k]
Installing [3977/5162, time/total: 01:52:52/02:18:45]: rub-kunstgeschichte [4k]
Installing [3978/5162, time/total: 01:52:53/02:18:46]: rubik [39k]
Installing [3979/5162, time/total: 01:52:55/02:18:48]: rubik.windows [3k]
Installing [3980/5162, time/total: 01:52:57/02:18:51]: ruhyphen [56k]
Installing [3981/5162, time/total: 01:53:00/02:18:54]: ruler [7k]
Installing [3982/5162, time/total: 01:53:01/02:18:55]: rulerbox [2k]
Installing [3983/5162, time/total: 01:53:03/02:18:58]: rulercompass [4k]
Installing [3984/5162, time/total: 01:53:04/02:18:59]: runcode [7k]
Installing [3985/5162, time/total: 01:53:06/02:19:01]: runtexfile [3k]
Installing [3986/5162, time/total: 01:53:08/02:19:04]: runtexfile.windows [3k]
Installing [3987/5162, time/total: 01:53:09/02:19:05]: runtexshebang [3k]
Installing [3988/5162, time/total: 01:53:11/02:19:08]: runtexshebang.windows [3k]
Installing [3989/5162, time/total: 01:53:12/02:19:09]: ruscap [3k]
Installing [3990/5162, time/total: 01:53:14/02:19:11]: russ [25k]
Installing [3991/5162, time/total: 01:53:16/02:19:14]: rutitlepage [2597k]
Installing [3992/5162, time/total: 01:53:21/02:19:04]: rviewport [2k]
Installing [3993/5162, time/total: 01:53:22/02:19:05]: rvwrite [2k]
Installing [3994/5162, time/total: 01:53:24/02:19:07]: rwth-ci [14k]
Installing [3995/5162, time/total: 01:53:25/02:19:09]: ryersonsgsthesis [5k]
Installing [3996/5162, time/total: 01:53:27/02:19:11]: ryethesis [5k]
Installing [3997/5162, time/total: 01:53:28/02:19:12]: sa-tikz [6k]
Installing [3998/5162, time/total: 01:53:30/02:19:15]: sacsymb [2k]
Installing [3999/5162, time/total: 01:53:31/02:19:16]: sageep [8k]
Installing [4000/5162, time/total: 01:53:32/02:19:17]: sanitize-umlaut [3k]
Installing [4001/5162, time/total: 01:53:33/02:19:18]: sankey [10k]
Installing [4002/5162, time/total: 01:53:35/02:19:21]: sanskrit [16k]
Installing [4003/5162, time/total: 01:53:36/02:19:22]: sanskrit-t1 [444k]
Installing [4004/5162, time/total: 01:53:39/02:19:23]: sansmath [4k]
Installing [4005/5162, time/total: 01:53:41/02:19:25]: sansmathaccent [11k]
Installing [4006/5162, time/total: 01:53:42/02:19:26]: sansmathfonts [4178k]
Installing [4007/5162, time/total: 01:53:56/02:19:18]: sapthesis [30k]
Installing [4008/5162, time/total: 01:53:58/02:19:20]: sasnrdisplay [8k]
Installing [4009/5162, time/total: 01:54:00/02:19:23]: sauerj [5k]
Installing [4010/5162, time/total: 01:54:01/02:19:24]: sauter [13k]
Installing [4011/5162, time/total: 01:54:04/02:19:27]: sauterfonts [4k]
Installing [4012/5162, time/total: 01:54:06/02:19:30]: saveenv [3k]
Installing [4013/5162, time/total: 01:54:07/02:19:31]: savefnmark [2k]
Installing [4014/5162, time/total: 01:54:09/02:19:33]: savesym [2k]
Installing [4015/5162, time/total: 01:54:10/02:19:35]: savetrees [9k]
Installing [4016/5162, time/total: 01:54:12/02:19:37]: sblarticle [6k]
Installing [4017/5162, time/total: 01:54:14/02:19:40]: sblbook [7k]
Installing [4018/5162, time/total: 01:54:15/02:19:41]: sblfonts [3k]
Installing [4019/5162, time/total: 01:54:17/02:19:43]: sblidx [6k]
Installing [4020/5162, time/total: 01:54:18/02:19:44]: sblreport [6k]
Installing [4021/5162, time/total: 01:54:20/02:19:47]: scale [2k]
Installing [4022/5162, time/total: 01:54:21/02:19:48]: scalebar [2k]
Installing [4023/5162, time/total: 01:54:23/02:19:50]: scalerel [3k]
Installing [4024/5162, time/total: 01:54:25/02:19:53]: scaletextbullet [3k]
Installing [4025/5162, time/total: 01:54:26/02:19:54]: scanpages [5k]
Installing [4026/5162, time/total: 01:54:27/02:19:55]: schedule [5k]
Installing [4027/5162, time/total: 01:54:28/02:19:56]: schemabloc [3k]
Installing [4028/5162, time/total: 01:54:30/02:19:59]: schemata [3k]
Installing [4029/5162, time/total: 01:54:31/02:20:00]: schola-otf [3k]
Installing [4030/5162, time/total: 01:54:33/02:20:02]: scholatex [79k]
Installing [4031/5162, time/total: 01:54:36/02:20:06]: scholax [1841k]
Installing [4032/5162, time/total: 01:54:42/02:20:02]: schooldocs [4k]
Installing [4033/5162, time/total: 01:54:43/02:20:03]: schule [50k]
Installing [4034/5162, time/total: 01:54:45/02:20:05]: schulmathematik [14k]
Installing [4035/5162, time/total: 01:54:47/02:20:07]: schulschriften [48k]
Installing [4036/5162, time/total: 01:54:48/02:20:08]: schwalbe-chess [8k]
Installing [4037/5162, time/total: 01:54:50/02:20:11]: scientific-thesis-cover [6k]
Installing [4038/5162, time/total: 01:54:51/02:20:12]: scikgtex [7k]
Installing [4039/5162, time/total: 01:54:53/02:20:14]: sciposter [7k]
Installing [4040/5162, time/total: 01:54:54/02:20:16]: sclang-prettifier [3k]
Installing [4041/5162, time/total: 01:54:56/02:20:18]: scontents [10k]
Installing [4042/5162, time/total: 01:54:58/02:20:20]: scrabble [5k]
Installing [4043/5162, time/total: 01:54:58/02:20:20]: scrambledenvs [3k]
Installing [4044/5162, time/total: 01:55:00/02:20:23]: scratch [9k]
Installing [4045/5162, time/total: 01:55:02/02:20:25]: scratch3 [9k]
Installing [4046/5162, time/total: 01:55:03/02:20:26]: scratchx [8k]
Installing [4047/5162, time/total: 01:55:05/02:20:29]: screenplay [3k]
Installing [4048/5162, time/total: 01:55:07/02:20:31]: screenplay-pkg [3k]
Installing [4049/5162, time/total: 01:55:08/02:20:32]: screenwriter [5k]
Installing [4050/5162, time/total: 01:55:09/02:20:33]: scrhack [10k]
Installing [4051/5162, time/total: 01:55:11/02:20:36]: scripture [15k]
Installing [4052/5162, time/total: 01:55:13/02:20:38]: scrjrnl [3k]
Installing [4053/5162, time/total: 01:55:14/02:20:39]: scrlayer-fancyhdr [2k]
Installing [4054/5162, time/total: 01:55:16/02:20:42]: scrlttr2copy [2k]
Installing [4055/5162, time/total: 01:55:17/02:20:43]: scrwfile [3k]
Installing [4056/5162, time/total: 01:55:19/02:20:46]: scsnowman [7k]
Installing [4057/5162, time/total: 01:55:20/02:20:47]: sdaps [32k]
Installing [4058/5162, time/total: 01:55:22/02:20:49]: sdrt [3k]
Installing [4059/5162, time/total: 01:55:23/02:20:50]: sduthesis [1202k]
Installing [4060/5162, time/total: 01:55:28/02:20:49]: se2thesis [10k]
Installing [4061/5162, time/total: 01:55:30/02:20:51]: seatingchart [10k]
Installing [4062/5162, time/total: 01:55:30/02:20:51]: secdot [2k]
Installing [4063/5162, time/total: 01:55:32/02:20:54]: secnum [3k]
Installing [4064/5162, time/total: 01:55:33/02:20:55]: secretx [4k]
Installing [4065/5162, time/total: 01:55:35/02:20:57]: section [10k]
Installing [4066/5162, time/total: 01:55:36/02:20:58]: sectionbox [2k]
Installing [4067/5162, time/total: 01:55:37/02:21:00]: sectionbreak [2k]
Installing [4068/5162, time/total: 01:55:39/02:21:02]: sectsty [5k]
Installing [4069/5162, time/total: 01:55:40/02:21:03]: seealso [3k]
Installing [4070/5162, time/total: 01:55:42/02:21:06]: seetexk [1k]
Installing [4071/5162, time/total: 01:55:43/02:21:07]: seetexk.windows [26k]
Installing [4072/5162, time/total: 01:55:45/02:21:09]: selectp [5k]
Installing [4073/5162, time/total: 01:55:47/02:21:12]: selinput [3k]
Installing [4074/5162, time/total: 01:55:48/02:21:13]: selnolig [53k]
Installing [4075/5162, time/total: 01:55:50/02:21:15]: semantex [26k]
Installing [4076/5162, time/total: 01:55:52/02:21:17]: semantic [7k]
Installing [4077/5162, time/total: 01:55:53/02:21:18]: semantic-markup [3k]
Installing [4078/5162, time/total: 01:55:54/02:21:20]: semaphor [240k]
Installing [4079/5162, time/total: 01:55:57/02:21:22]: semesterplanner [2k]
Installing [4080/5162, time/total: 01:55:59/02:21:24]: semesterplannerlua [9k]
Installing [4081/5162, time/total: 01:56:00/02:21:25]: seminar [30k]
Installing [4082/5162, time/total: 01:56:02/02:21:28]: semioneside [2k]
Installing [4083/5162, time/total: 01:56:03/02:21:29]: semproc [3k]
Installing [4084/5162, time/total: 01:56:05/02:21:31]: semtex [2k]
Installing [4085/5162, time/total: 01:56:06/02:21:32]: sepfootnotes [3k]
Installing [4086/5162, time/total: 01:56:08/02:21:35]: sepnum [3k]
Installing [4087/5162, time/total: 01:56:09/02:21:36]: seqcalc [4k]
Installing [4088/5162, time/total: 01:56:10/02:21:37]: seqsplit [2k]
Installing [4089/5162, time/total: 01:56:12/02:21:40]: serbian-apostrophe [11k]
Installing [4090/5162, time/total: 01:56:13/02:21:41]: serbian-date-lat [1k]
Installing [4091/5162, time/total: 01:56:14/02:21:42]: serbian-def-cyr [2k]
Installing [4092/5162, time/total: 01:56:15/02:21:43]: serbian-lig [9k]
Installing [4093/5162, time/total: 01:56:17/02:21:46]: sesamanuel [29k]
Installing [4094/5162, time/total: 01:56:19/02:21:48]: sesstime [4k]
Installing [4095/5162, time/total: 01:56:20/02:21:49]: setbuilder [3k]
Installing [4096/5162, time/total: 01:56:22/02:21:52]: setdeck [3k]
Installing [4097/5162, time/total: 01:56:23/02:21:53]: setspace [8k]
Installing [4098/5162, time/total: 01:56:24/02:21:54]: setspaceenhanced [2k]
Installing [4099/5162, time/total: 01:56:25/02:21:55]: seu-ml-assign [5k]
Installing [4100/5162, time/total: 01:56:26/02:21:56]: seuthesis [11k]
Installing [4101/5162, time/total: 01:56:27/02:21:57]: seuthesix [10k]
Installing [4102/5162, time/total: 01:56:29/02:22:00]: sexam [3k]
Installing [4103/5162, time/total: 01:56:30/02:22:01]: sf298 [7k]
Installing [4104/5162, time/total: 01:56:31/02:22:02]: sfee [37k]
Installing [4105/5162, time/total: 01:56:33/02:22:04]: sffms [4k]
Installing [4106/5162, time/total: 01:56:34/02:22:06]: sfg [7k]
Installing [4107/5162, time/total: 01:56:35/02:22:07]: sfmath [5k]
Installing [4108/5162, time/total: 01:56:36/02:22:08]: sgame [5k]
Installing [4109/5162, time/total: 01:56:37/02:22:09]: shade [2k]
Installing [4110/5162, time/total: 01:56:39/02:22:12]: shadethm [8k]
Installing [4111/5162, time/total: 01:56:40/02:22:13]: shadow [2k]
Installing [4112/5162, time/total: 01:56:41/02:22:14]: shadowtext [2k]
Installing [4113/5162, time/total: 01:56:42/02:22:15]: shapepar [16k]
Installing [4114/5162, time/total: 01:56:44/02:22:18]: shapes [2k]
Installing [4115/5162, time/total: 01:56:45/02:22:19]: sharedline [2k]
Installing [4116/5162, time/total: 01:56:46/02:22:20]: shdoc [3k]
Installing [4117/5162, time/total: 01:56:47/02:22:21]: shipunov [20k]
Installing [4118/5162, time/total: 01:56:49/02:22:23]: shobhika [412k]
Installing [4119/5162, time/total: 01:56:52/02:22:25]: short-math-guide [1k]
Installing [4120/5162, time/total: 01:56:54/02:22:27]: shortmathj [47k]
Installing [4121/5162, time/total: 01:56:56/02:22:29]: shorttoc [2k]
Installing [4122/5162, time/total: 01:56:57/02:22:30]: show-pdf-tags [14k]
Installing [4123/5162, time/total: 01:56:58/02:22:31]: show-pdf-tags.windows [3k]
Installing [4124/5162, time/total: 01:57:00/02:22:34]: show2e [2k]
Installing [4125/5162, time/total: 01:57:01/02:22:35]: showcharinbox [2k]
Installing [4126/5162, time/total: 01:57:03/02:22:38]: showdim [2k]
Installing [4127/5162, time/total: 01:57:04/02:22:39]: showexpl [5k]
Installing [4128/5162, time/total: 01:57:06/02:22:41]: showhyphenation [4k]
Installing [4129/5162, time/total: 01:57:07/02:22:42]: showkerning [3k]
Installing [4130/5162, time/total: 01:57:08/02:22:44]: showlabels [4k]
Installing [4131/5162, time/total: 01:57:10/02:22:46]: showtags [2k]
Installing [4132/5162, time/total: 01:57:11/02:22:47]: shtthesis [12k]
Installing [4133/5162, time/total: 01:57:13/02:22:50]: shuffle [4k]
Installing [4134/5162, time/total: 01:57:15/02:22:52]: sidecap [4k]
Installing [4135/5162, time/total: 01:57:16/02:22:53]: sidenotes [5k]
Installing [4136/5162, time/total: 01:57:17/02:22:54]: sidenotesplus [6k]
Installing [4137/5162, time/total: 01:57:19/02:22:57]: sides [4k]
Installing [4138/5162, time/total: 01:57:21/02:22:59]: signchart [2k]
Installing [4139/5162, time/total: 01:57:22/02:23:00]: siicusp-abstracts [3k]
Installing [4140/5162, time/total: 01:57:24/02:23:03]: silence [4k]
Installing [4141/5162, time/total: 01:57:25/02:23:04]: sillypage [17k]
Installing [4142/5162, time/total: 01:57:27/02:23:06]: sim-os-menus [7k]
Installing [4143/5162, time/total: 01:57:28/02:23:08]: simple-resume-cv [4k]
Installing [4144/5162, time/total: 01:57:29/02:23:09]: simple-thesis-dissertation [6k]
Installing [4145/5162, time/total: 01:57:31/02:23:11]: simplebnf [5k]
Installing [4146/5162, time/total: 01:57:32/02:23:12]: simplecd [7k]
Installing [4147/5162, time/total: 01:57:33/02:23:14]: simplecv [3k]
Installing [4148/5162, time/total: 01:57:35/02:23:16]: simpleicons [3549k]
Installing [4149/5162, time/total: 01:57:39/02:22:59]: simpleinvoice [3k]
Installing [4150/5162, time/total: 01:57:41/02:23:01]: simplekv [4k]
Installing [4151/5162, time/total: 01:57:42/02:23:02]: simplenodes [3k]
Installing [4152/5162, time/total: 01:57:44/02:23:05]: simpleoptics [2k]
Installing [4153/5162, time/total: 01:57:46/02:23:07]: simpler-wick [3k]
Installing [4154/5162, time/total: 01:57:48/02:23:10]: simples-matrices [3k]
Installing [4155/5162, time/total: 01:57:49/02:23:11]: simplesystemtex [6k]
Installing [4156/5162, time/total: 01:57:51/02:23:13]: simplewick [3k]
Installing [4157/5162, time/total: 01:57:52/02:23:14]: simplex [3k]
Installing [4158/5162, time/total: 01:57:53/02:23:16]: simplified-latex [1k]
Installing [4159/5162, time/total: 01:57:55/02:23:18]: simplivre [6k]
Installing [4160/5162, time/total: 01:57:56/02:23:19]: simurgh [241k]
Installing [4161/5162, time/total: 01:58:00/02:23:22]: sistyle [4k]
Installing [4162/5162, time/total: 01:58:01/02:23:24]: sitem [1k]
Installing [4163/5162, time/total: 01:58:03/02:23:26]: siunits [6k]
Installing [4164/5162, time/total: 01:58:04/02:23:27]: siunitx [69k]
Installing [4165/5162, time/total: 01:58:07/02:23:31]: sjtutex [342k]
Installing [4166/5162, time/total: 01:58:11/02:23:33]: skak [21k]
Installing [4167/5162, time/total: 01:58:12/02:23:34]: skaknew [157k]
Installing [4168/5162, time/total: 01:58:15/02:23:37]: skb [7k]
Installing [4169/5162, time/total: 01:58:16/02:23:38]: skdoc [10k]
Installing [4170/5162, time/total: 01:58:18/02:23:41]: skeldoc [7k]
Installing [4171/5162, time/total: 01:58:20/02:23:43]: skeycommand [5k]
Installing [4172/5162, time/total: 01:58:21/02:23:44]: skeyval [97k]
Installing [4173/5162, time/total: 01:58:23/02:23:46]: skills [4k]
Installing [4174/5162, time/total: 01:58:25/02:23:48]: skmath [4k]
Installing [4175/5162, time/total: 01:58:27/02:23:51]: skrapport [13k]
Installing [4176/5162, time/total: 01:58:29/02:23:53]: skull [2k]
Installing [4177/5162, time/total: 01:58:31/02:23:56]: slantsc [2k]
Installing [4178/5162, time/total: 01:58:33/02:23:58]: slideshow [9k]
Installing [4179/5162, time/total: 01:58:34/02:23:59]: slixte [7k]
Installing [4180/5162, time/total: 01:58:36/02:24:01]: smalltableof [1k]
Installing [4181/5162, time/total: 01:58:37/02:24:03]: smart-eqn [3k]
Installing [4182/5162, time/total: 01:58:39/02:24:05]: smartdiagram [7k]
Installing [4183/5162, time/total: 01:58:40/02:24:06]: smartnotes [3k]
Installing [4184/5162, time/total: 01:58:42/02:24:09]: smartref [4k]
Installing [4185/5162, time/total: 01:58:44/02:24:11]: smartunits [4k]
Installing [4186/5162, time/total: 01:58:45/02:24:12]: smflatex [28k]
Installing [4187/5162, time/total: 01:58:47/02:24:15]: smileghost [2k]
Installing [4188/5162, time/total: 01:58:48/02:24:16]: snapshot [6k]
Installing [4189/5162, time/total: 01:58:49/02:24:17]: snaptodo [2k]
Installing [4190/5162, time/total: 01:58:51/02:24:19]: sneaker [7k]
Installing [4191/5162, time/total: 01:58:53/02:24:22]: snotez [4k]
Installing [4192/5162, time/total: 01:58:54/02:24:23]: songbook [10k]
Installing [4193/5162, time/total: 01:58:55/02:24:24]: songproj [4k]
Installing [4194/5162, time/total: 01:58:56/02:24:25]: songs [21k]
Installing [4195/5162, time/total: 01:58:58/02:24:28]: sort-by-letters [11k]
Installing [4196/5162, time/total: 01:58:59/02:24:29]: soton [2k]
Installing [4197/5162, time/total: 01:59:01/02:24:31]: soul [9k]
Installing [4198/5162, time/total: 01:59:02/02:24:32]: soulpos [4k]
Installing [4199/5162, time/total: 01:59:03/02:24:34]: soup [4k]
Installing [4200/5162, time/total: 01:59:05/02:24:36]: sourcecodepro [3414k]
Installing [4201/5162, time/total: 01:59:14/02:24:25]: sourcesans [6844k]
Installing [4202/5162, time/total: 01:59:30/02:24:02]: sourceserif [4625k]
Installing [4203/5162, time/total: 01:59:35/02:23:39]: spacekern [3k]
Installing [4204/5162, time/total: 01:59:37/02:23:42]: spacingtricks [2k]
Installing [4205/5162, time/total: 01:59:38/02:23:43]: spalign [3k]
Installing [4206/5162, time/total: 01:59:39/02:23:44]: spark-otf [171k]
Installing [4207/5162, time/total: 01:59:42/02:23:47]: sparklines [3k]
Installing [4208/5162, time/total: 01:59:44/02:23:49]: spath3 [26k]
Installing [4209/5162, time/total: 01:59:47/02:23:53]: spbmark [5k]
Installing [4210/5162, time/total: 01:59:48/02:23:54]: spectral [3461k]
Installing [4211/5162, time/total: 01:59:53/02:23:38]: spectralsequences [71k]
Installing [4212/5162, time/total: 01:59:56/02:23:41]: spelatex [5k]
Installing [4213/5162, time/total: 01:59:57/02:23:43]: spelling [14k]
Installing [4214/5162, time/total: 01:59:59/02:23:45]: sphack [3k]
Installing [4215/5162, time/total: 02:00:00/02:23:46]: sphdthesis [7k]
Installing [4216/5162, time/total: 02:00:02/02:23:49]: spie [10k]
Installing [4217/5162, time/total: 02:00:03/02:23:50]: spim-phdthesisthemes [26k]
Installing [4218/5162, time/total: 02:00:05/02:23:52]: spix [3k]
Installing [4219/5162, time/total: 02:00:06/02:23:53]: spix.windows [3k]
Installing [4220/5162, time/total: 02:00:08/02:23:55]: splentinex [448k]
Installing [4221/5162, time/total: 02:00:11/02:23:56]: splines [3k]
Installing [4222/5162, time/total: 02:00:12/02:23:57]: splitbib [5k]
Installing [4223/5162, time/total: 02:00:14/02:24:00]: splitindex [8k]
Installing [4224/5162, time/total: 02:00:16/02:24:02]: splitindex.windows [3k]
Installing [4225/5162, time/total: 02:00:17/02:24:03]: spot [3k]
Installing [4226/5162, time/total: 02:00:19/02:24:06]: spotcolor [9k]
Installing [4227/5162, time/total: 02:00:20/02:24:07]: spotxcolor [9k]
Installing [4228/5162, time/total: 02:00:21/02:24:08]: spreadtab [23k]
Installing [4229/5162, time/total: 02:00:23/02:24:10]: spverbatim [2k]
Installing [4230/5162, time/total: 02:00:24/02:24:11]: sqltex [13k]
Installing [4231/5162, time/total: 02:00:26/02:24:14]: sqltex.windows [3k]
Installing [4232/5162, time/total: 02:00:27/02:24:15]: sr-vorl [5k]
Installing [4233/5162, time/total: 02:00:29/02:24:17]: srbook-mem [2k]
Installing [4234/5162, time/total: 02:00:30/02:24:19]: srbtiks [19k]
Installing [4235/5162, time/total: 02:00:32/02:24:21]: srcltx [3k]
Installing [4236/5162, time/total: 02:00:33/02:24:22]: srcredact [5k]
Installing [4237/5162, time/total: 02:00:34/02:24:23]: srcredact.windows [3k]
Installing [4238/5162, time/total: 02:00:36/02:24:26]: srdp-mathematik [31k]
Installing [4239/5162, time/total: 02:00:38/02:24:28]: sseq [8k]
Installing [4240/5162, time/total: 02:00:40/02:24:30]: sshrc-insight [5k]
Installing [4241/5162, time/total: 02:00:42/02:24:32]: sslides [2k]
Installing [4242/5162, time/total: 02:00:43/02:24:34]: stack [2k]
Installing [4243/5162, time/total: 02:00:44/02:24:35]: stackengine [6k]
Installing [4244/5162, time/total: 02:00:46/02:24:37]: stage [3k]
Installing [4245/5162, time/total: 02:00:48/02:24:40]: standalone [13k]
Installing [4246/5162, time/total: 02:00:49/02:24:41]: standardsectioning [3k]
Installing [4247/5162, time/total: 02:00:51/02:24:43]: stanli [10k]
Installing [4248/5162, time/total: 02:00:53/02:24:45]: starfont [176k]
Installing [4249/5162, time/total: 02:00:55/02:24:47]: starray [13k]
Installing [4250/5162, time/total: 02:00:56/02:24:48]: startex [10k]
Installing [4251/5162, time/total: 02:00:58/02:24:50]: statementsp [3k]
Installing [4252/5162, time/total: 02:01:00/02:24:53]: statex [5k]
Installing [4253/5162, time/total: 02:01:01/02:24:54]: statex2 [6k]
Installing [4254/5162, time/total: 02:01:03/02:24:56]: statistics [9k]
Installing [4255/5162, time/total: 02:01:04/02:24:57]: statistik [3k]
Installing [4256/5162, time/total: 02:01:05/02:24:58]: statmath [2k]
Installing [4257/5162, time/total: 02:01:06/02:25:00]: staves [120k]
Installing [4258/5162, time/total: 02:01:09/02:25:02]: stdclsdv [2k]
Installing [4259/5162, time/total: 02:01:10/02:25:04]: stdpage [3k]
Installing [4260/5162, time/total: 02:01:12/02:25:06]: stealcaps [2k]
Installing [4261/5162, time/total: 02:01:13/02:25:07]: steinmetz [2k]
Installing [4262/5162, time/total: 02:01:14/02:25:08]: stellenbosch [687k]
Installing [4263/5162, time/total: 02:01:18/02:25:09]: stellenbosch-2 [1514k]
Installing [4264/5162, time/total: 02:01:23/02:25:06]: step [1267k]
Installing [4265/5162, time/total: 02:01:30/02:25:06]: stepgreek [442k]
Installing [4266/5162, time/total: 02:01:33/02:25:07]: stex [96k]
Installing [4267/5162, time/total: 02:01:36/02:25:10]: stickstoo [2607k]
Installing [4268/5162, time/total: 02:01:40/02:24:58]: stix [2535k]
Installing [4269/5162, time/total: 02:01:44/02:24:48]: stix2-otf [1351k]
Installing [4270/5162, time/total: 02:01:49/02:24:45]: stix2-type1 [3038k]
Installing [4271/5162, time/total: 02:01:53/02:24:31]: stmaryrd [163k]
Installing [4272/5162, time/total: 02:01:55/02:24:33]: stocksize [3k]
Installing [4273/5162, time/total: 02:01:56/02:24:34]: storebox [3k]
Installing [4274/5162, time/total: 02:01:57/02:24:35]: storecmd [4k]
Installing [4275/5162, time/total: 02:01:58/02:24:36]: strands [8k]
Installing [4276/5162, time/total: 02:02:00/02:24:38]: stretchy [6k]
Installing [4277/5162, time/total: 02:02:01/02:24:40]: stricttex [2k]
Installing [4278/5162, time/total: 02:02:02/02:24:41]: string-diagrams [3k]
Installing [4279/5162, time/total: 02:02:03/02:24:42]: stringenc [23k]
Installing [4280/5162, time/total: 02:02:05/02:24:44]: stringstrings [10k]
Installing [4281/5162, time/total: 02:02:06/02:24:45]: structmech [4k]
Installing [4282/5162, time/total: 02:02:07/02:24:46]: struktex [11k]
Installing [4283/5162, time/total: 02:02:08/02:24:48]: sttools [13k]
Installing [4284/5162, time/total: 02:02:09/02:24:49]: stubs [2k]
Installing [4285/5162, time/total: 02:02:10/02:24:50]: studenthandouts [5k]
Installing [4286/5162, time/total: 02:02:11/02:24:51]: sty2dtx [9k]
Installing [4287/5162, time/total: 02:02:12/02:24:52]: sty2dtx.windows [3k]
Installing [4288/5162, time/total: 02:02:13/02:24:53]: styledcmd [3k]
Installing [4289/5162, time/total: 02:02:14/02:24:55]: styleitems [10k]
Installing [4290/5162, time/total: 02:02:15/02:24:56]: suanpan [5k]
Installing [4291/5162, time/total: 02:02:16/02:24:57]: suanpan-l3 [13k]
Installing [4292/5162, time/total: 02:02:17/02:24:58]: subdepth [2k]
Installing [4293/5162, time/total: 02:02:18/02:24:59]: subdocs [3k]
Installing [4294/5162, time/total: 02:02:19/02:25:00]: subeqn [2k]
Installing [4295/5162, time/total: 02:02:20/02:25:01]: subeqnarray [3k]
Installing [4296/5162, time/total: 02:02:21/02:25:03]: subfig [7k]
Installing [4297/5162, time/total: 02:02:22/02:25:04]: subfigmat [3k]
Installing [4298/5162, time/total: 02:02:23/02:25:05]: subfigure [5k]
Installing [4299/5162, time/total: 02:02:24/02:25:06]: subfiles [3k]
Installing [4300/5162, time/total: 02:02:25/02:25:07]: subfloat [2k]
Installing [4301/5162, time/total: 02:02:27/02:25:10]: substances [5k]
Installing [4302/5162, time/total: 02:02:28/02:25:11]: substnote [5k]
Installing [4303/5162, time/total: 02:02:29/02:25:12]: substr [2k]
Installing [4304/5162, time/total: 02:02:29/02:25:12]: subsupscripts [1k]
Installing [4305/5162, time/total: 02:02:31/02:25:14]: subtext [2k]
Installing [4306/5162, time/total: 02:02:32/02:25:15]: sudoku [2k]
Installing [4307/5162, time/total: 02:02:33/02:25:17]: sudokubundle [9k]
Installing [4308/5162, time/total: 02:02:34/02:25:18]: suftesi [15k]
Installing [4309/5162, time/total: 02:02:36/02:25:20]: sugconf [3k]
Installing [4310/5162, time/total: 02:02:37/02:25:21]: sunpath [2k]
Installing [4311/5162, time/total: 02:02:38/02:25:22]: superiors [3k]
Installing [4312/5162, time/total: 02:02:39/02:25:24]: supertabular [4k]
Installing [4313/5162, time/total: 02:02:40/02:25:25]: suppose [3k]
Installing [4314/5162, time/total: 02:02:41/02:25:26]: susy [1k]
Installing [4315/5162, time/total: 02:02:42/02:25:27]: svg [14k]
Installing [4316/5162, time/total: 02:02:44/02:25:29]: svg-animate [19k]
Installing [4317/5162, time/total: 02:02:45/02:25:30]: svg-inkscape [1k]
Installing [4318/5162, time/total: 02:02:46/02:25:32]: svgcolor [4k]
Installing [4319/5162, time/total: 02:02:48/02:25:34]: svn [2k]
Installing [4320/5162, time/total: 02:02:49/02:25:35]: svn-multi [13k]
Installing [4321/5162, time/total: 02:02:50/02:25:36]: svn-multi.windows [3k]
Installing [4322/5162, time/total: 02:02:51/02:25:37]: svn-prov [3k]
Installing [4323/5162, time/total: 02:02:52/02:25:39]: svninfo [4k]
Installing [4324/5162, time/total: 02:02:53/02:25:40]: svrsymbols [66k]
Installing [4325/5162, time/total: 02:02:55/02:25:42]: swebib [7k]
Installing [4326/5162, time/total: 02:02:56/02:25:43]: swfigure [5k]
Installing [4327/5162, time/total: 02:02:57/02:25:44]: swimgraf [12k]
Installing [4328/5162, time/total: 02:02:59/02:25:46]: switch [2k]
Installing [4329/5162, time/total: 02:03:00/02:25:48]: swrule [2k]
Installing [4330/5162, time/total: 02:03:01/02:25:49]: swungdash [2k]
Installing [4331/5162, time/total: 02:03:02/02:25:50]: syllogism [3k]
Installing [4332/5162, time/total: 02:03:04/02:25:52]: symbats3 [7k]
Installing [4333/5162, time/total: 02:03:05/02:25:53]: symbol [36k]
Installing [4334/5162, time/total: 02:03:07/02:25:56]: sympycalc [3k]
Installing [4335/5162, time/total: 02:03:09/02:25:58]: sympytexpackage [4k]
Installing [4336/5162, time/total: 02:03:11/02:26:00]: synctex [1k]
Installing [4337/5162, time/total: 02:03:12/02:26:01]: synctex.windows [179k]
Installing [4338/5162, time/total: 02:03:14/02:26:03]: synproof [3k]
Installing [4339/5162, time/total: 02:03:15/02:26:04]: syntax [3k]
Installing [4340/5162, time/total: 02:03:16/02:26:05]: syntaxdi [2k]
Installing [4341/5162, time/total: 02:03:17/02:26:06]: synthslant [3k]
Installing [4342/5162, time/total: 02:03:19/02:26:09]: syntrace [2k]
Installing [4343/5162, time/total: 02:03:20/02:26:10]: synttree [4k]
Installing [4344/5162, time/total: 02:03:22/02:26:12]: systeme [13k]
Installing [4345/5162, time/total: 02:03:22/02:26:12]: sysuthesis [51k]
Installing [4346/5162, time/total: 02:03:24/02:26:14]: t-angles [6k]
Installing [4347/5162, time/total: 02:03:26/02:26:16]: t1utils [1k]
Installing [4348/5162, time/total: 02:03:27/02:26:18]: t1utils.windows [41k]
Installing [4349/5162, time/total: 02:03:29/02:26:20]: t2 [27k]
Installing [4350/5162, time/total: 02:03:31/02:26:22]: tabbing [2k]
Installing [4351/5162, time/total: 02:03:32/02:26:23]: tabfigures [3k]
Installing [4352/5162, time/total: 02:03:33/02:26:24]: table-fct [3k]
Installing [4353/5162, time/total: 02:03:35/02:26:27]: tableaux [3k]
Installing [4354/5162, time/total: 02:03:36/02:26:28]: tablefootnote [4k]
Installing [4355/5162, time/total: 02:03:37/02:26:29]: tableof [3k]
Installing [4356/5162, time/total: 02:03:39/02:26:31]: tablericons [1373k]
Installing [4357/5162, time/total: 02:03:43/02:26:28]: tablists [3k]
Installing [4358/5162, time/total: 02:03:43/02:26:27]: tablor [13k]
Installing [4359/5162, time/total: 02:03:45/02:26:30]: tabls [5k]
Installing [4360/5162, time/total: 02:03:46/02:26:31]: tablvar [6k]
Installing [4361/5162, time/total: 02:03:47/02:26:32]: tabriz-thesis [4k]
Installing [4362/5162, time/total: 02:03:48/02:26:33]: tabstackengine [6k]
Installing [4363/5162, time/total: 02:03:50/02:26:36]: tabto-generic [2k]
Installing [4364/5162, time/total: 02:03:51/02:26:37]: tabto-ltx [4k]
Installing [4365/5162, time/total: 02:03:53/02:26:39]: tabu [24k]
Installing [4366/5162, time/total: 02:03:54/02:26:40]: tabular2 [13k]
Installing [4367/5162, time/total: 02:03:55/02:26:41]: tabularborder [2k]
Installing [4368/5162, time/total: 02:03:57/02:26:44]: tabularcalc [5k]
Installing [4369/5162, time/total: 02:03:58/02:26:45]: tabularew [3k]
Installing [4370/5162, time/total: 02:03:59/02:26:46]: tabularht [5k]
Installing [4371/5162, time/total: 02:04:01/02:26:48]: tabularray [49k]
Installing [4372/5162, time/total: 02:04:02/02:26:49]: tabularray-abnt [6k]
Installing [4373/5162, time/total: 02:04:04/02:26:51]: tabulary [5k]
Installing [4374/5162, time/total: 02:04:05/02:26:53]: tabvar [9k]
Installing [4375/5162, time/total: 02:04:06/02:26:54]: tagging [2k]
Installing [4376/5162, time/total: 02:04:08/02:26:56]: tagpair [2k]
Installing [4377/5162, time/total: 02:04:09/02:26:57]: tagpdf [43k]
Installing [4378/5162, time/total: 02:04:11/02:26:59]: talk [7k]
Installing [4379/5162, time/total: 02:04:13/02:27:02]: talkpal [3k]
Installing [4380/5162, time/total: 02:04:14/02:27:03]: talos [95k]
Installing [4381/5162, time/total: 02:04:16/02:27:05]: tamefloats [5k]
Installing [4382/5162, time/total: 02:04:17/02:27:06]: tamethebeast [1k]
Installing [4383/5162, time/total: 02:04:19/02:27:08]: tango [10k]
Installing [4384/5162, time/total: 02:04:20/02:27:09]: tangocolors [2k]
Installing [4385/5162, time/total: 02:04:22/02:27:12]: tangramtikz [8k]
Installing [4386/5162, time/total: 02:04:23/02:27:13]: tap [11k]
Installing [4387/5162, time/total: 02:04:25/02:27:15]: tapir [51k]
Installing [4388/5162, time/total: 02:04:27/02:27:17]: tasks [8k]
Installing [4389/5162, time/total: 02:04:28/02:27:18]: tblr-extras [3k]
Installing [4390/5162, time/total: 02:04:29/02:27:19]: tcldoc [7k]
Installing [4391/5162, time/total: 02:04:30/02:27:21]: tcolorbox [232k]
Installing [4392/5162, time/total: 02:04:33/02:27:23]: tdclock [4k]
Installing [4393/5162, time/total: 02:04:35/02:27:25]: tds [1k]
Installing [4394/5162, time/total: 02:04:36/02:27:26]: tdsfrmath [6k]
Installing [4395/5162, time/total: 02:04:37/02:27:27]: technics [2k]
Installing [4396/5162, time/total: 02:04:38/02:27:29]: technion-thesis-template [7k]
Installing [4397/5162, time/total: 02:04:40/02:27:31]: ted [4k]
Installing [4398/5162, time/total: 02:04:41/02:27:32]: telprint [3k]
Installing [4399/5162, time/total: 02:04:42/02:27:33]: templates-fenn [1k]
Installing [4400/5162, time/total: 02:04:44/02:27:36]: templates-sommer [1k]
Installing [4401/5162, time/total: 02:04:46/02:27:38]: templatetools [3k]
Installing [4402/5162, time/total: 02:04:47/02:27:39]: tempora [1232k]
Installing [4403/5162, time/total: 02:04:54/02:27:40]: temporal-logic [4k]
Installing [4404/5162, time/total: 02:04:55/02:27:41]: tengwarscript [32k]
Installing [4405/5162, time/total: 02:04:57/02:27:43]: tensind [3k]
Installing [4406/5162, time/total: 02:04:58/02:27:44]: tensor [3k]
Installing [4407/5162, time/total: 02:04:59/02:27:45]: tensormatrix [2k]
Installing [4408/5162, time/total: 02:05:00/02:27:47]: tensorstyles [7k]
Installing [4409/5162, time/total: 02:05:02/02:27:49]: termcal [3k]
Installing [4410/5162, time/total: 02:05:03/02:27:50]: termcal-de [3k]
Installing [4411/5162, time/total: 02:05:04/02:27:51]: termes-otf [3k]
Installing [4412/5162, time/total: 02:05:06/02:27:54]: terminalcode [4k]
Installing [4413/5162, time/total: 02:05:07/02:27:55]: termlist [2k]
Installing [4414/5162, time/total: 02:05:09/02:27:57]: termmenu [2k]
Installing [4415/5162, time/total: 02:05:10/02:27:58]: termsim [4k]
Installing [4416/5162, time/total: 02:05:11/02:27:59]: testhyphens [2k]
Installing [4417/5162, time/total: 02:05:12/02:28:01]: testidx [44k]
Installing [4418/5162, time/total: 02:05:14/02:28:03]: tetragonos [203k]
Installing [4419/5162, time/total: 02:05:16/02:28:04]: teubner [10k]
Installing [4420/5162, time/total: 02:05:17/02:28:05]: tex [1k]
Installing [4421/5162, time/total: 02:05:19/02:28:07]: tex-ewd [4k]
Installing [4422/5162, time/total: 02:05:20/02:28:08]: tex-font-errors-cheatsheet [1k]
Installing [4423/5162, time/total: 02:05:20/02:28:08]: tex-gyre [7567k]
Installing [4424/5162, time/total: 02:05:25/02:27:27]: tex-gyre-math [1155k]
Installing [4425/5162, time/total: 02:05:28/02:27:23]: tex-ini-files [5k]
Installing [4426/5162, time/total: 02:05:29/02:27:25]: tex-label [1k]
Installing [4427/5162, time/total: 02:05:30/02:27:26]: tex-locale [13k]
Installing [4428/5162, time/total: 02:05:31/02:27:27]: tex-nutshell [1k]
Installing [4429/5162, time/total: 02:05:32/02:27:28]: tex-overview [1k]
Installing [4430/5162, time/total: 02:05:33/02:27:29]: tex-ps [21k]
Installing [4431/5162, time/total: 02:05:35/02:27:31]: tex-virtual-academy-pl [1k]
Installing [4432/5162, time/total: 02:05:36/02:27:33]: tex-vpat [1k]
Installing [4433/5162, time/total: 02:05:37/02:27:34]: tex.windows [154k]
Installing [4434/5162, time/total: 02:05:40/02:27:36]: tex4ebook [19k]
Installing [4435/5162, time/total: 02:05:41/02:27:37]: tex4ebook.windows [3k]
Installing [4436/5162, time/total: 02:05:43/02:27:40]: tex4ht [1124k]
Installing [4437/5162, time/total: 02:05:47/02:27:37]: tex4ht.windows [61k]
Installing [4438/5162, time/total: 02:05:49/02:27:39]: texaccents [5k]
Installing [4439/5162, time/total: 02:05:50/02:27:41]: texaccents.windows [83k]
Installing [4440/5162, time/total: 02:05:52/02:27:42]: texapi [8k]
Installing [4441/5162, time/total: 02:05:53/02:27:44]: texblend [4k]
Installing [4442/5162, time/total: 02:05:54/02:27:45]: texblend.windows [3k]
Installing [4443/5162, time/total: 02:05:55/02:27:46]: texbytopic [1k]
Installing [4444/5162, time/total: 02:05:56/02:27:47]: texchanges [10k]
Installing [4445/5162, time/total: 02:05:57/02:27:48]: texchanges.windows [3k]
Installing [4446/5162, time/total: 02:05:58/02:27:49]: texcount [36k]
Installing [4447/5162, time/total: 02:05:59/02:27:50]: texcount.windows [3k]
Installing [4448/5162, time/total: 02:06:00/02:27:51]: texdate [4k]
Installing [4449/5162, time/total: 02:06:01/02:27:53]: texdef [10k]
Installing [4450/5162, time/total: 02:06:03/02:27:55]: texdef.windows [3k]
Installing [4451/5162, time/total: 02:06:04/02:27:56]: texdiff [7k]
Installing [4452/5162, time/total: 02:06:05/02:27:57]: texdiff.windows [3k]
Installing [4453/5162, time/total: 02:06:06/02:27:58]: texdimens [12k]
Installing [4454/5162, time/total: 02:06:07/02:27:59]: texdirflatten [5k]
Installing [4455/5162, time/total: 02:06:08/02:28:01]: texdirflatten.windows [3k]
Installing [4456/5162, time/total: 02:06:09/02:28:02]: texdoc [31k]
Installing [4457/5162, time/total: 02:06:11/02:28:04]: texdoc.windows [3k]
Installing [4458/5162, time/total: 02:06:12/02:28:05]: texdoctk [27k]
Installing [4459/5162, time/total: 02:06:13/02:28:06]: texdoctk.windows [3k]
Installing [4460/5162, time/total: 02:06:14/02:28:07]: texdraw [16k]
Installing [4461/5162, time/total: 02:06:16/02:28:09]: texecole [138k]
Installing [4462/5162, time/total: 02:06:18/02:28:11]: texfindpkg [851k]
Installing [4463/5162, time/total: 02:06:20/02:28:08]: texfindpkg.windows [3k]
Installing [4464/5162, time/total: 02:06:22/02:28:10]: texfot [7k]
Installing [4465/5162, time/total: 02:06:23/02:28:11]: texfot.windows [3k]
Installing [4466/5162, time/total: 02:06:24/02:28:13]: texilikechaps [2k]
Installing [4467/5162, time/total: 02:06:25/02:28:14]: texilikecover [1k]
Installing [4468/5162, time/total: 02:06:26/02:28:15]: texinfo [105k]
Installing [4469/5162, time/total: 02:06:28/02:28:17]: texlive-common [1k]
Installing [4470/5162, time/total: 02:06:29/02:28:18]: texlive-cz [1k]
Installing [4471/5162, time/total: 02:06:30/02:28:19]: texlive-de [1k]
Installing [4472/5162, time/total: 02:06:32/02:28:21]: texlive-en [1k]
Installing [4473/5162, time/total: 02:06:33/02:28:23]: texlive-es [1k]
Installing [4474/5162, time/total: 02:06:34/02:28:24]: texlive-fr [1k]
Installing [4475/5162, time/total: 02:06:36/02:28:26]: texlive-it [1k]
Installing [4476/5162, time/total: 02:06:37/02:28:27]: texlive-ja [1k]
Installing [4477/5162, time/total: 02:06:38/02:28:28]: texlive-msg-translations [150k]
Installing [4478/5162, time/total: 02:06:40/02:28:30]: texlive-pl [1k]
Installing [4479/5162, time/total: 02:06:41/02:28:31]: texlive-ru [1k]
Installing [4480/5162, time/total: 02:06:42/02:28:32]: texlive-scripts-extra [22k]
Installing [4481/5162, time/total: 02:06:44/02:28:34]: texlive-scripts-extra.windows [5k]
Installing [4482/5162, time/total: 02:06:45/02:28:35]: texlive-scripts.windows [60k]
Installing [4483/5162, time/total: 02:06:46/02:28:36]: texlive-sr [1k]
Installing [4484/5162, time/total: 02:06:47/02:28:37]: texlive-zh-cn [1k]
Installing [4485/5162, time/total: 02:06:48/02:28:39]: texlive.infra.windows [3014k]
Installing [4486/5162, time/total: 02:06:51/02:28:23]: texliveonfly [6k]
Installing [4487/5162, time/total: 02:06:52/02:28:24]: texliveonfly.windows [3k]
Installing [4488/5162, time/total: 02:06:53/02:28:26]: texloganalyser [5k]
Installing [4489/5162, time/total: 02:06:55/02:28:28]: texloganalyser.windows [3k]
Installing [4490/5162, time/total: 02:06:55/02:28:28]: texlogfilter [4k]
Installing [4491/5162, time/total: 02:06:56/02:28:29]: texlogfilter.windows [3k]
Installing [4492/5162, time/total: 02:06:57/02:28:30]: texlogos [2k]
Installing [4493/5162, time/total: 02:06:58/02:28:31]: texlogsieve [50k]
Installing [4494/5162, time/total: 02:07:00/02:28:33]: texlogsieve.windows [3k]
Installing [4495/5162, time/total: 02:07:01/02:28:35]: texmate [6k]
Installing [4496/5162, time/total: 02:07:02/02:28:36]: texments [2k]
Installing [4497/5162, time/total: 02:07:03/02:28:37]: texnegar [15k]
Installing [4498/5162, time/total: 02:07:04/02:28:38]: texosquery [167k]
Installing [4499/5162, time/total: 02:07:06/02:28:39]: texosquery.windows [3k]
Installing [4500/5162, time/total: 02:07:07/02:28:40]: texplate [3294k]
Installing [4501/5162, time/total: 02:07:10/02:28:23]: texplate.windows [3k]
Installing [4502/5162, time/total: 02:07:11/02:28:25]: texpower [40k]
Installing [4503/5162, time/total: 02:07:12/02:28:26]: texproposal [1k]
Installing [4504/5162, time/total: 02:07:13/02:28:27]: texshade [65k]
Installing [4505/5162, time/total: 02:07:15/02:28:29]: texsis [109k]
Installing [4506/5162, time/total: 02:07:16/02:28:29]: texsis.windows [3k]
Installing [4507/5162, time/total: 02:07:17/02:28:30]: texsurgery [3k]
Installing [4508/5162, time/total: 02:07:19/02:28:33]: textcase [2k]
Installing [4509/5162, time/total: 02:07:20/02:28:34]: textcsc [2k]
Installing [4510/5162, time/total: 02:07:21/02:28:35]: textfit [3k]
Installing [4511/5162, time/total: 02:07:22/02:28:36]: textglos [2k]
Installing [4512/5162, time/total: 02:07:23/02:28:37]: textgreek [3k]
Installing [4513/5162, time/total: 02:07:24/02:28:38]: textmerg [2k]
Installing [4514/5162, time/total: 02:07:25/02:28:40]: textopo [32k]
Installing [4515/5162, time/total: 02:07:26/02:28:41]: textpath [5k]
Installing [4516/5162, time/total: 02:07:27/02:28:42]: textpos [5k]
Installing [4517/5162, time/total: 02:07:28/02:28:43]: textualicomma [2k]
Installing [4518/5162, time/total: 02:07:29/02:28:44]: texvc [2k]
Installing [4519/5162, time/total: 02:07:30/02:28:45]: texware [1k]
Installing [4520/5162, time/total: 02:07:31/02:28:46]: texware.windows [21k]
Installing [4521/5162, time/total: 02:07:33/02:28:48]: texworks [1k]
Installing [4522/5162, time/total: 02:07:34/02:28:50]: texworks.windows [20419k]
Installing [4523/5162, time/total: 02:07:40/02:26:51]: tfrupee [588k]
Installing [4524/5162, time/total: 02:07:43/02:26:51]: thaienum [2k]
Installing [4525/5162, time/total: 02:07:45/02:26:54]: thaispec [4k]
Installing [4526/5162, time/total: 02:07:46/02:26:55]: thalie [6k]
Installing [4527/5162, time/total: 02:07:47/02:26:56]: theanodidot [369k]
Installing [4528/5162, time/total: 02:07:50/02:26:57]: theanomodern [392k]
Installing [4529/5162, time/total: 02:07:53/02:26:58]: theanooldstyle [482k]
Installing [4530/5162, time/total: 02:07:56/02:26:59]: theatre [1k]
Installing [4531/5162, time/total: 02:07:57/02:27:00]: thematicpuzzle [3k]
Installing [4532/5162, time/total: 02:07:59/02:27:02]: theoremref [5k]
Installing [4533/5162, time/total: 02:08:00/02:27:03]: thermodynamics [11k]
Installing [4534/5162, time/total: 02:08:01/02:27:04]: thesis-ekf [111k]
Installing [4535/5162, time/total: 02:08:03/02:27:06]: thesis-gwu [10k]
Installing [4536/5162, time/total: 02:08:04/02:27:07]: thesis-qom [14k]
Installing [4537/5162, time/total: 02:08:06/02:27:09]: thesis-titlepage-fhac [4k]
Installing [4538/5162, time/total: 02:08:08/02:27:11]: thinsp [2k]
Installing [4539/5162, time/total: 02:08:09/02:27:13]: thmbox [3k]
Installing [4540/5162, time/total: 02:08:10/02:27:14]: thmtools [14k]
Installing [4541/5162, time/total: 02:08:11/02:27:15]: threadcol [2k]
Installing [4542/5162, time/total: 02:08:12/02:27:16]: threeddice [3k]
Installing [4543/5162, time/total: 02:08:13/02:27:17]: threeparttable [6k]
Installing [4544/5162, time/total: 02:08:14/02:27:18]: threeparttablex [3k]
Installing [4545/5162, time/total: 02:08:15/02:27:19]: thuaslogos [44k]
Installing [4546/5162, time/total: 02:08:17/02:27:21]: thubeamer [120k]
Installing [4547/5162, time/total: 02:08:19/02:27:23]: thucoursework [3k]
Installing [4548/5162, time/total: 02:08:21/02:27:25]: thumb [4k]
Installing [4549/5162, time/total: 02:08:22/02:27:26]: thumbpdf [19k]
Installing [4550/5162, time/total: 02:08:23/02:27:27]: thumbpdf.windows [3k]
Installing [4551/5162, time/total: 02:08:25/02:27:30]: thumbs [12k]
Installing [4552/5162, time/total: 02:08:26/02:27:31]: thumby [4k]
Installing [4553/5162, time/total: 02:08:27/02:27:32]: thuthesis [145k]
Installing [4554/5162, time/total: 02:08:29/02:27:33]: ticket [4k]
Installing [4555/5162, time/total: 02:08:31/02:27:36]: ticollege [5k]
Installing [4556/5162, time/total: 02:08:32/02:27:37]: tictactoe [3k]
Installing [4557/5162, time/total: 02:08:33/02:27:38]: tidyres [2k]
Installing [4558/5162, time/total: 02:08:34/02:27:39]: tie [1k]
Installing [4559/5162, time/total: 02:08:36/02:27:41]: tie.windows [6k]
Installing [4560/5162, time/total: 02:08:38/02:27:44]: tiet-question-paper [3k]
Installing [4561/5162, time/total: 02:08:39/02:27:45]: tietreport [3k]
Installing [4562/5162, time/total: 02:08:41/02:27:47]: tikz-3dplot [8k]
Installing [4563/5162, time/total: 02:08:42/02:27:48]: tikz-among-us [7k]
Installing [4564/5162, time/total: 02:08:43/02:27:49]: tikz-bagua [2k]
Installing [4565/5162, time/total: 02:08:44/02:27:50]: tikz-bayesnet [2k]
Installing [4566/5162, time/total: 02:08:45/02:27:51]: tikz-bbox [2k]
Installing [4567/5162, time/total: 02:08:47/02:27:54]: tikz-bpmn [10k]
Installing [4568/5162, time/total: 02:08:48/02:27:55]: tikz-catan [4k]
Installing [4569/5162, time/total: 02:08:49/02:27:56]: tikz-cd [7k]
Installing [4570/5162, time/total: 02:08:51/02:27:58]: tikz-chemlab [25k]
Installing [4571/5162, time/total: 02:08:52/02:27:59]: tikz-cookingsymbols [4k]
Installing [4572/5162, time/total: 02:08:53/02:28:00]: tikz-decofonts [11k]
Installing [4573/5162, time/total: 02:08:54/02:28:01]: tikz-dependency [16k]
Installing [4574/5162, time/total: 02:08:56/02:28:04]: tikz-dimline [2k]
Installing [4575/5162, time/total: 02:08:57/02:28:05]: tikz-ext [44k]
Installing [4576/5162, time/total: 02:08:58/02:28:06]: tikz-feynhand [7k]
Installing [4577/5162, time/total: 02:09:00/02:28:08]: tikz-feynman [16k]
Installing [4578/5162, time/total: 02:09:01/02:28:09]: tikz-imagelabels [3k]
Installing [4579/5162, time/total: 02:09:02/02:28:10]: tikz-inet [3k]
Installing [4580/5162, time/total: 02:09:03/02:28:11]: tikz-kalender [5k]
Installing [4581/5162, time/total: 02:09:04/02:28:12]: tikz-karnaugh [7k]
Installing [4582/5162, time/total: 02:09:05/02:28:13]: tikz-ladder [5k]
Installing [4583/5162, time/total: 02:09:07/02:28:16]: tikz-lake-fig [5k]
Installing [4584/5162, time/total: 02:09:09/02:28:18]: tikz-layers [2k]
Installing [4585/5162, time/total: 02:09:10/02:28:19]: tikz-mirror-lens [3k]
Installing [4586/5162, time/total: 02:09:11/02:28:20]: tikz-nef [2k]
Installing [4587/5162, time/total: 02:09:13/02:28:23]: tikz-network [9k]
Installing [4588/5162, time/total: 02:09:14/02:28:24]: tikz-nfold [8k]
Installing [4589/5162, time/total: 02:09:15/02:28:25]: tikz-opm [2k]
Installing [4590/5162, time/total: 02:09:16/02:28:26]: tikz-optics [13k]
Installing [4591/5162, time/total: 02:09:17/02:28:27]: tikz-osci [4k]
Installing [4592/5162, time/total: 02:09:18/02:28:28]: tikz-page [4k]
Installing [4593/5162, time/total: 02:09:20/02:28:30]: tikz-palattice [6k]
Installing [4594/5162, time/total: 02:09:21/02:28:31]: tikz-planets [5k]
Installing [4595/5162, time/total: 02:09:22/02:28:33]: tikz-qtree [8k]
Installing [4596/5162, time/total: 02:09:23/02:28:34]: tikz-relay [7k]
Installing [4597/5162, time/total: 02:09:24/02:28:35]: tikz-sections [6k]
Installing [4598/5162, time/total: 02:09:25/02:28:36]: tikz-sfc [3k]
Installing [4599/5162, time/total: 02:09:26/02:28:37]: tikz-shields [3k]
Installing [4600/5162, time/total: 02:09:27/02:28:38]: tikz-swigs [6k]
Installing [4601/5162, time/total: 02:09:28/02:28:39]: tikz-timing [19k]
Installing [4602/5162, time/total: 02:09:30/02:28:41]: tikz-trackschematic [16k]
Installing [4603/5162, time/total: 02:09:31/02:28:43]: tikz-triminos [3k]
Installing [4604/5162, time/total: 02:09:33/02:28:45]: tikz-truchet [3k]
Installing [4605/5162, time/total: 02:09:35/02:28:47]: tikz2d-fr [3k]
Installing [4606/5162, time/total: 02:09:36/02:28:48]: tikz3d-fr [5k]
Installing [4607/5162, time/total: 02:09:37/02:28:49]: tikzbrickfigurines [7k]
Installing [4608/5162, time/total: 02:09:38/02:28:50]: tikzbricks [3k]
Installing [4609/5162, time/total: 02:09:39/02:28:52]: tikzcalendarnotes [9k]
Installing [4610/5162, time/total: 02:09:41/02:28:54]: tikzcodeblocks [6k]
Installing [4611/5162, time/total: 02:09:42/02:28:55]: tikzdotncross [5k]
Installing [4612/5162, time/total: 02:09:44/02:28:57]: tikzducks [19k]
Installing [4613/5162, time/total: 02:09:45/02:28:58]: tikzfill [10k]
Installing [4614/5162, time/total: 02:09:46/02:28:59]: tikzfxgraph [5k]
Installing [4615/5162, time/total: 02:09:47/02:29:00]: tikzinclude [2k]
Installing [4616/5162, time/total: 02:09:48/02:29:02]: tikzlings [45k]
Installing [4617/5162, time/total: 02:09:50/02:29:04]: tikzmark [9k]
Installing [4618/5162, time/total: 02:09:51/02:29:05]: tikzmarmots [3k]
Installing [4619/5162, time/total: 02:09:52/02:29:06]: tikzorbital [4k]
Installing [4620/5162, time/total: 02:09:53/02:29:07]: tikzpackets [3k]
Installing [4621/5162, time/total: 02:09:55/02:29:09]: tikzpagenodes [2k]
Installing [4622/5162, time/total: 02:09:56/02:29:10]: tikzpeople [21k]
Installing [4623/5162, time/total: 02:09:57/02:29:11]: tikzpfeile [2k]
Installing [4624/5162, time/total: 02:09:58/02:29:13]: tikzphysics [31k]
Installing [4625/5162, time/total: 02:09:59/02:29:14]: tikzpingus [44k]
Installing [4626/5162, time/total: 02:10:00/02:29:14]: tikzposter [12k]
Installing [4627/5162, time/total: 02:10:01/02:29:15]: tikzquads [11k]
Installing [4628/5162, time/total: 02:10:02/02:29:17]: tikzquests [5k]
Installing [4629/5162, time/total: 02:10:04/02:29:19]: tikzscale [5k]
Installing [4630/5162, time/total: 02:10:05/02:29:20]: tikzsymbols [15k]
Installing [4631/5162, time/total: 02:10:06/02:29:21]: tikztosvg [3k]
Installing [4632/5162, time/total: 02:10:07/02:29:22]: tikzviolinplots [5k]
Installing [4633/5162, time/total: 02:10:08/02:29:23]: tile-graphic [4k]
Installing [4634/5162, time/total: 02:10:09/02:29:24]: tilings [11k]
Installing [4635/5162, time/total: 02:10:10/02:29:25]: timbreicmc [16k]
Installing [4636/5162, time/total: 02:10:11/02:29:27]: timechart [10k]
Installing [4637/5162, time/total: 02:10:12/02:29:28]: timeop [3k]
Installing [4638/5162, time/total: 02:10:13/02:29:29]: times [281k]
Installing [4639/5162, time/total: 02:10:15/02:29:29]: timetable [8k]
Installing [4640/5162, time/total: 02:10:16/02:29:30]: timing-diagrams [3k]
Installing [4641/5162, time/total: 02:10:16/02:29:30]: tinos [3156k]
Installing [4642/5162, time/total: 02:10:20/02:29:16]: tipa [2809k]
Installing [4643/5162, time/total: 02:10:23/02:29:02]: tipa-de [1k]
Installing [4644/5162, time/total: 02:10:24/02:29:03]: tipauni [7k]
Installing [4645/5162, time/total: 02:10:25/02:29:04]: tipfr [6k]
Installing [4646/5162, time/total: 02:10:27/02:29:06]: tiscreen [4k]
Installing [4647/5162, time/total: 02:10:28/02:29:08]: titlecaps [5k]
Installing [4648/5162, time/total: 02:10:29/02:29:09]: titlefoot [3k]
Installing [4649/5162, time/total: 02:10:30/02:29:10]: titlepages [1k]
Installing [4650/5162, time/total: 02:10:31/02:29:11]: titlepic [2k]
Installing [4651/5162, time/total: 02:10:32/02:29:12]: titleref [3k]
Installing [4652/5162, time/total: 02:10:34/02:29:14]: titlesec [20k]
Installing [4653/5162, time/total: 02:10:36/02:29:17]: titling [3k]
Installing [4654/5162, time/total: 02:10:37/02:29:18]: tkz-base [16k]
Installing [4655/5162, time/total: 02:10:39/02:29:20]: tkz-berge [9k]
Installing [4656/5162, time/total: 02:10:41/02:29:22]: tkz-bernoulli [3k]
Installing [4657/5162, time/total: 02:10:42/02:29:23]: tkz-doc [7k]
Installing [4658/5162, time/total: 02:10:44/02:29:25]: tkz-elements [70k]
Installing [4659/5162, time/total: 02:10:46/02:29:27]: tkz-euclide [40k]
Installing [4660/5162, time/total: 02:10:48/02:29:29]: tkz-fct [5k]
Installing [4661/5162, time/total: 02:10:49/02:29:30]: tkz-graph [7k]
Installing [4662/5162, time/total: 02:10:50/02:29:32]: tkz-grapheur [67k]
Installing [4663/5162, time/total: 02:10:52/02:29:33]: tkz-interval [3k]
Installing [4664/5162, time/total: 02:10:53/02:29:35]: tkz-orm [8k]
Installing [4665/5162, time/total: 02:10:55/02:29:37]: tkz-tab [7k]
Installing [4666/5162, time/total: 02:10:56/02:29:38]: tkzexample [4k]
Installing [4667/5162, time/total: 02:10:58/02:29:40]: tlc-article [5k]
Installing [4668/5162, time/total: 02:10:59/02:29:41]: tlc2 [1k]
Installing [4669/5162, time/total: 02:11:00/02:29:42]: tlc3-examples [1k]
Installing [4670/5162, time/total: 02:11:01/02:29:44]: tlcockpit [69973k]
Installing [4671/5162, time/total: 02:11:15/02:23:10]: tlcockpit.windows [18k]
Installing [4672/5162, time/total: 02:11:17/02:23:12]: tlgs.windows [8681k]
Installing [4673/5162, time/total: 02:11:22/02:22:29]: tlmgr-intro-zh-cn [1k]
Installing [4674/5162, time/total: 02:11:23/02:22:30]: tlmgrbasics [1k]
Installing [4675/5162, time/total: 02:11:24/02:22:31]: tlshell [33k]
Installing [4676/5162, time/total: 02:11:26/02:22:33]: tlshell.windows [3377k]
Installing [4677/5162, time/total: 02:11:30/02:22:19]: to-be-determined [2k]
Installing [4678/5162, time/total: 02:11:31/02:22:20]: tocbibind [4k]
Installing [4679/5162, time/total: 02:11:32/02:22:21]: tocdata [4k]
Installing [4680/5162, time/total: 02:11:34/02:22:23]: tocloft [8k]
Installing [4681/5162, time/total: 02:11:35/02:22:24]: tocvsec2 [2k]
Installing [4682/5162, time/total: 02:11:36/02:22:25]: todo [2k]
Installing [4683/5162, time/total: 02:11:37/02:22:26]: todonotes [5k]
Installing [4684/5162, time/total: 02:11:38/02:22:27]: tokcycle [7k]
Installing [4685/5162, time/total: 02:11:40/02:22:29]: tokenizer [3k]
Installing [4686/5162, time/total: 02:11:41/02:22:30]: tokglobalstack [2k]
Installing [4687/5162, time/total: 02:11:42/02:22:32]: tokgroupmark [2k]
Installing [4688/5162, time/total: 02:11:43/02:22:33]: tokmap [2k]
Installing [4689/5162, time/total: 02:11:44/02:22:34]: tokstools [21k]
Installing [4690/5162, time/total: 02:11:45/02:22:35]: tonevalue [3k]
Installing [4691/5162, time/total: 02:11:46/02:22:36]: toolbox [3k]
Installing [4692/5162, time/total: 02:11:48/02:22:38]: tools [48k]
Installing [4693/5162, time/total: 02:11:49/02:22:39]: topfloat [2k]
Installing [4694/5162, time/total: 02:11:50/02:22:40]: topiclongtable [5k]
Installing [4695/5162, time/total: 02:11:51/02:22:41]: topletter [3k]
Installing [4696/5162, time/total: 02:11:52/02:22:42]: toptesi [21k]
Installing [4697/5162, time/total: 02:11:54/02:22:44]: totalcount [2k]
Installing [4698/5162, time/total: 02:11:55/02:22:45]: totcount [3k]
Installing [4699/5162, time/total: 02:11:56/02:22:46]: totpages [3k]
Installing [4700/5162, time/total: 02:11:57/02:22:47]: tpic2pdftex [1k]
Installing [4701/5162, time/total: 02:11:59/02:22:49]: tpslifonts [6k]
Installing [4702/5162, time/total: 02:12:00/02:22:50]: tqft [7k]
Installing [4703/5162, time/total: 02:12:01/02:22:51]: tracklang [21k]
Installing [4704/5162, time/total: 02:12:03/02:22:53]: traffic-light-protocol [2k]
Installing [4705/5162, time/total: 02:12:05/02:22:56]: trainmap [8k]
Installing [4706/5162, time/total: 02:12:06/02:22:57]: trajan [46k]
Installing [4707/5162, time/total: 02:12:08/02:22:59]: tram [3k]
Installing [4708/5162, time/total: 02:12:09/02:23:00]: tramlines [2k]
Installing [4709/5162, time/total: 02:12:10/02:23:01]: transition-metals [9k]
Installing [4710/5162, time/total: 02:12:12/02:23:03]: translation-array-fr [1k]
Installing [4711/5162, time/total: 02:12:13/02:23:04]: translation-arsclassica-de [1k]
Installing [4712/5162, time/total: 02:12:14/02:23:05]: translation-biblatex-de [1k]
Installing [4713/5162, time/total: 02:12:15/02:23:06]: translation-chemsym-de [1k]
Installing [4714/5162, time/total: 02:12:16/02:23:07]: translation-dcolumn-fr [1k]
Installing [4715/5162, time/total: 02:12:17/02:23:08]: translation-ecv-de [1k]
Installing [4716/5162, time/total: 02:12:18/02:23:09]: translation-enumitem-de [1k]
Installing [4717/5162, time/total: 02:12:19/02:23:10]: translation-europecv-de [1k]
Installing [4718/5162, time/total: 02:12:20/02:23:11]: translation-filecontents-de [1k]
Installing [4719/5162, time/total: 02:12:21/02:23:13]: translation-moreverb-de [1k]
Installing [4720/5162, time/total: 02:12:22/02:23:14]: translation-natbib-fr [1k]
Installing [4721/5162, time/total: 02:12:23/02:23:15]: translation-tabbing-fr [1k]
Installing [4722/5162, time/total: 02:12:24/02:23:16]: translations [14k]
Installing [4723/5162, time/total: 02:12:25/02:23:17]: translator [28k]
Installing [4724/5162, time/total: 02:12:26/02:23:18]: transparent [3k]
Installing [4725/5162, time/total: 02:12:27/02:23:19]: transparent-io [1k]
Installing [4726/5162, time/total: 02:12:29/02:23:21]: tree-dvips [8k]
Installing [4727/5162, time/total: 02:12:30/02:23:22]: treesvr [2k]
Installing [4728/5162, time/total: 02:12:32/02:23:24]: treetex [20k]
Installing [4729/5162, time/total: 02:12:34/02:23:26]: trfsigns [2k]
Installing [4730/5162, time/total: 02:12:35/02:23:27]: trigonometry [3k]
Installing [4731/5162, time/total: 02:12:36/02:23:28]: trimspaces [1k]
Installing [4732/5162, time/total: 02:12:38/02:23:30]: trivfloat [3k]
Installing [4733/5162, time/total: 02:12:39/02:23:32]: trivialpursuit [9k]
Installing [4734/5162, time/total: 02:12:40/02:23:33]: trsym [2k]
Installing [4735/5162, time/total: 02:12:42/02:23:35]: truncate [3k]
Installing [4736/5162, time/total: 02:12:43/02:23:36]: truthtable [3k]
Installing [4737/5162, time/total: 02:12:45/02:23:38]: tsemlines [2k]
Installing [4738/5162, time/total: 02:12:46/02:23:39]: tsvtemplate [2k]
Installing [4739/5162, time/total: 02:12:47/02:23:40]: ttfutils [107k]
Installing [4740/5162, time/total: 02:12:49/02:23:42]: ttfutils.windows [519k]
Installing [4741/5162, time/total: 02:12:52/02:23:42]: tucv [2k]
Installing [4742/5162, time/total: 02:12:53/02:23:43]: tuda-ci [48k]
Installing [4743/5162, time/total: 02:12:55/02:23:45]: tudscr [161k]
Installing [4744/5162, time/total: 02:12:57/02:23:46]: tufte-latex [22k]
Installing [4745/5162, time/total: 02:12:59/02:23:48]: tugboat [34k]
Installing [4746/5162, time/total: 02:13:01/02:23:50]: tugboat-plain [34k]
Installing [4747/5162, time/total: 02:13:03/02:23:52]: tui [4k]
Installing [4748/5162, time/total: 02:13:05/02:23:54]: tuple [11k]
Installing [4749/5162, time/total: 02:13:07/02:23:57]: turabian [2k]
Installing [4750/5162, time/total: 02:13:07/02:23:57]: turabian-formatting [8k]
Installing [4751/5162, time/total: 02:13:09/02:23:59]: turkce-sayi [6k]
Installing [4752/5162, time/total: 02:13:10/02:24:00]: turkmen [3k]
Installing [4753/5162, time/total: 02:13:12/02:24:02]: turnstile [2k]
Installing [4754/5162, time/total: 02:13:13/02:24:03]: turnthepage [2k]
Installing [4755/5162, time/total: 02:13:14/02:24:04]: tutodoc [13k]
Installing [4756/5162, time/total: 02:13:16/02:24:06]: tuzuk [2k]
Installing [4757/5162, time/total: 02:13:17/02:24:07]: tvthesis [6k]
Installing [4758/5162, time/total: 02:13:19/02:24:09]: twemoji-colr [568k]
Installing [4759/5162, time/total: 02:13:22/02:24:09]: twemojis [4322k]
Installing [4760/5162, time/total: 02:13:26/02:23:50]: twoinone [2k]
Installing [4761/5162, time/total: 02:13:28/02:23:52]: twoup [3k]
Installing [4762/5162, time/total: 02:13:29/02:23:53]: twoxtwogame [13k]
Installing [4763/5162, time/total: 02:13:30/02:23:54]: txfonts [693k]
Installing [4764/5162, time/total: 02:13:34/02:23:54]: txfontsb [3395k]
Installing [4765/5162, time/total: 02:13:40/02:23:42]: txgreeks [3k]
Installing [4766/5162, time/total: 02:13:41/02:23:43]: txuprcal [51k]
Installing [4767/5162, time/total: 02:13:43/02:23:45]: type1cm [3k]
Installing [4768/5162, time/total: 02:13:45/02:23:47]: typed-checklist [6k]
Installing [4769/5162, time/total: 02:13:47/02:23:49]: typeface [44k]
Installing [4770/5162, time/total: 02:13:49/02:23:51]: typehtml [7k]
Installing [4771/5162, time/total: 02:13:50/02:23:52]: typeoutfileinfo [2k]
Installing [4772/5162, time/total: 02:13:52/02:23:54]: typewriter [26k]
Installing [4773/5162, time/total: 02:13:54/02:23:56]: typicons [59k]
Installing [4774/5162, time/total: 02:13:56/02:23:58]: typoaid [6k]
Installing [4775/5162, time/total: 02:13:57/02:23:59]: typog [16k]
Installing [4776/5162, time/total: 02:13:59/02:24:01]: typog.windows [3k]
Installing [4777/5162, time/total: 02:14:01/02:24:03]: typogrid [2k]
Installing [4778/5162, time/total: 02:14:01/02:24:03]: typstfun [1k]
Installing [4779/5162, time/total: 02:14:03/02:24:05]: tzplot [26k]
Installing [4780/5162, time/total: 02:14:05/02:24:07]: uaclasses [6k]
Installing [4781/5162, time/total: 02:14:06/02:24:09]: uafthesis [8k]
Installing [4782/5162, time/total: 02:14:08/02:24:11]: ualberta [8k]
Installing [4783/5162, time/total: 02:14:09/02:24:12]: uantwerpendocs [6327k]
Installing [4784/5162, time/total: 02:14:16/02:23:44]: uassign [2k]
Installing [4785/5162, time/total: 02:14:18/02:23:46]: ucalgmthesis [4k]
Installing [4786/5162, time/total: 02:14:19/02:23:47]: ucbthesis [8k]
Installing [4787/5162, time/total: 02:14:20/02:23:48]: ucdavisthesis [11k]
Installing [4788/5162, time/total: 02:14:22/02:23:50]: ucharcat [2k]
Installing [4789/5162, time/total: 02:14:24/02:23:53]: ucharclasses [9k]
Installing [4790/5162, time/total: 02:14:25/02:23:54]: ucph-revy [6k]
Installing [4791/5162, time/total: 02:14:26/02:23:55]: ucs [302k]
Installing [4792/5162, time/total: 02:14:29/02:23:56]: ucsmonograph [5k]
Installing [4793/5162, time/total: 02:14:30/02:23:57]: ucthesis [19k]
Installing [4794/5162, time/total: 02:14:32/02:23:59]: udepcolor [2k]
Installing [4795/5162, time/total: 02:14:33/02:24:00]: udes-genie-these [8k]
Installing [4796/5162, time/total: 02:14:34/02:24:01]: udesoftec [106k]
Installing [4797/5162, time/total: 02:14:36/02:24:03]: udiss [73k]
Installing [4798/5162, time/total: 02:14:38/02:24:05]: uebungsblatt [4k]
Installing [4799/5162, time/total: 02:14:40/02:24:07]: uestcthesis [17k]
Installing [4800/5162, time/total: 02:14:42/02:24:09]: ufrgscca [26k]
Installing [4801/5162, time/total: 02:14:44/02:24:11]: uhc [3516k]
Installing [4802/5162, time/total: 02:14:48/02:23:56]: uhhassignment [3k]
Installing [4803/5162, time/total: 02:14:50/02:23:58]: uhrzeit [2k]
Installing [4804/5162, time/total: 02:14:51/02:23:59]: uiucredborder [2k]
Installing [4805/5162, time/total: 02:14:53/02:24:01]: uiucthesis [6k]
Installing [4806/5162, time/total: 02:14:54/02:24:02]: ukbill [6k]
Installing [4807/5162, time/total: 02:14:55/02:24:03]: ukrhyph [39k]
Installing [4808/5162, time/total: 02:14:57/02:24:05]: ulem [7k]
Installing [4809/5162, time/total: 02:14:58/02:24:06]: ullrcorners [2k]
Installing [4810/5162, time/total: 02:15:00/02:24:08]: ulqda [5k]
Installing [4811/5162, time/total: 02:15:02/02:24:10]: ulqda.windows [3k]
Installing [4812/5162, time/total: 02:15:03/02:24:11]: ulthese [59k]
Installing [4813/5162, time/total: 02:15:05/02:24:13]: umbclegislation [3k]
Installing [4814/5162, time/total: 02:15:06/02:24:14]: umich-thesis [6k]
Installing [4815/5162, time/total: 02:15:08/02:24:16]: uml [7k]
Installing [4816/5162, time/total: 02:15:10/02:24:18]: umlaute [3k]
Installing [4817/5162, time/total: 02:15:11/02:24:20]: umoline [3k]
Installing [4818/5162, time/total: 02:15:13/02:24:22]: umthesis [7k]
Installing [4819/5162, time/total: 02:15:15/02:24:24]: umtypewriter [333k]
Installing [4820/5162, time/total: 02:15:17/02:24:24]: unam-thesis [3k]
Installing [4821/5162, time/total: 02:15:19/02:24:26]: unamth-template [1k]
Installing [4822/5162, time/total: 02:15:20/02:24:27]: unamthesis [10k]
Installing [4823/5162, time/total: 02:15:22/02:24:29]: unbtex [38k]
Installing [4824/5162, time/total: 02:15:24/02:24:31]: undar-digitacion [7k]
Installing [4825/5162, time/total: 02:15:25/02:24:32]: undergradmath [1k]
Installing [4826/5162, time/total: 02:15:27/02:24:34]: underlin [1k]
Installing [4827/5162, time/total: 02:15:28/02:24:35]: underoverlap [4k]
Installing [4828/5162, time/total: 02:15:29/02:24:37]: underscore [5k]
Installing [4829/5162, time/total: 02:15:31/02:24:39]: undolabl [3k]
Installing [4830/5162, time/total: 02:15:32/02:24:40]: unfonts-core [14383k]
Installing [4831/5162, time/total: 02:15:39/02:23:28]: unfonts-extra [6412k]
Installing [4832/5162, time/total: 02:15:44/02:22:59]: uni-titlepage [11k]
Installing [4833/5162, time/total: 02:15:46/02:23:01]: uni-wtal-ger [2k]
Installing [4834/5162, time/total: 02:15:47/02:23:02]: uni-wtal-lin [3k]
Installing [4835/5162, time/total: 02:15:48/02:23:03]: unibidi-lua [21k]
Installing [4836/5162, time/total: 02:15:50/02:23:05]: unicode-alphabets [44k]
Installing [4837/5162, time/total: 02:15:52/02:23:07]: unicode-bidi [2k]
Installing [4838/5162, time/total: 02:15:53/02:23:08]: unicode-data [310k]
Installing [4839/5162, time/total: 02:15:57/02:23:10]: unicode-math [42k]
Installing [4840/5162, time/total: 02:15:59/02:23:12]: unicode-math-input [17k]
Installing [4841/5162, time/total: 02:16:00/02:23:13]: unicodefonttable [8k]
Installing [4842/5162, time/total: 02:16:02/02:23:15]: unifith [15k]
Installing [4843/5162, time/total: 02:16:03/02:23:16]: unifront [3k]
Installing [4844/5162, time/total: 02:16:05/02:23:18]: unigrazpub [6k]
Installing [4845/5162, time/total: 02:16:07/02:23:20]: unimath-plain-xetex [16k]
Installing [4846/5162, time/total: 02:16:09/02:23:23]: uninormalize [6k]
Installing [4847/5162, time/total: 02:16:10/02:23:24]: unipersian [12k]
Installing [4848/5162, time/total: 02:16:11/02:23:25]: uniquecounter [3k]
Installing [4849/5162, time/total: 02:16:13/02:23:27]: unisc [3k]
Installing [4850/5162, time/total: 02:16:14/02:23:28]: unisugar [3k]
Installing [4851/5162, time/total: 02:16:15/02:23:29]: unitconv [2k]
Installing [4852/5162, time/total: 02:16:17/02:23:31]: unitn-bimrep [75k]
Installing [4853/5162, time/total: 02:16:19/02:23:33]: units [2k]
Installing [4854/5162, time/total: 02:16:20/02:23:34]: unitsdef [5k]
Installing [4855/5162, time/total: 02:16:22/02:23:36]: universa [17k]
Installing [4856/5162, time/total: 02:16:24/02:23:38]: universalis [502k]
Installing [4857/5162, time/total: 02:16:27/02:23:38]: univie-ling [163k]
Installing [4858/5162, time/total: 02:16:30/02:23:40]: unizgklasa [2k]
Installing [4859/5162, time/total: 02:16:31/02:23:41]: unravel [30k]
Installing [4860/5162, time/total: 02:16:33/02:23:43]: unswcover [3k]
Installing [4861/5162, time/total: 02:16:34/02:23:44]: uol-physics-report [3k]
Installing [4862/5162, time/total: 02:16:36/02:23:46]: uothesis [9k]
Installing [4863/5162, time/total: 02:16:38/02:23:49]: uowthesis [44k]
Installing [4864/5162, time/total: 02:16:40/02:23:50]: uowthesistitlepage [5k]
Installing [4865/5162, time/total: 02:16:42/02:23:52]: upca [2k]
Installing [4866/5162, time/total: 02:16:43/02:23:54]: updatemarks [6k]
Installing [4867/5162, time/total: 02:16:45/02:23:56]: uplatex [15k]
Installing [4868/5162, time/total: 02:16:47/02:23:58]: uplatex.windows [3k]
Installing [4869/5162, time/total: 02:16:48/02:23:59]: upmendex [1k]
Installing [4870/5162, time/total: 02:16:50/02:24:01]: upmendex.windows [593k]
Installing [4871/5162, time/total: 02:16:53/02:24:01]: upmethodology [32k]
Installing [4872/5162, time/total: 02:16:55/02:24:03]: uppunctlm [14k]
Installing [4873/5162, time/total: 02:16:57/02:24:05]: upquote [2k]
Installing [4874/5162, time/total: 02:16:58/02:24:06]: uptex [1k]
Installing [4875/5162, time/total: 02:17:00/02:24:08]: uptex-base [10k]
Installing [4876/5162, time/total: 02:17:02/02:24:10]: uptex-fonts [165k]
Installing [4877/5162, time/total: 02:17:04/02:24:11]: uptex.windows [1398k]
Installing [4878/5162, time/total: 02:17:09/02:24:09]: upzhkinsoku [2k]
Installing [4879/5162, time/total: 02:17:10/02:24:10]: urcls [13k]
Installing [4880/5162, time/total: 02:17:12/02:24:12]: uri [4k]
Installing [4881/5162, time/total: 02:17:14/02:24:14]: url [6k]
Installing [4882/5162, time/total: 02:17:15/02:24:15]: urlbst [14k]
Installing [4883/5162, time/total: 02:17:17/02:24:17]: urlbst.windows [3k]
Installing [4884/5162, time/total: 02:17:19/02:24:19]: urwchancal [2k]
Installing [4885/5162, time/total: 02:17:20/02:24:20]: usebib [2k]
Installing [4886/5162, time/total: 02:17:22/02:24:22]: useclass [2k]
Installing [4887/5162, time/total: 02:17:24/02:24:24]: user-persona [3k]
Installing [4888/5162, time/total: 02:17:25/02:24:25]: ushort [2k]
Installing [4889/5162, time/total: 02:17:27/02:24:27]: uspace [2k]
Installing [4890/5162, time/total: 02:17:28/02:24:28]: uspatent [5k]
Installing [4891/5162, time/total: 02:17:30/02:24:31]: ut-thesis [3k]
Installing [4892/5162, time/total: 02:17:31/02:24:32]: utbmciad-report [3779k]
Installing [4893/5162, time/total: 02:17:36/02:24:16]: utexasthesis [4k]
Installing [4894/5162, time/total: 02:17:37/02:24:17]: utf8add [5k]
Installing [4895/5162, time/total: 02:17:39/02:24:19]: utf8mex [3k]
Installing [4896/5162, time/total: 02:17:41/02:24:22]: utfsym [1845k]
Installing [4897/5162, time/total: 02:17:46/02:24:17]: utopia [201k]
Installing [4898/5162, time/total: 02:17:47/02:24:17]: uvaletter [2k]
Installing [4899/5162, time/total: 02:17:48/02:24:18]: uvlhighlight [4k]
Installing [4900/5162, time/total: 02:17:49/02:24:19]: uwa-colours [2k]
Installing [4901/5162, time/total: 02:17:51/02:24:21]: uwa-letterhead [4k]
Installing [4902/5162, time/total: 02:17:52/02:24:22]: uwa-pcf [3k]
Installing [4903/5162, time/total: 02:17:53/02:24:23]: uwa-pif [3k]
Installing [4904/5162, time/total: 02:17:54/02:24:24]: uwmslide [4k]
Installing [4905/5162, time/total: 02:17:55/02:24:25]: uwthesis [8k]
Installing [4906/5162, time/total: 02:17:56/02:24:26]: vak [6k]
Installing [4907/5162, time/total: 02:17:57/02:24:27]: vancouver [9k]
Installing [4908/5162, time/total: 02:17:58/02:24:28]: variablelm [4k]
Installing [4909/5162, time/total: 02:17:59/02:24:29]: variations [2k]
Installing [4910/5162, time/total: 02:18:00/02:24:30]: varindex [7k]
Installing [4911/5162, time/total: 02:18:02/02:24:32]: varisize [4k]
Installing [4912/5162, time/total: 02:18:03/02:24:33]: varsfromjobname [2k]
Installing [4913/5162, time/total: 02:18:04/02:24:34]: varwidth [5k]
Installing [4914/5162, time/total: 02:18:05/02:24:35]: vaucanson-g [12k]
Installing [4915/5162, time/total: 02:18:07/02:24:37]: vcell [2k]
Installing [4916/5162, time/total: 02:18:08/02:24:38]: vdmlisting [3k]
Installing [4917/5162, time/total: 02:18:10/02:24:40]: vectorlogos [334k]
Installing [4918/5162, time/total: 02:18:12/02:24:41]: velthuis [4053k]
Installing [4919/5162, time/total: 02:18:16/02:24:23]: velthuis.windows [15k]
Installing [4920/5162, time/total: 02:18:17/02:24:24]: venn [3k]
Installing [4921/5162, time/total: 02:18:18/02:24:25]: venndiagram [5k]
Installing [4922/5162, time/total: 02:18:19/02:24:26]: venturisadf [4868k]
Installing [4923/5162, time/total: 02:18:23/02:24:04]: verbasef [5k]
Installing [4924/5162, time/total: 02:18:24/02:24:05]: verbatimbox [4k]
Installing [4925/5162, time/total: 02:18:26/02:24:07]: verbatimcopy [3k]
Installing [4926/5162, time/total: 02:18:28/02:24:09]: verbdef [2k]
Installing [4927/5162, time/total: 02:18:29/02:24:10]: verbments [3k]
Installing [4928/5162, time/total: 02:18:31/02:24:12]: verifica [4k]
Installing [4929/5162, time/total: 02:18:32/02:24:13]: verifiche [6k]
Installing [4930/5162, time/total: 02:18:33/02:24:14]: verifycommand [4k]
Installing [4931/5162, time/total: 02:18:35/02:24:16]: verse [4k]
Installing [4932/5162, time/total: 02:18:36/02:24:17]: version [3k]
Installing [4933/5162, time/total: 02:18:38/02:24:19]: versions [6k]
Installing [4934/5162, time/total: 02:18:39/02:24:20]: versonotes [3k]
Installing [4935/5162, time/total: 02:18:40/02:24:21]: vertbars [2k]
Installing [4936/5162, time/total: 02:18:41/02:24:22]: vexillology [3k]
Installing [4937/5162, time/total: 02:18:43/02:24:24]: vgrid [2k]
Installing [4938/5162, time/total: 02:18:44/02:24:26]: vhistory [9k]
Installing [4939/5162, time/total: 02:18:45/02:24:27]: visualfaq [1k]
Installing [4940/5162, time/total: 02:18:46/02:24:28]: visualfaq-fr [1k]
Installing [4941/5162, time/total: 02:18:48/02:24:30]: visualpstricks [1k]
Installing [4942/5162, time/total: 02:18:49/02:24:31]: visualtikz [1k]
Installing [4943/5162, time/total: 02:18:50/02:24:32]: visualtoks [2k]
Installing [4944/5162, time/total: 02:18:52/02:24:34]: vlna [1k]
Installing [4945/5162, time/total: 02:18:53/02:24:35]: vlna.windows [9k]
Installing [4946/5162, time/total: 02:18:57/02:24:39]: vmargin [3k]
Installing [4947/5162, time/total: 02:18:59/02:24:41]: vntex [5266k]
Installing [4948/5162, time/total: 02:19:07/02:24:21]: vocaltract [9k]
Installing [4949/5162, time/total: 02:19:08/02:24:22]: volumes [3k]
Installing [4950/5162, time/total: 02:19:10/02:24:24]: voss-mathcol [1k]
Installing [4951/5162, time/total: 02:19:12/02:24:26]: vpe [8k]
Installing [4952/5162, time/total: 02:19:13/02:24:27]: vpe.windows [3k]
Installing [4953/5162, time/total: 02:19:15/02:24:29]: vruler [6k]
Installing [4954/5162, time/total: 02:19:16/02:24:30]: vscodeicons [2320k]
Installing [4955/5162, time/total: 02:19:20/02:24:22]: vtable [4k]
Installing [4956/5162, time/total: 02:19:22/02:24:24]: vwcol [4k]
Installing [4957/5162, time/total: 02:19:23/02:24:25]: wadalab [17357k]
Installing [4958/5162, time/total: 02:19:28/02:22:58]: wallcalendar [35k]
Installing [4959/5162, time/total: 02:19:30/02:23:00]: wallpaper [2k]
Installing [4960/5162, time/total: 02:19:31/02:23:01]: wargame [271k]
Installing [4961/5162, time/total: 02:19:33/02:23:02]: warning [2k]
Installing [4962/5162, time/total: 02:19:34/02:23:03]: warpcol [2k]
Installing [4963/5162, time/total: 02:19:36/02:23:05]: was [2k]
Installing [4964/5162, time/total: 02:19:37/02:23:06]: wasy [24k]
Installing [4965/5162, time/total: 02:19:38/02:23:07]: wasy-type1 [256k]
Installing [4966/5162, time/total: 02:19:40/02:23:07]: wasysym [4k]
Installing [4967/5162, time/total: 02:19:41/02:23:08]: web [1k]
Installing [4968/5162, time/total: 02:19:42/02:23:09]: web.windows [47k]
Installing [4969/5162, time/total: 02:19:44/02:23:11]: webguide [1k]
Installing [4970/5162, time/total: 02:19:45/02:23:12]: webquiz [47k]
Installing [4971/5162, time/total: 02:19:46/02:23:13]: webquiz.windows [3k]
Installing [4972/5162, time/total: 02:19:48/02:23:15]: weiqi [7k]
Installing [4973/5162, time/total: 02:19:49/02:23:16]: westlakethesis [3833k]
Installing [4974/5162, time/total: 02:19:54/02:23:01]: whatsnote [7k]
Installing [4975/5162, time/total: 02:19:55/02:23:02]: wheelchart [18k]
Installing [4976/5162, time/total: 02:19:56/02:23:03]: widetable [2k]
Installing [4977/5162, time/total: 02:19:57/02:23:04]: widows-and-orphans [3k]
Installing [4978/5162, time/total: 02:19:58/02:23:05]: williams [3k]
Installing [4979/5162, time/total: 02:20:00/02:23:07]: willowtreebook [7k]
Installing [4980/5162, time/total: 02:20:02/02:23:09]: windycity [21k]
Installing [4981/5162, time/total: 02:20:04/02:23:11]: withargs [6k]
Installing [4982/5162, time/total: 02:20:05/02:23:12]: witharrows [17k]
Installing [4983/5162, time/total: 02:20:07/02:23:14]: wnri [46k]
Installing [4984/5162, time/total: 02:20:08/02:23:15]: wnri-latex [3k]
Installing [4985/5162, time/total: 02:20:10/02:23:17]: wordcloud [7k]
Installing [4986/5162, time/total: 02:20:11/02:23:18]: wordcount [5k]
Installing [4987/5162, time/total: 02:20:13/02:23:20]: wordle [7k]
Installing [4988/5162, time/total: 02:20:14/02:23:21]: wordlike [2k]
Installing [4989/5162, time/total: 02:20:16/02:23:23]: worksheet [4k]
Installing [4990/5162, time/total: 02:20:17/02:23:24]: worldflags [2027k]
Installing [4991/5162, time/total: 02:20:21/02:23:17]: wrapfig [10k]
Installing [4992/5162, time/total: 02:20:23/02:23:19]: wrapfig2 [7k]
Installing [4993/5162, time/total: 02:20:25/02:23:21]: wrapstuff [12k]
Installing [4994/5162, time/total: 02:20:26/02:23:22]: wrapstuff-doc-en [1k]
Installing [4995/5162, time/total: 02:20:28/02:23:24]: writeongrid [7k]
Installing [4996/5162, time/total: 02:20:29/02:23:25]: wsemclassic [4k]
Installing [4997/5162, time/total: 02:20:30/02:23:26]: wsuipa [36k]
Installing [4998/5162, time/total: 02:20:32/02:23:28]: wtref [3k]
Installing [4999/5162, time/total: 02:20:34/02:23:30]: xargs [4k]
Installing [5000/5162, time/total: 02:20:36/02:23:32]: xassoccnt [20k]
Installing [5001/5162, time/total: 02:20:37/02:23:33]: xbmks [5k]
Installing [5002/5162, time/total: 02:20:39/02:23:35]: xcharter [2159k]
Installing [5003/5162, time/total: 02:20:45/02:23:30]: xcharter-math [293k]
Installing [5004/5162, time/total: 02:20:48/02:23:31]: xcite [2k]
Installing [5005/5162, time/total: 02:20:49/02:23:32]: xcjk2uni [196k]
Installing [5006/5162, time/total: 02:20:51/02:23:33]: xcntperchap [4k]
Installing [5007/5162, time/total: 02:20:52/02:23:34]: xcolor [18k]
Installing [5008/5162, time/total: 02:20:55/02:23:37]: xcolor-material [5k]
Installing [5009/5162, time/total: 02:20:56/02:23:38]: xcolor-solarized [2k]
Installing [5010/5162, time/total: 02:20:57/02:23:39]: xcomment [3k]
Installing [5011/5162, time/total: 02:20:58/02:23:40]: xcookybooky [7k]
Installing [5012/5162, time/total: 02:20:59/02:23:41]: xcpdftips [4k]
Installing [5013/5162, time/total: 02:21:01/02:23:43]: xdoc [12k]
Installing [5014/5162, time/total: 02:21:02/02:23:44]: xduthesis [111k]
Installing [5015/5162, time/total: 02:21:04/02:23:46]: xduts [513k]
Installing [5016/5162, time/total: 02:21:06/02:23:45]: xdvi [7k]
Installing [5017/5162, time/total: 02:21:08/02:23:47]: xdvipsk [1k]
Installing [5018/5162, time/total: 02:21:09/02:23:48]: xdvipsk-support [6k]
Installing [5019/5162, time/total: 02:21:09/02:23:48]: xdvipsk.windows [773k]
Installing [5020/5162, time/total: 02:21:11/02:23:46]: xebaposter [10k]
Installing [5021/5162, time/total: 02:21:13/02:23:48]: xechangebar [7k]
Installing [5022/5162, time/total: 02:21:14/02:23:49]: xecjk [240k]
Installing [5023/5162, time/total: 02:21:16/02:23:50]: xecolor [3k]
Installing [5024/5162, time/total: 02:21:17/02:23:51]: xecyr [4k]
Installing [5025/5162, time/total: 02:21:18/02:23:52]: xecyrmongolian [3k]
Installing [5026/5162, time/total: 02:21:19/02:23:53]: xeindex [2k]
Installing [5027/5162, time/total: 02:21:20/02:23:54]: xelatex-dev [1k]
Installing [5028/5162, time/total: 02:21:21/02:23:55]: xelatex-dev.windows [3k]
Installing [5029/5162, time/total: 02:21:22/02:23:56]: xellipsis [2k]
Installing [5030/5162, time/total: 02:21:23/02:23:57]: xepersian [60k]
Installing [5031/5162, time/total: 02:21:25/02:23:59]: xepersian-hm [6k]
Installing [5032/5162, time/total: 02:21:26/02:24:00]: xesearch [6k]
Installing [5033/5162, time/total: 02:21:28/02:24:02]: xespotcolor [3k]
Installing [5034/5162, time/total: 02:21:30/02:24:04]: xetex [8k]
Installing [5035/5162, time/total: 02:21:30/02:24:04]: xetex-devanagari [13k]
Installing [5036/5162, time/total: 02:21:31/02:24:05]: xetex-itrans [25k]
Installing [5037/5162, time/total: 02:21:33/02:24:06]: xetex-pstricks [1k]
Installing [5038/5162, time/total: 02:21:34/02:24:07]: xetex-tibetan [7k]
Installing [5039/5162, time/total: 02:21:35/02:24:08]: xetex.windows [10629k]
Installing [5040/5162, time/total: 02:21:40/02:23:18]: xetexconfig [1k]
Installing [5041/5162, time/total: 02:21:41/02:23:19]: xetexfontinfo [3k]
Installing [5042/5162, time/total: 02:21:42/02:23:20]: xetexko [54k]
Installing [5043/5162, time/total: 02:21:44/02:23:22]: xetexref [1k]
Installing [5044/5162, time/total: 02:21:45/02:23:23]: xevlna [2k]
Installing [5045/5162, time/total: 02:21:46/02:23:24]: xfakebold [2k]
Installing [5046/5162, time/total: 02:21:47/02:23:25]: xfor [2k]
Installing [5047/5162, time/total: 02:21:49/02:23:27]: xfrac [4k]
Installing [5048/5162, time/total: 02:21:50/02:23:28]: xgreek [5k]
Installing [5049/5162, time/total: 02:21:51/02:23:29]: xhfill [2k]
Installing [5050/5162, time/total: 02:21:52/02:23:30]: xifthen [3k]
Installing [5051/5162, time/total: 02:21:54/02:23:32]: xii [1k]
Installing [5052/5162, time/total: 02:21:55/02:23:33]: xii-lat [1k]
Installing [5053/5162, time/total: 02:21:57/02:23:35]: ximera [15k]
Installing [5054/5162, time/total: 02:21:59/02:23:37]: xindex [37k]
Installing [5055/5162, time/total: 02:22:00/02:23:38]: xindex.windows [3k]
Installing [5056/5162, time/total: 02:22:02/02:23:40]: xindy [138k]
Installing [5057/5162, time/total: 02:22:04/02:23:41]: xindy-persian [1k]
Installing [5058/5162, time/total: 02:22:05/02:23:42]: xindy.windows [2073k]
Installing [5059/5162, time/total: 02:22:09/02:23:35]: xint [81k]
Installing [5060/5162, time/total: 02:22:11/02:23:37]: xint-regression [5k]
Installing [5061/5162, time/total: 02:22:12/02:23:38]: xintsession [7k]
Installing [5062/5162, time/total: 02:22:13/02:23:39]: xistercian [5k]
Installing [5063/5162, time/total: 02:22:15/02:23:41]: xits [529k]
Installing [5064/5162, time/total: 02:22:17/02:23:40]: xkcdcolors [9k]
Installing [5065/5162, time/total: 02:22:19/02:23:42]: xkeymask [2k]
Installing [5066/5162, time/total: 02:22:20/02:23:43]: xkeyval [9k]
Installing [5067/5162, time/total: 02:22:21/02:23:44]: xlistings [22k]
Installing [5068/5162, time/total: 02:22:23/02:23:46]: xlop [16k]
Installing [5069/5162, time/total: 02:22:24/02:23:47]: xltabular [3k]
Installing [5070/5162, time/total: 02:22:25/02:23:48]: xltxtra [3k]
Installing [5071/5162, time/total: 02:22:26/02:23:49]: xmeaning [5k]
Installing [5072/5162, time/total: 02:22:28/02:23:51]: xml2pmx [1k]
Installing [5073/5162, time/total: 02:22:29/02:23:52]: xml2pmx.windows [117k]
Installing [5074/5162, time/total: 02:22:32/02:23:54]: xmltex [18k]
Installing [5075/5162, time/total: 02:22:33/02:23:55]: xmltex.windows [3k]
Installing [5076/5162, time/total: 02:22:34/02:23:56]: xmpincl [2k]
Installing [5077/5162, time/total: 02:22:36/02:23:58]: xmuthesis [49k]
Installing [5078/5162, time/total: 02:22:38/02:24:00]: xnewcommand [1k]
Installing [5079/5162, time/total: 02:22:39/02:24:01]: xoptarg [2k]
Installing [5080/5162, time/total: 02:22:40/02:24:02]: xpatch [2k]
Installing [5081/5162, time/total: 02:22:42/02:24:04]: xpdfopen [1k]
Installing [5082/5162, time/total: 02:22:43/02:24:05]: xpdfopen.windows [739k]
Installing [5083/5162, time/total: 02:22:46/02:24:04]: xpeek [2k]
Installing [5084/5162, time/total: 02:22:47/02:24:05]: xpeekahead [3k]
Installing [5085/5162, time/total: 02:22:49/02:24:07]: xpiano [3k]
Installing [5086/5162, time/total: 02:22:50/02:24:08]: xpicture [9k]
Installing [5087/5162, time/total: 02:22:51/02:24:09]: xpinyin [197k]
Installing [5088/5162, time/total: 02:22:54/02:24:11]: xprintlen [2k]
Installing [5089/5162, time/total: 02:22:55/02:24:12]: xpunctuate [2k]
Installing [5090/5162, time/total: 02:22:56/02:24:13]: xq [44k]
Installing [5091/5162, time/total: 02:22:57/02:24:14]: xreview [4k]
Installing [5092/5162, time/total: 02:22:59/02:24:16]: xsavebox [5k]
Installing [5093/5162, time/total: 02:23:00/02:24:17]: xsim [32k]
Installing [5094/5162, time/total: 02:23:02/02:24:19]: xsipa [5k]
Installing [5095/5162, time/total: 02:23:03/02:24:20]: xskak [14k]
Installing [5096/5162, time/total: 02:23:04/02:24:21]: xstacks [2k]
Installing [5097/5162, time/total: 02:23:06/02:24:23]: xstix2 [3k]
Installing [5098/5162, time/total: 02:23:07/02:24:24]: xstring [12k]
Installing [5099/5162, time/total: 02:23:09/02:24:26]: xtab [5k]
Installing [5100/5162, time/total: 02:23:10/02:24:27]: xtufte [17k]
Installing [5101/5162, time/total: 02:23:12/02:24:29]: xtuthesis [4k]
Installing [5102/5162, time/total: 02:23:13/02:24:30]: xunicode [26k]
Installing [5103/5162, time/total: 02:23:15/02:24:31]: xurl [2k]
Installing [5104/5162, time/total: 02:23:17/02:24:33]: xwatermark [17k]
Installing [5105/5162, time/total: 02:23:19/02:24:35]: xyling [11k]
Installing [5106/5162, time/total: 02:23:20/02:24:36]: xymtex [87k]
Installing [5107/5162, time/total: 02:23:23/02:24:39]: xypic [694k]
Installing [5108/5162, time/total: 02:23:27/02:24:39]: xypic-tut-pt [1k]
Installing [5109/5162, time/total: 02:23:28/02:24:40]: xytree [4k]
Installing [5110/5162, time/total: 02:23:30/02:24:42]: yafoot [4k]
Installing [5111/5162, time/total: 02:23:32/02:24:44]: yagusylo [6k]
Installing [5112/5162, time/total: 02:23:33/02:24:45]: yaletter [4k]
Installing [5113/5162, time/total: 02:23:35/02:24:47]: yamlvars [7k]
Installing [5114/5162, time/total: 02:23:37/02:24:49]: yannisgr [37k]
Installing [5115/5162, time/total: 02:23:38/02:24:50]: yathesis [23k]
Installing [5116/5162, time/total: 02:23:40/02:24:52]: yax [6k]
Installing [5117/5162, time/total: 02:23:41/02:24:53]: yazd-thesis [6k]
Installing [5118/5162, time/total: 02:23:43/02:24:55]: yb-book [5k]
Installing [5119/5162, time/total: 02:23:44/02:24:56]: ycbook [5k]
Installing [5120/5162, time/total: 02:23:46/02:24:58]: ydoc [10k]
Installing [5121/5162, time/total: 02:23:47/02:24:59]: yet-another-guide-latex2e [1k]
Installing [5122/5162, time/total: 02:23:49/02:25:01]: yfonts [2k]
Installing [5123/5162, time/total: 02:23:50/02:25:02]: yfonts-otf [64k]
Installing [5124/5162, time/total: 02:23:52/02:25:04]: yfonts-t1 [143k]
Installing [5125/5162, time/total: 02:23:57/02:25:08]: yhmath [37k]
Installing [5126/5162, time/total: 02:23:59/02:25:10]: yinit-otf [248k]
Installing [5127/5162, time/total: 02:24:01/02:25:10]: york-thesis [5k]
Installing [5128/5162, time/total: 02:24:02/02:25:11]: youngtab [2k]
Installing [5129/5162, time/total: 02:24:04/02:25:13]: yplan [7k]
Installing [5130/5162, time/total: 02:24:05/02:25:14]: yplan.windows [3k]
Installing [5131/5162, time/total: 02:24:07/02:25:16]: yquant [70k]
Installing [5132/5162, time/total: 02:24:09/02:25:18]: ysabeau [12690k]
Installing [5133/5162, time/total: 02:25:11/02:25:14]: ytableau [4k]
Installing [5134/5162, time/total: 02:25:12/02:25:15]: zapfchan [79k]
Installing [5135/5162, time/total: 02:25:15/02:25:18]: zapfding [46k]
Installing [5136/5162, time/total: 02:25:17/02:25:19]: zbmath-review-template [3k]
Installing [5137/5162, time/total: 02:25:18/02:25:20]: zebra [8k]
Installing [5138/5162, time/total: 02:25:20/02:25:22]: zeckendorf [10k]
Installing [5139/5162, time/total: 02:25:22/02:25:24]: zed-csp [8k]
Installing [5140/5162, time/total: 02:25:24/02:25:26]: zennote [2k]
Installing [5141/5162, time/total: 02:25:26/02:25:28]: zhlineskip [4k]
Installing [5142/5162, time/total: 02:25:28/02:25:30]: zhlipsum [197k]
Installing [5143/5162, time/total: 02:25:31/02:25:32]: zhmetrics [31k]
Installing [5144/5162, time/total: 02:25:34/02:25:35]: zhmetrics-uptex [31k]
Installing [5145/5162, time/total: 02:25:37/02:25:38]: zhnumber [9k]
Installing [5146/5162, time/total: 02:25:38/02:25:39]: zhspacing [12k]
Installing [5147/5162, time/total: 02:25:40/02:25:41]: ziffer [2k]
Installing [5148/5162, time/total: 02:25:42/02:25:43]: zitie [10k]
Installing [5149/5162, time/total: 02:25:43/02:25:44]: zlmtt [4k]
Installing [5150/5162, time/total: 02:25:45/02:25:46]: zootaxa-bst [7k]
Installing [5151/5162, time/total: 02:25:47/02:25:48]: zref [15k]
Installing [5152/5162, time/total: 02:25:49/02:25:50]: zref-check [6k]
Installing [5153/5162, time/total: 02:25:50/02:25:51]: zref-clever [26k]
Installing [5154/5162, time/total: 02:25:52/02:25:52]: zref-vario [5k]
Installing [5155/5162, time/total: 02:25:54/02:25:54]: zugferd [14k]
Installing [5156/5162, time/total: 02:25:55/02:25:55]: zwgetfdate [2k]
Installing [5157/5162, time/total: 02:25:57/02:25:57]: zwpagelayout [9k]
Installing [5158/5162, time/total: 02:25:58/02:25:58]: zx-calculus [38k]
Installing [5159/5162, time/total: 02:25:59/02:25:59]: zxjafbfont [2k]
Installing [5160/5162, time/total: 02:26:01/02:26:01]: zxjafont [6k]
Installing [5161/5162, time/total: 02:26:02/02:26:02]: zxjatype [9k]
Installing [5162/5162, time/total: 02:26:04/02:26:04]: zztex [100k]
Time used for installing the packages: 2:26:06
[16:21:40] running mktexlsr F:/AcademicHub/texlive/2026/texmf-dist ...
mktexlsr: Updating F:/AcademicHub/texlive/2026/texmf-dist/ls-R...
mktexlsr: Updated F:/AcademicHub/texlive/2026/texmf-dist/ls-R.
mktexlsr: Done.
writing fmtutil.cnf to F:/AcademicHub/texlive/2026/texmf-dist/web2c/fmtutil.cnf
writing updmap.cfg to F:/AcademicHub/texlive/2026/texmf-dist/web2c/updmap.cfg
writing language.dat to F:/AcademicHub/texlive/2026/texmf-var/tex/generic/config/language.dat
writing language.def to F:/AcademicHub/texlive/2026/texmf-var/tex/generic/config/language.def
writing language.dat.lua to F:/AcademicHub/texlive/2026/texmf-var/tex/generic/config/language.dat.lua
[16:21:44] running mktexlsr F:/AcademicHub/texlive/2026/texmf-var F:/AcademicHub/texlive/2026/texmf-config F:/AcademicHub/texlive/2026/texmf-dist ...
mktexlsr: Updating F:/AcademicHub/texlive/2026/texmf-var/ls-R...
mktexlsr: Updated F:/AcademicHub/texlive/2026/texmf-var/ls-R.
mktexlsr: Updating F:/AcademicHub/texlive/2026/texmf-config/ls-R...
mktexlsr: Updated F:/AcademicHub/texlive/2026/texmf-config/ls-R.
mktexlsr: Updating F:/AcademicHub/texlive/2026/texmf-dist/ls-R...
mktexlsr: Updated F:/AcademicHub/texlive/2026/texmf-dist/ls-R.
mktexlsr: Done.
[16:21:45] running updmap-sys --nohash ...done
[16:22:09] re-running mktexlsr F:/AcademicHub/texlive/2026/texmf-var F:/AcademicHub/texlive/2026/texmf-config ...
Cannot open tlaunch.ini for reading
mktexlsr: Updating F:/AcademicHub/texlive/2026/texmf-var/ls-R...
mktexlsr: Updated F:/AcademicHub/texlive/2026/texmf-var/ls-R.
mktexlsr: Updating F:/AcademicHub/texlive/2026/texmf-config/ls-R...
mktexlsr: Updated F:/AcademicHub/texlive/2026/texmf-config/ls-R.
mktexlsr: Done.
setting up ConTeXt caches:
[16:22:11] running mtxrun --generate ...done
[16:22:13] running context --generate --luatex ...done
pre-generating all format files, be patient...
[16:22:28] running fmtutil-sys --no-error-if-no-engine=luametatex,luajithbtex,luajittex,mfluajit,xetex --all ...done
[16:26:08] running package-specific postactions
������ 3 ���ļ�
������ 1 ���ļ�
Running fc-cache -v -r
[16:26:47] finished with package-specific postactions
��ӭ���� TeX Live �����磡
����� F:/AcademicHub/texlive/2026/index.html ��ȡ�ĵ����ӡ�

TeX Live ��վ (https://tug.org/texlive/) �ṩ���и���
�͸�����TeX Live ��������� TeX �û����������Ŀ��
�뿼�Ǽ������ʺ�����Ⱥ����֧������Ⱥ���б����� 
https://tug.org/usergroups.html ���ҵ���

Logfile: F:/AcademicHub/texlive/2026/install-tl.log

Summary of warnings (see log file):
Cannot open tlaunch.ini for reading

 ----------------------------------------------------------------------
 The following environment variables contain the string "tex"
 (case-independent).  If you're doing anything but adding personal
 directories to the system paths, they may well cause trouble somewhere
 while running TeX.  If you encounter problems, try unsetting them.
 
 Please ignore spurious matches unrelated to TeX. (To omit this check,
 set the environment variable TEXLIVE_INSTALL_ENV_NOCHECK.)

    HTTPS_CA_FILE=F:/AcademicHub/texlive/_installer/install-tl-20260910/tlpkg/installer/curl/curl-ca-bundle.crt
 ----------------------------------------------------------------------
==> 复检
XeTeX 3.141592653-2.6-0.999998 (TeX Live 2026)
kpathsea version 6.4.2
Latexmk, John Collins, 9 March 2026. Version 4.88
BibTeX 0.99e (TeX Live 2026)
kpathsea version 6.4.2
TEXLIVE_INSTALL_DONE
